Starting ChromeDriver 142.0.7444.59 (4b8153ab58d3c3f4c9f7e4baad9616ecf80db5fa-refs/branch-heads/7444_52@{#4}) on port 9515
Only local connections are allowed.
Please see https://chromedriver.chromium.org/security-considerations for suggestions on keeping ChromeDriver safe.
ChromeDriver was started successfully on port 9515.
[1762356486.096][INFO]: [4fb7047454e10517427241b4800df23c] COMMAND InitSession {
   "capabilities": {
      "alwaysMatch": {
         "browserName": "chrome",
         "goog:chromeOptions": {
         }
      },
      "firstMatch": [ {
      } ]
   }
}
[1762356486.096][INFO]: Browser search. Trying... /home/danlois/Development/Proyectos/En Desarrollo/portaflio-v3/node_modules/.pnpm/chromedriver@142.0.0/node_modules/chromedriver/lib/chromedriver/chrome
[1762356486.096][INFO]: Browser search. Trying... /home/danlois/Development/Proyectos/En Desarrollo/portaflio-v3/node_modules/.pnpm/chromedriver@142.0.0/node_modules/chromedriver/lib/chromedriver/chrome
[1762356486.096][INFO]: Browser search. Trying... /home/danlois/Development/Proyectos/En Desarrollo/portaflio-v3/node_modules/.pnpm/chromedriver@142.0.0/node_modules/chromedriver/lib/chromedriver/google-chrome
[1762356486.096][INFO]: Browser search. Trying... /home/danlois/Development/Proyectos/En Desarrollo/portaflio-v3/node_modules/.pnpm/chromedriver@142.0.0/node_modules/chromedriver/lib/chromedriver/chromium
[1762356486.096][INFO]: Browser search. Trying... /home/danlois/Development/Proyectos/En Desarrollo/portaflio-v3/node_modules/.pnpm/chromedriver@142.0.0/node_modules/chromedriver/lib/chromedriver/chromium-browser
[1762356486.096][INFO]: Browser search. Trying... /usr/local/sbin/chrome
[1762356486.096][INFO]: Browser search. Trying... /usr/local/bin/chrome
[1762356486.096][INFO]: Browser search. Trying... /usr/sbin/chrome
[1762356486.096][INFO]: Browser search. Trying... /usr/bin/chrome
[1762356486.096][INFO]: Browser search. Trying... /sbin/chrome
[1762356486.096][INFO]: Browser search. Trying... /bin/chrome
[1762356486.096][INFO]: Browser search. Trying... /opt/google/chrome/chrome
[1762356486.096][INFO]: Browser search. Found at  /opt/google/chrome/chrome
[1762356486.096][INFO]: Populating Preferences file: {
   "alternate_error_pages": {
      "enabled": false
   },
   "autofill": {
      "enabled": false
   },
   "browser": {
      "check_default_browser": false
   },
   "distribution": {
      "import_bookmarks": false,
      "import_history": false,
      "import_search_engine": false,
      "make_chrome_default_for_user": false,
      "skip_first_run_ui": true
   },
   "dns_prefetching": {
      "enabled": false
   },
   "profile": {
      "content_settings": {
         "pattern_pairs": {
            "https://*,*": {
               "media-stream": {
                  "audio": "Default",
                  "video": "Default"
               }
            }
         }
      },
      "default_content_setting_values": {
         "geolocation": 1
      },
      "default_content_settings": {
         "geolocation": 1,
         "mouselock": 1,
         "notifications": 1,
         "popups": 1,
         "ppapi-broker": 1
      },
      "password_manager_enabled": false
   },
   "safebrowsing": {
      "enabled": false
   },
   "search": {
      "suggest_enabled": false
   },
   "translate": {
      "enabled": false
   }
}
[1762356486.096][INFO]: Populating Local State file: {
   "background_mode": {
      "enabled": false
   },
   "ssl": {
      "rev_checking": {
         "enabled": false
      }
   }
}
[1762356486.096][INFO]: ChromeDriver supports communication with Chrome via pipes. This is more reliable and more secure.
[1762356486.096][INFO]: Use the --remote-debugging-pipe Chrome switch instead of the default --remote-debugging-port to enable this communication mode.
[1762356486.096][INFO]: Launching chrome: /opt/google/chrome/chrome --allow-pre-commit-input --disable-background-networking --disable-client-side-phishing-detection --disable-default-apps --disable-features=IgnoreDuplicateNavs,Prewarm --disable-hang-monitor --disable-popup-blocking --disable-prompt-on-repost --disable-sync --enable-automation --enable-logging=stderr --log-level=0 --no-first-run --no-service-autorun --password-store=basic --remote-debugging-port=0 --test-type=webdriver --use-mock-keychain --user-data-dir=/tmp/.org.chromium.Chromium.scoped_dir.lfWJ5T data:,
[1105/162806.106684:WARNING:chrome/app/chrome_main_linux.cc:82] Read channel stable from /opt/google/chrome/CHROME_VERSION_EXTRA
[65408:65408:1105/162806.175689:INFO:components/enterprise/browser/controller/chrome_browser_cloud_management_controller.cc:206] No machine level policy manager exists.

DevTools listening on ws://127.0.0.1:42489/devtools/browser/dbd13d3b-6593-49d9-b699-013f1267169e
[65447:65447:1105/162806.246683:ERROR:media/gpu/vaapi/vaapi_wrapper.cc:1653] Installed VAAPI version is too old. min supported version: 1.17 installed version: 1.14
[1762356486.253][DEBUG]: DevTools HTTP Request: http://localhost:42489/json/version
[65447:65447:1105/162806.254419:WARNING:sandbox/policy/linux/sandbox_linux.cc:404] InitializeSandbox() called with multiple threads in process gpu-process.
[1762356486.290][DEBUG]: DevTools HTTP Response: {
   "Browser": "Chrome/142.0.7444.59",
   "Protocol-Version": "1.3",
   "User-Agent": "Mozilla/5.0 (X11; Linux x86_64) AppleWebKit/537.36 (KHTML, like Gecko) Chrome/142.0.0.0 Safari/537.36",
   "V8-Version": "14.2.231.14",
   "WebKit-Version": "537.36 (@4b8153ab58d3c3f4c9f7e4baad9616ecf80db5fa)",
   "webSocketDebuggerUrl": "ws://localhost:42489/devtools/browser/dbd13d3b-6593-49d9-b699-013f1267169e"
}

[1762356486.290][DEBUG]: DevTools HTTP Request: http://localhost:42489/json/list
[1762356486.329][DEBUG]: DevTools HTTP Response: [ {
   "description": "",
   "devtoolsFrontendUrl": "https://chrome-devtools-frontend.appspot.com/serve_rev/@4b8153ab58d3c3f4c9f7e4baad9616ecf80db5fa/inspector.html?ws=localhost:42489/devtools/page/42C616D140C89C9FBC63000B562B7FD5",
   "id": "42C616D140C89C9FBC63000B562B7FD5",
   "title": "",
   "type": "page",
   "url": "data:,",
   "webSocketDebuggerUrl": "ws://localhost:42489/devtools/page/42C616D140C89C9FBC63000B562B7FD5"
} ]

[1762356486.329][INFO]: resolved localhost to ["127.0.0.1"]
[1762356486.333][DEBUG]: DevTools WebSocket Command: Target.getTargets (id=1) (session_id=) browser {
   "filter": [ {
      "exclude": true,
      "type": "browser"
   }, {
      "exclude": true,
      "type": "page"
   }, {
      "exclude": false
   } ]
}
[1762356486.337][DEBUG]: DevTools WebSocket Response: Target.getTargets (id=1) (session_id=) browser {
   "targetInfos": [ {
      "attached": false,
      "browserContextId": "AF93EC8CD9DAD6B0900FC511BB7F51EC",
      "canAccessOpener": false,
      "targetId": "D69433F8B93ACCDF684B3B1F1AA14DA3",
      "title": "",
      "type": "tab",
      "url": "data:,"
   } ]
}
[1762356486.337][DEBUG]: DevTools WebSocket Command: Target.attachToTarget (id=2) (session_id=) browser {
   "flatten": true,
   "targetId": "D69433F8B93ACCDF684B3B1F1AA14DA3"
}
[1762356486.389][DEBUG]: DevTools WebSocket Event: Target.attachedToTarget (session_id=) browser {
   "sessionId": "137E30DA6F34C6B931299786438F29BD",
   "targetInfo": {
      "attached": true,
      "browserContextId": "AF93EC8CD9DAD6B0900FC511BB7F51EC",
      "canAccessOpener": false,
      "targetId": "D69433F8B93ACCDF684B3B1F1AA14DA3",
      "title": "",
      "type": "tab",
      "url": "data:,"
   },
   "waitingForDebugger": false
}
[1762356486.389][DEBUG]: DevTools WebSocket Response: Target.attachToTarget (id=2) (session_id=) browser {
   "sessionId": "137E30DA6F34C6B931299786438F29BD"
}
[1762356486.389][DEBUG]: DevTools WebSocket Command: Target.setAutoAttach (id=3) (session_id=137E30DA6F34C6B931299786438F29BD) D69433F8B93ACCDF684B3B1F1AA14DA3 {
   "autoAttach": true,
   "flatten": true,
   "waitForDebuggerOnStart": false
}
[65408:65408:1105/162806.389854:WARNING:ui/base/idle/idle_linux.cc:98] None of the known D-Bus ScreenSaver services could be used.
[1762356486.390][DEBUG]: DevTools WebSocket Event: Target.attachedToTarget (session_id=137E30DA6F34C6B931299786438F29BD) D69433F8B93ACCDF684B3B1F1AA14DA3 {
   "sessionId": "FF176FC0EA54D69F254130271142907E",
   "targetInfo": {
      "attached": true,
      "browserContextId": "AF93EC8CD9DAD6B0900FC511BB7F51EC",
      "canAccessOpener": false,
      "targetId": "42C616D140C89C9FBC63000B562B7FD5",
      "title": "",
      "type": "page",
      "url": "data:,"
   },
   "waitingForDebugger": false
}
[1762356486.390][DEBUG]: DevTools WebSocket Command: Page.enable (id=4) (session_id=FF176FC0EA54D69F254130271142907E) 42C616D140C89C9FBC63000B562B7FD5 {
}
[1762356486.390][DEBUG]: DevTools WebSocket Command: Page.addScriptToEvaluateOnNewDocument (id=5) (session_id=FF176FC0EA54D69F254130271142907E) 42C616D140C89C9FBC63000B562B7FD5 {
   "source": "(function () {window.cdc_adoQpoasnfa76pfcZLmcfl_Array = window.Array;window.cdc_adoQpoasnfa76pfcZLmcfl_Object = window.Object;window.cdc_adoQpoasnfa76pfcZLmcfl_Promise = window.Promise;window.cdc_a..."
}
[1762356486.391][DEBUG]: DevTools WebSocket Command: Runtime.evaluate (id=6) (session_id=FF176FC0EA54D69F254130271142907E) 42C616D140C89C9FBC63000B562B7FD5 {
   "expression": "(function () {window.cdc_adoQpoasnfa76pfcZLmcfl_Array = window.Array;window.cdc_adoQpoasnfa76pfcZLmcfl_Object = window.Object;window.cdc_adoQpoasnfa76pfcZLmcfl_Promise = window.Promise;window.cdc_a..."
}
[1762356486.391][DEBUG]: DevTools WebSocket Command: Log.enable (id=7) (session_id=FF176FC0EA54D69F254130271142907E) 42C616D140C89C9FBC63000B562B7FD5 {
}
[1762356486.391][DEBUG]: DevTools WebSocket Command: Target.setAutoAttach (id=8) (session_id=FF176FC0EA54D69F254130271142907E) 42C616D140C89C9FBC63000B562B7FD5 {
   "autoAttach": true,
   "flatten": true,
   "waitForDebuggerOnStart": false
}
[1762356486.391][DEBUG]: DevTools WebSocket Response: Target.setAutoAttach (id=3) (session_id=137E30DA6F34C6B931299786438F29BD) D69433F8B93ACCDF684B3B1F1AA14DA3 {
}
[1762356486.394][DEBUG]: DevTools WebSocket Event: Page.frameStoppedLoading (session_id=FF176FC0EA54D69F254130271142907E) 42C616D140C89C9FBC63000B562B7FD5 {
   "frameId": "42C616D140C89C9FBC63000B562B7FD5"
}
[1762356486.395][DEBUG]: DevTools WebSocket Response: Page.enable (id=4) (session_id=FF176FC0EA54D69F254130271142907E) 42C616D140C89C9FBC63000B562B7FD5 {
}
[1762356486.395][DEBUG]: DevTools WebSocket Response: Page.addScriptToEvaluateOnNewDocument (id=5) (session_id=FF176FC0EA54D69F254130271142907E) 42C616D140C89C9FBC63000B562B7FD5 {
   "identifier": "1"
}
[1762356486.395][DEBUG]: DevTools WebSocket Response: Runtime.evaluate (id=6) (session_id=FF176FC0EA54D69F254130271142907E) 42C616D140C89C9FBC63000B562B7FD5 {
   "result": {
      "type": "undefined"
   }
}
[1762356486.395][DEBUG]: DevTools WebSocket Response: Log.enable (id=7) (session_id=FF176FC0EA54D69F254130271142907E) 42C616D140C89C9FBC63000B562B7FD5 {
}
[1762356486.395][DEBUG]: DevTools WebSocket Response: Target.setAutoAttach (id=8) (session_id=FF176FC0EA54D69F254130271142907E) 42C616D140C89C9FBC63000B562B7FD5 {
}
[1762356486.395][DEBUG]: DevTools WebSocket Command: Runtime.enable (id=9) (session_id=FF176FC0EA54D69F254130271142907E) 42C616D140C89C9FBC63000B562B7FD5 {
}
[1762356486.398][DEBUG]: DevTools WebSocket Event: Runtime.executionContextCreated (session_id=FF176FC0EA54D69F254130271142907E) 42C616D140C89C9FBC63000B562B7FD5 {
   "context": {
      "auxData": {
         "frameId": "42C616D140C89C9FBC63000B562B7FD5",
         "isDefault": true,
         "type": "default"
      },
      "id": 1,
      "name": "",
      "origin": "://",
      "uniqueId": "-2684083365979493666.-7562501049420602420"
   }
}
[1762356486.398][DEBUG]: DevTools WebSocket Response: Runtime.enable (id=9) (session_id=FF176FC0EA54D69F254130271142907E) 42C616D140C89C9FBC63000B562B7FD5 {
}
[1762356486.398][DEBUG]: DevTools WebSocket Command: Runtime.enable (id=10) (session_id=FF176FC0EA54D69F254130271142907E) 42C616D140C89C9FBC63000B562B7FD5 {
}
[1762356486.398][DEBUG]: DevTools WebSocket Response: Runtime.enable (id=10) (session_id=FF176FC0EA54D69F254130271142907E) 42C616D140C89C9FBC63000B562B7FD5 {
}
[1762356486.398][INFO]: [4fb7047454e10517427241b4800df23c] RESPONSE InitSession {
   "capabilities": {
      "acceptInsecureCerts": false,
      "browserName": "chrome",
      "browserVersion": "142.0.7444.59",
      "chrome": {
         "chromedriverVersion": "142.0.7444.59 (4b8153ab58d3c3f4c9f7e4baad9616ecf80db5fa-refs/branch-heads/7444_52@{#4})",
         "userDataDir": "/tmp/.org.chromium.Chromium.scoped_dir.lfWJ5T"
      },
      "fedcm:accounts": true,
      "goog:chromeOptions": {
         "debuggerAddress": "localhost:42489"
      },
      "goog:processID": 65408,
      "networkConnectionEnabled": false,
      "pageLoadStrategy": "normal",
      "platformName": "linux",
      "proxy": {
      },
      "setWindowRect": true,
      "strictFileInteractability": false,
      "timeouts": {
         "implicit": 0,
         "pageLoad": 300000,
         "script": 30000
      },
      "unhandledPromptBehavior": "dismiss and notify",
      "webauthn:extension:credBlob": true,
      "webauthn:extension:largeBlob": true,
      "webauthn:extension:minPinLength": true,
      "webauthn:extension:prf": true,
      "~~~": "..."
   },
   "sessionId": "4fb7047454e10517427241b4800df23c"
}
[1762356486.410][INFO]: [4fb7047454e10517427241b4800df23c] COMMAND Navigate {
   "url": "https://duckduckgo.com"
}
[1762356486.410][INFO]: Waiting for pending navigations...
[1762356486.410][DEBUG]: DevTools WebSocket Command: Runtime.evaluate (id=11) (session_id=FF176FC0EA54D69F254130271142907E) 42C616D140C89C9FBC63000B562B7FD5 {
   "expression": "1"
}
[1762356486.410][DEBUG]: DevTools WebSocket Response: Runtime.evaluate (id=11) (session_id=FF176FC0EA54D69F254130271142907E) 42C616D140C89C9FBC63000B562B7FD5 {
   "result": {
      "description": "1",
      "type": "number",
      "value": 1
   }
}
[1762356486.410][INFO]: Done waiting for pending navigations. Status: ok
[1762356486.410][DEBUG]: DevTools WebSocket Command: Page.navigate (id=12) (session_id=FF176FC0EA54D69F254130271142907E) 42C616D140C89C9FBC63000B562B7FD5 {
   "url": "https://duckduckgo.com"
}
[1762356486.411][DEBUG]: DevTools WebSocket Event: Page.frameStartedNavigating (session_id=FF176FC0EA54D69F254130271142907E) 42C616D140C89C9FBC63000B562B7FD5 {
   "frameId": "42C616D140C89C9FBC63000B562B7FD5",
   "loaderId": "67CA4C2FEB986CE08D6B3D2BD7D3DB5F",
   "navigationType": "differentDocument",
   "url": "https://duckduckgo.com/"
}
[1762356486.412][DEBUG]: DevTools WebSocket Event: Page.frameStartedLoading (session_id=FF176FC0EA54D69F254130271142907E) 42C616D140C89C9FBC63000B562B7FD5 {
   "frameId": "42C616D140C89C9FBC63000B562B7FD5"
}
[1762356486.620][DEBUG]: DevTools WebSocket Response: Page.navigate (id=12) (session_id=FF176FC0EA54D69F254130271142907E) 42C616D140C89C9FBC63000B562B7FD5 {
   "frameId": "42C616D140C89C9FBC63000B562B7FD5",
   "isDownload": false,
   "loaderId": "67CA4C2FEB986CE08D6B3D2BD7D3DB5F"
}
[1762356486.620][INFO]: Waiting for pending navigations...
[1762356486.620][DEBUG]: DevTools WebSocket Command: Runtime.evaluate (id=13) (session_id=FF176FC0EA54D69F254130271142907E) 42C616D140C89C9FBC63000B562B7FD5 {
   "expression": "1"
}
[1762356486.621][DEBUG]: DevTools WebSocket Event: Runtime.executionContextsCleared (session_id=FF176FC0EA54D69F254130271142907E) 42C616D140C89C9FBC63000B562B7FD5 {
}
[1762356486.621][DEBUG]: DevTools WebSocket Event: Runtime.executionContextsCleared (session_id=FF176FC0EA54D69F254130271142907E) 42C616D140C89C9FBC63000B562B7FD5 {
}
[1762356486.621][DEBUG]: DevTools WebSocket Event: Page.frameNavigated (session_id=FF176FC0EA54D69F254130271142907E) 42C616D140C89C9FBC63000B562B7FD5 {
   "frame": {
      "adFrameStatus": {
         "adFrameType": "none"
      },
      "crossOriginIsolatedContextType": "NotIsolated",
      "domainAndRegistry": "duckduckgo.com",
      "gatedAPIFeatures": [  ],
      "id": "42C616D140C89C9FBC63000B562B7FD5",
      "loaderId": "67CA4C2FEB986CE08D6B3D2BD7D3DB5F",
      "mimeType": "text/html",
      "secureContextType": "Secure",
      "securityOrigin": "https://duckduckgo.com",
      "securityOriginDetails": {
         "isLocalhost": false
      },
      "url": "https://duckduckgo.com/"
   },
   "type": "Navigation"
}
[1762356486.627][DEBUG]: DevTools WebSocket Event: Runtime.executionContextCreated (session_id=FF176FC0EA54D69F254130271142907E) 42C616D140C89C9FBC63000B562B7FD5 {
   "context": {
      "auxData": {
         "frameId": "42C616D140C89C9FBC63000B562B7FD5",
         "isDefault": true,
         "type": "default"
      },
      "id": 1,
      "name": "",
      "origin": "https://duckduckgo.com",
      "uniqueId": "-2927379068916719834.-7165599226159779047"
   }
}
[1762356486.629][DEBUG]: DevTools WebSocket Response: Runtime.evaluate (id=13) (session_id=FF176FC0EA54D69F254130271142907E) 42C616D140C89C9FBC63000B562B7FD5 {
   "result": {
      "description": "1",
      "type": "number",
      "value": 1
   }
}
[1762356486.839][DEBUG]: DevTools WebSocket Event: Page.frameResized (session_id=FF176FC0EA54D69F254130271142907E) 42C616D140C89C9FBC63000B562B7FD5 {
}
[1762356486.839][DEBUG]: DevTools WebSocket Command: Runtime.evaluate (id=14) (session_id=FF176FC0EA54D69F254130271142907E) 42C616D140C89C9FBC63000B562B7FD5 {
   "expression": "1"
}
[1762356486.868][DEBUG]: DevTools WebSocket Event: Page.navigatedWithinDocument (session_id=FF176FC0EA54D69F254130271142907E) 42C616D140C89C9FBC63000B562B7FD5 {
   "frameId": "42C616D140C89C9FBC63000B562B7FD5",
   "navigationType": "historyApi",
   "url": "https://duckduckgo.com/"
}
[1762356486.868][DEBUG]: DevTools WebSocket Response: Runtime.evaluate (id=14) (session_id=FF176FC0EA54D69F254130271142907E) 42C616D140C89C9FBC63000B562B7FD5 {
   "result": {
      "description": "1",
      "type": "number",
      "value": 1
   }
}
[1762356486.969][DEBUG]: DevTools WebSocket Event: Page.navigatedWithinDocument (session_id=FF176FC0EA54D69F254130271142907E) 42C616D140C89C9FBC63000B562B7FD5 {
   "frameId": "42C616D140C89C9FBC63000B562B7FD5",
   "navigationType": "historyApi",
   "url": "https://duckduckgo.com/"
}
[1762356486.969][DEBUG]: DevTools WebSocket Event: Page.domContentEventFired (session_id=FF176FC0EA54D69F254130271142907E) 42C616D140C89C9FBC63000B562B7FD5 {
   "timestamp": 2979.109729
}
[1762356486.969][DEBUG]: DevTools WebSocket Event: Page.loadEventFired (session_id=FF176FC0EA54D69F254130271142907E) 42C616D140C89C9FBC63000B562B7FD5 {
   "timestamp": 2979.109886
}
[1762356486.969][DEBUG]: DevTools WebSocket Command: Runtime.evaluate (id=15) (session_id=FF176FC0EA54D69F254130271142907E) 42C616D140C89C9FBC63000B562B7FD5 {
   "awaitPromise": false,
   "expression": "document.readyState",
   "returnByValue": true,
   "uniqueContextId": "-2927379068916719834.-7165599226159779047"
}
[1762356486.969][DEBUG]: DevTools WebSocket Event: Page.frameStoppedLoading (session_id=FF176FC0EA54D69F254130271142907E) 42C616D140C89C9FBC63000B562B7FD5 {
   "frameId": "42C616D140C89C9FBC63000B562B7FD5"
}
[65408:65408:1105/162807.028355:INFO:CONSOLE:14] "A preload for 'https://duckduckgo.com/country.json' is found, but is not used because the request credentials mode does not match. Consider taking a look at crossorigin attribute.", source: https://duckduckgo.com/_next/static/chunks/pages/_app-9403454ba8cb6b9d.js (14)
[1762356487.029][DEBUG]: DevTools WebSocket Event: Log.entryAdded (session_id=FF176FC0EA54D69F254130271142907E) 42C616D140C89C9FBC63000B562B7FD5 {
   "entry": {
      "level": "warning",
      "lineNumber": 13,
      "source": "other",
      "stackTrace": {
         "callFrames": [ {
            "columnNumber": 215883,
            "functionName": "o",
            "lineNumber": 13,
            "scriptId": "12",
            "url": "https://duckduckgo.com/_next/static/chunks/pages/_app-9403454ba8cb6b9d.js"
         }, {
            "columnNumber": 268771,
            "functionName": "",
            "lineNumber": 13,
            "scriptId": "12",
            "url": "https://duckduckgo.com/_next/static/chunks/pages/_app-9403454ba8cb6b9d.js"
         }, {
            "columnNumber": 197142,
            "functionName": "",
            "lineNumber": 13,
            "scriptId": "12",
            "url": "https://duckduckgo.com/_next/static/chunks/pages/_app-9403454ba8cb6b9d.js"
         }, {
            "columnNumber": 198325,
            "functionName": "",
            "lineNumber": 13,
            "scriptId": "12",
            "url": "https://duckduckgo.com/_next/static/chunks/pages/_app-9403454ba8cb6b9d.js"
         }, {
            "columnNumber": 86759,
            "functionName": "oq",
            "lineNumber": 0,
            "scriptId": "10",
            "url": "https://duckduckgo.com/_next/static/chunks/framework-676ac3c731e183b1.js"
         }, {
            "columnNumber": 91841,
            "functionName": "ie",
            "lineNumber": 0,
            "scriptId": "10",
            "url": "https://duckduckgo.com/_next/static/chunks/framework-676ac3c731e183b1.js"
         }, {
            "columnNumber": 101620,
            "functionName": "ip",
            "lineNumber": 0,
            "scriptId": "10",
            "url": "https://duckduckgo.com/_next/static/chunks/framework-676ac3c731e183b1.js"
         }, {
            "columnNumber": 92372,
            "functionName": "ie",
            "lineNumber": 0,
            "scriptId": "10",
            "url": "https://duckduckgo.com/_next/static/chunks/framework-676ac3c731e183b1.js"
         }, {
            "columnNumber": 101620,
            "functionName": "ip",
            "lineNumber": 0,
            "scriptId": "10",
            "url": "https://duckduckgo.com/_next/static/chunks/framework-676ac3c731e183b1.js"
         }, {
            "columnNumber": 92372,
            "functionName": "ie",
            "lineNumber": 0,
            "scriptId": "10",
            "url": "https://duckduckgo.com/_next/static/chunks/framework-676ac3c731e183b1.js"
         }, {
            "columnNumber": 101620,
            "functionName": "ip",
            "lineNumber": 0,
            "scriptId": "10",
            "url": "https://duckduckgo.com/_next/static/chunks/framework-676ac3c731e183b1.js"
         }, {
            "columnNumber": 91828,
            "functionName": "ie",
            "lineNumber": 0,
            "scriptId": "10",
            "url": "https://duckduckgo.com/_next/static/chunks/framework-676ac3c731e183b1.js"
         }, {
            "columnNumber": 101620,
            "functionName": "ip",
            "lineNumber": 0,
            "scriptId": "10",
            "url": "https://duckduckgo.com/_next/static/chunks/framework-676ac3c731e183b1.js"
         }, {
            "columnNumber": 92372,
            "functionName": "ie",
            "lineNumber": 0,
            "scriptId": "10",
            "url": "https://duckduckgo.com/_next/static/chunks/framework-676ac3c731e183b1.js"
         }, {
            "columnNumber": 101620,
            "functionName": "ip",
            "lineNumber": 0,
            "scriptId": "10",
            "url": "https://duckduckgo.com/_next/static/chunks/framework-676ac3c731e183b1.js"
         }, {
            "columnNumber": 91828,
            "functionName": "ie",
            "lineNumber": 0,
            "scriptId": "10",
            "url": "https://duckduckgo.com/_next/static/chunks/framework-676ac3c731e183b1.js"
         }, {
            "columnNumber": 101620,
            "functionName": "ip",
            "lineNumber": 0,
            "scriptId": "10",
            "url": "https://duckduckgo.com/_next/static/chunks/framework-676ac3c731e183b1.js"
         }, {
            "columnNumber": 92372,
            "functionName": "ie",
            "lineNumber": 0,
            "scriptId": "10",
            "url": "https://duckduckgo.com/_next/static/chunks/framework-676ac3c731e183b1.js"
         }, {
            "columnNumber": 101620,
            "functionName": "ip",
            "lineNumber": 0,
            "scriptId": "10",
            "url": "https://duckduckgo.com/_next/static/chunks/framework-676ac3c731e183b1.js"
         }, "..." ]
      },
      "text": "A preload for 'https://duckduckgo.com/country.json' is found, but is not used because the request credentials mode does not match. Consider taking a look at crossorigin attribute.",
      "timestamp": 1.762356487028109e+12,
      "url": "https://duckduckgo.com/_next/static/chunks/pages/_app-9403454ba8cb6b9d.js"
   }
}
[1762356487.095][DEBUG]: DevTools WebSocket Response: Runtime.evaluate (id=15) (session_id=FF176FC0EA54D69F254130271142907E) 42C616D140C89C9FBC63000B562B7FD5 {
   "result": {
      "type": "string",
      "value": "complete"
   }
}
[1762356487.095][DEBUG]: DevTools WebSocket Command: Runtime.evaluate (id=16) (session_id=FF176FC0EA54D69F254130271142907E) 42C616D140C89C9FBC63000B562B7FD5 {
   "expression": "1"
}
[1762356487.120][DEBUG]: DevTools WebSocket Response: Runtime.evaluate (id=16) (session_id=FF176FC0EA54D69F254130271142907E) 42C616D140C89C9FBC63000B562B7FD5 {
   "result": {
      "description": "1",
      "type": "number",
      "value": 1
   }
}
[1762356487.120][INFO]: Done waiting for pending navigations. Status: ok
[1762356487.120][INFO]: [4fb7047454e10517427241b4800df23c] RESPONSE Navigate
[1762356487.128][INFO]: [4fb7047454e10517427241b4800df23c] COMMAND FindElements {
   "using": "css selector",
   "value": "input[name=q]"
}
[1762356487.128][DEBUG]: DevTools WebSocket Event: Page.frameResized (session_id=FF176FC0EA54D69F254130271142907E) 42C616D140C89C9FBC63000B562B7FD5 {
}
[1762356487.128][INFO]: Waiting for pending navigations...
[1762356487.128][DEBUG]: DevTools WebSocket Command: Runtime.evaluate (id=17) (session_id=FF176FC0EA54D69F254130271142907E) 42C616D140C89C9FBC63000B562B7FD5 {
   "expression": "1"
}
[1762356487.144][DEBUG]: DevTools WebSocket Response: Runtime.evaluate (id=17) (session_id=FF176FC0EA54D69F254130271142907E) 42C616D140C89C9FBC63000B562B7FD5 {
   "result": {
      "description": "1",
      "type": "number",
      "value": 1
   }
}
[1762356487.144][INFO]: Done waiting for pending navigations. Status: ok
[1762356487.144][DEBUG]: DevTools WebSocket Command: Page.getFrameTree (id=18) (session_id=FF176FC0EA54D69F254130271142907E) 42C616D140C89C9FBC63000B562B7FD5 {
}
[1762356487.146][DEBUG]: DevTools WebSocket Response: Page.getFrameTree (id=18) (session_id=FF176FC0EA54D69F254130271142907E) 42C616D140C89C9FBC63000B562B7FD5 {
   "frameTree": {
      "frame": {
         "adFrameStatus": {
            "adFrameType": "none"
         },
         "crossOriginIsolatedContextType": "NotIsolated",
         "domainAndRegistry": "duckduckgo.com",
         "gatedAPIFeatures": [  ],
         "id": "42C616D140C89C9FBC63000B562B7FD5",
         "loaderId": "67CA4C2FEB986CE08D6B3D2BD7D3DB5F",
         "mimeType": "text/html",
         "secureContextType": "Secure",
         "securityOrigin": "https://duckduckgo.com",
         "securityOriginDetails": {
            "isLocalhost": false
         },
         "url": "https://duckduckgo.com/"
      }
   }
}
[1762356487.146][DEBUG]: DevTools WebSocket Command: Page.getFrameTree (id=19) (session_id=FF176FC0EA54D69F254130271142907E) 42C616D140C89C9FBC63000B562B7FD5 {
}
[1762356487.146][DEBUG]: DevTools WebSocket Response: Page.getFrameTree (id=19) (session_id=FF176FC0EA54D69F254130271142907E) 42C616D140C89C9FBC63000B562B7FD5 {
   "frameTree": {
      "frame": {
         "adFrameStatus": {
            "adFrameType": "none"
         },
         "crossOriginIsolatedContextType": "NotIsolated",
         "domainAndRegistry": "duckduckgo.com",
         "gatedAPIFeatures": [  ],
         "id": "42C616D140C89C9FBC63000B562B7FD5",
         "loaderId": "67CA4C2FEB986CE08D6B3D2BD7D3DB5F",
         "mimeType": "text/html",
         "secureContextType": "Secure",
         "securityOrigin": "https://duckduckgo.com",
         "securityOriginDetails": {
            "isLocalhost": false
         },
         "url": "https://duckduckgo.com/"
      }
   }
}
[1762356487.147][DEBUG]: DevTools WebSocket Command: Runtime.callFunctionOn (id=20) (session_id=FF176FC0EA54D69F254130271142907E) 42C616D140C89C9FBC63000B562B7FD5 {
   "arguments": [  ],
   "awaitPromise": true,
   "functionDeclaration": "function(){ return (function() { // Copyright 2012 The Chromium Authors\n// Use of this source code is governed by a BSD-style license that can be\n// found in the LICENSE file.\n\n/**\n * Enum for WebD...",
   "serializationOptions": {
      "serialization": "deep"
   },
   "uniqueContextId": "-2927379068916719834.-7165599226159779047"
}
[1762356487.152][DEBUG]: DevTools WebSocket Response: Runtime.callFunctionOn (id=20) (session_id=FF176FC0EA54D69F254130271142907E) 42C616D140C89C9FBC63000B562B7FD5 {
   "result": {
      "className": "Array",
      "deepSerializedValue": {
         "type": "array",
         "value": [ {
            "type": "string",
            "value": "{\"status\":0,\"value\":[{\"element-6066-11e4-a52e-4f735466cecf\":0}]}"
         }, {
            "type": "node",
            "value": {
               "attributes": {
                  "aria-autocomplete": "both",
                  "aria-controls": "listbox--«rk»",
                  "aria-expanded": "true",
                  "aria-haspopup": "listbox",
                  "aria-label": "Search with DuckDuckGo",
                  "autocapitalize": "none",
                  "autocomplete": "off",
                  "autocorrect": "off",
                  "class": "searchbox_input__rnFzM",
                  "data-reach-combobox-input": "",
                  "data-state": "suggesting",
                  "id": "searchbox_input",
                  "minlength": "1",
                  "name": "q",
                  "placeholder": "Haz búsquedas sin que te rastreen",
                  "required": "",
                  "role": "combobox",
                  "type": "text",
                  "value": ""
               },
               "backendNodeId": 3,
               "childNodeCount": 0,
               "loaderId": "67CA4C2FEB986CE08D6B3D2BD7D3DB5F",
               "localName": "input",
               "namespaceURI": "http://www.w3.org/1999/xhtml",
               "nodeType": 1,
               "shadowRoot": {
                  "type": "node",
                  "value": {
                     "backendNodeId": 32,
                     "childNodeCount": 2,
                     "loaderId": "67CA4C2FEB986CE08D6B3D2BD7D3DB5F",
                     "mode": "closed",
                     "nodeType": 11
                  }
               }
            }
         } ]
      },
      "description": "Array(2)",
      "objectId": "3199067383670679968.1.1",
      "subtype": "array",
      "type": "object"
   }
}
[1762356487.152][INFO]: Waiting for pending navigations...
[1762356487.152][DEBUG]: DevTools WebSocket Command: Runtime.evaluate (id=21) (session_id=FF176FC0EA54D69F254130271142907E) 42C616D140C89C9FBC63000B562B7FD5 {
   "expression": "1"
}
[1762356487.152][DEBUG]: DevTools WebSocket Response: Runtime.evaluate (id=21) (session_id=FF176FC0EA54D69F254130271142907E) 42C616D140C89C9FBC63000B562B7FD5 {
   "result": {
      "description": "1",
      "type": "number",
      "value": 1
   }
}
[1762356487.152][INFO]: Done waiting for pending navigations. Status: ok
[1762356487.152][INFO]: [4fb7047454e10517427241b4800df23c] RESPONSE FindElements [ {
   "element-6066-11e4-a52e-4f735466cecf": "f.42C616D140C89C9FBC63000B562B7FD5.d.67CA4C2FEB986CE08D6B3D2BD7D3DB5F.e.3"
} ]
[1762356487.154][INFO]: [4fb7047454e10517427241b4800df23c] COMMAND ExecuteScript {
   "args": [ {
      "ELEMENT": "f.42C616D140C89C9FBC63000B562B7FD5.d.67CA4C2FEB986CE08D6B3D2BD7D3DB5F.e.3",
      "element-6066-11e4-a52e-4f735466cecf": "f.42C616D140C89C9FBC63000B562B7FD5.d.67CA4C2FEB986CE08D6B3D2BD7D3DB5F.e.3"
   } ],
   "script": "/* isDisplayed */return (function(){return (function(){var g=this||self;\nfunction aa(a){var b=typeof a;if(\"object\"==b)if(a){if(a instanceof Array)return\"array\";if(a instanceof Object)return b;var c=Object.prototype.toString.call(a);if(\"[object Window]\"==c)return\"object\";if(\"[object Array]\"==c||\"number\"==typeof a.length&&\"undefined\"!=typeof a.splice&&\"undefined\"!=typeof a.propertyIsEnumerable&&!a.propertyIsEnumerable(\"splice\"))return\"array\";if(\"[object Function]\"==c||\"undefined\"!=typeof a.call&&\"undefined\"!=typeof a.propertyIsEnumerable&&!a.propertyIsEnumerable(\"call\"))return\"function\"}else return\"null\";else if(\"function\"==\nb&&\"undefined\"==typeof a.call)return\"object\";return b}function ca(a,b){function c(){}c.prototype=b.prototype;a.prototype=new c;a.prototype.constructor=a};var da=Array.prototype.indexOf?function(a,b){return Array.prototype.indexOf.call(a,b,void 0)}:function(a,b){if(\"string\"===typeof a)return\"string\"!==typeof b||1!=b.length?-1:a.indexOf(b,0);for(var c=0;c\u003Ca.length;c++)if(c in a&&a[c]===b)return c;return-1},ea=Array.prototype.some?function(a,b){return Array.prototype.some.call(a,b,void 0)}:function(a,b){for(var c=a.length,e=\"string\"===typeof a?a.split(\"\"):a,d=0;d\u003Cc;d++)if(d in e&&b.call(void 0,e[d],d,a))return!0;return!1},fa=Array.prototype.every?function(a,\nb){return Array.prototype.every.call(a,b,void 0)}:function(a,b){for(var c=a.length,e=\"string\"===typeof a?a.split(\"\"):a,d=0;d\u003Cc;d++)if(d in e&&!b.call(void 0,e[d],d,a))return!1;return!0};var ha={aliceblue:\"#f0f8ff\",antiquewhite:\"#faebd7\",aqua:\"#00ffff\",aquamarine:\"#7fffd4\",azure:\"#f0ffff\",beige:\"#f5f5dc\",bisque:\"#ffe4c4\",black:\"#000000\",blanchedalmond:\"#ffebcd\",blue:\"#0000ff\",blueviolet:\"#8a2be2\",brown:\"#a52a2a\",burlywood:\"#deb887\",cadetblue:\"#5f9ea0\",chartreuse:\"#7fff00\",chocolate:\"#d2691e\",coral:\"#ff7f50\",cornflowerblue:\"#6495ed\",cornsilk:\"#fff8dc\",crimson:\"#dc143c\",cyan:\"#00ffff\",darkblue:\"#00008b\",darkcyan:\"#008b8b\",darkgoldenrod:\"#b8860b\",darkgray:\"#a9a9a9\",darkgreen:\"#006400\",\ndarkgrey:\"#a9a9a9\",darkkhaki:\"#bdb76b\",darkmagenta:\"#8b008b\",darkolivegreen:\"#556b2f\",darkorange:\"#ff8c00\",darkorchid:\"#9932cc\",darkred:\"#8b0000\",darksalmon:\"#e9967a\",darkseagreen:\"#8fbc8f\",darkslateblue:\"#483d8b\",darkslategray:\"#2f4f4f\",darkslategrey:\"#2f4f4f\",darkturquoise:\"#00ced1\",darkviolet:\"#9400d3\",deeppink:\"#ff1493\",deepskyblue:\"#00bfff\",dimgray:\"#696969\",dimgrey:\"#696969\",dodgerblue:\"#1e90ff\",firebrick:\"#b22222\",floralwhite:\"#fffaf0\",forestgreen:\"#228b22\",fuchsia:\"#ff00ff\",gainsboro:\"#dcdcdc\",\nghostwhite:\"#f8f8ff\",gold:\"#ffd700\",goldenrod:\"#daa520\",gray:\"#808080\",green:\"#008000\",greenyellow:\"#adff2f\",grey:\"#808080\",honeydew:\"#f0fff0\",hotpink:\"#ff69b4\",indianred:\"#cd5c5c\",indigo:\"#4b0082\",ivory:\"#fffff0\",khaki:\"#f0e68c\",lavender:\"#e6e6fa\",lavenderblush:\"#fff0f5\",lawngreen:\"#7cfc00\",lemonchiffon:\"#fffacd\",lightblue:\"#add8e6\",lightcoral:\"#f08080\",lightcyan:\"#e0ffff\",lightgoldenrodyellow:\"#fafad2\",lightgray:\"#d3d3d3\",lightgreen:\"#90ee90\",lightgrey:\"#d3d3d3\",lightpink:\"#ffb6c1\",lightsalmon:\"#ffa07a\",\nlightseagreen:\"#20b2aa\",lightskyblue:\"#87cefa\",lightslategray:\"#778899\",lightslategrey:\"#778899\",lightsteelblue:\"#b0c4de\",lightyellow:\"#ffffe0\",lime:\"#00ff00\",limegreen:\"#32cd32\",linen:\"#faf0e6\",magenta:\"#ff00ff\",maroon:\"#800000\",mediumaquamarine:\"#66cdaa\",mediumblue:\"#0000cd\",mediumorchid:\"#ba55d3\",mediumpurple:\"#9370db\",mediumseagreen:\"#3cb371\",mediumslateblue:\"#7b68ee\",mediumspringgreen:\"#00fa9a\",mediumturquoise:\"#48d1cc\",mediumvioletred:\"#c71585\",midnightblue:\"#191970\",mintcream:\"#f5fffa\",mistyrose:\"#ffe4e1\",\nmoccasin:\"#ffe4b5\",navajowhite:\"#ffdead\",navy:\"#000080\",oldlace:\"#fdf5e6\",olive:\"#808000\",olivedrab:\"#6b8e23\",orange:\"#ffa500\",orangered:\"#ff4500\",orchid:\"#da70d6\",palegoldenrod:\"#eee8aa\",palegreen:\"#98fb98\",paleturquoise:\"#afeeee\",palevioletred:\"#db7093\",papayawhip:\"#ffefd5\",peachpuff:\"#ffdab9\",peru:\"#cd853f\",pink:\"#ffc0cb\",plum:\"#dda0dd\",powderblue:\"#b0e0e6\",purple:\"#800080\",red:\"#ff0000\",rosybrown:\"#bc8f8f\",royalblue:\"#4169e1\",saddlebrown:\"#8b4513\",salmon:\"#fa8072\",sandybrown:\"#f4a460\",seagreen:\"#2e8b57\",\nseashell:\"#fff5ee\",sienna:\"#a0522d\",silver:\"#c0c0c0\",skyblue:\"#87ceeb\",slateblue:\"#6a5acd\",slategray:\"#708090\",slategrey:\"#708090\",snow:\"#fffafa\",springgreen:\"#00ff7f\",steelblue:\"#4682b4\",tan:\"#d2b48c\",teal:\"#008080\",thistle:\"#d8bfd8\",tomato:\"#ff6347\",turquoise:\"#40e0d0\",violet:\"#ee82ee\",wheat:\"#f5deb3\",white:\"#ffffff\",whitesmoke:\"#f5f5f5\",yellow:\"#ffff00\",yellowgreen:\"#9acd32\"};var ia=\"backgroundColor borderTopColor borderRightColor borderBottomColor borderLeftColor color outlineColor\".split(\" \"),ja=/#([0-9a-fA-F])([0-9a-fA-F])([0-9a-fA-F])/,ka=/^#(?:[0-9a-f]{3}){1,2}$/i,la=/^(?:rgba)?\\((\\d{1,3}),\\s?(\\d{1,3}),\\s?(\\d{1,3}),\\s?(0|1|0\\.\\d*)\\)$/i,ma=/^(?:rgb)?\\((0|[1-9]\\d{0,2}),\\s?(0|[1-9]\\d{0,2}),\\s?(0|[1-9]\\d{0,2})\\)$/i;function m(a,b){this.code=a;this.a=p[a]||r;this.message=b||\"\";a=this.a.replace(/((?:^|\\s+)[a-z])/g,function(c){return c.toUpperCase().replace(/^[\\s\\xa0]+/g,\"\")});b=a.length-5;if(0>b||a.indexOf(\"Error\",b)!=b)a+=\"Error\";this.name=a;a=Error(this.message);a.name=this.name;this.stack=a.stack||\"\"}ca(m,Error);var r=\"unknown error\",p={15:\"element not selectable\",11:\"element not visible\"};p[31]=r;p[30]=r;p[24]=\"invalid cookie domain\";p[29]=\"invalid element coordinates\";p[12]=\"invalid element state\";\np[32]=\"invalid selector\";p[51]=\"invalid selector\";p[52]=\"invalid selector\";p[17]=\"javascript error\";p[405]=\"unsupported operation\";p[34]=\"move target out of bounds\";p[27]=\"no such alert\";p[7]=\"no such element\";p[8]=\"no such frame\";p[23]=\"no such window\";p[28]=\"script timeout\";p[33]=\"session not created\";p[10]=\"stale element reference\";p[21]=\"timeout\";p[25]=\"unable to set cookie\";p[26]=\"unexpected alert open\";p[13]=r;p[9]=\"unknown command\";var u=String.prototype.trim?function(a){return a.trim()}:function(a){return/^[\\s\\xa0]*([\\s\\S]*?)[\\s\\xa0]*$/.exec(a)[1]};\nfunction na(a,b){var c=0;a=u(String(a)).split(\".\");b=u(String(b)).split(\".\");for(var e=Math.max(a.length,b.length),d=0;0==c&&d\u003Ce;d++){var f=a[d]||\"\",h=b[d]||\"\";do{f=/(\\d*)(\\D*)(.*)/.exec(f)||[\"\",\"\",\"\",\"\"];h=/(\\d*)(\\D*)(.*)/.exec(h)||[\"\",\"\",\"\",\"\"];if(0==f[0].length&&0==h[0].length)break;c=v(0==f[1].length?0:parseInt(f[1],10),0==h[1].length?0:parseInt(h[1],10))||v(0==f[2].length,0==h[2].length)||v(f[2],h[2]);f=f[3];h=h[3]}while(0==c)}return c}function v(a,b){return a\u003Cb?-1:a>b?1:0};var w;a:{var oa=g.navigator;if(oa){var sa=oa.userAgent;if(sa){w=sa;break a}}w=\"\"}function x(a){return-1!=w.indexOf(a)};function y(){return x(\"Firefox\")||x(\"FxiOS\")}function A(){return(x(\"Chrome\")||x(\"CriOS\"))&&!x(\"Edge\")};function ta(a){return String(a).replace(/\\-([a-z])/g,function(b,c){return c.toUpperCase()})};function B(){return x(\"iPhone\")&&!x(\"iPod\")&&!x(\"iPad\")};function ua(a,b){var c=va;return Object.prototype.hasOwnProperty.call(c,a)?c[a]:c[a]=b(a)};var wa=x(\"Opera\"),C=x(\"Trident\")||x(\"MSIE\"),xa=x(\"Edge\"),ya=x(\"Gecko\")&&!(-1!=w.toLowerCase().indexOf(\"webkit\")&&!x(\"Edge\"))&&!(x(\"Trident\")||x(\"MSIE\"))&&!x(\"Edge\"),za=-1!=w.toLowerCase().indexOf(\"webkit\")&&!x(\"Edge\");function Aa(){var a=g.document;return a?a.documentMode:void 0}var E;\na:{var F=\"\",G=function(){var a=w;if(ya)return/rv:([^\\);]+)(\\)|;)/.exec(a);if(xa)return/Edge\\/([\\d\\.]+)/.exec(a);if(C)return/\\b(?:MSIE|rv)[: ]([^\\);]+)(\\)|;)/.exec(a);if(za)return/WebKit\\/(\\S+)/.exec(a);if(wa)return/(?:Version)[ \\/]?(\\S+)/.exec(a)}();G&&(F=G?G[1]:\"\");if(C){var H=Aa();if(null!=H&&H>parseFloat(F)){E=String(H);break a}}E=F}var va={};function Ba(a){return ua(a,function(){return 0\u003C=na(E,a)})}var I;I=g.document&&C?Aa():void 0;var Ca=y(),Da=B()||x(\"iPod\"),Ea=x(\"iPad\"),Fa=x(\"Android\")&&!(A()||y()||x(\"Opera\")||x(\"Silk\")),Ga=A(),Ha=x(\"Safari\")&&!(A()||x(\"Coast\")||x(\"Opera\")||x(\"Edge\")||x(\"Edg/\")||x(\"OPR\")||y()||x(\"Silk\")||x(\"Android\"))&&!(B()||x(\"iPad\")||x(\"iPod\"));function J(a){return(a=a.exec(w))?a[1]:\"\"}(function(){if(Ca)return J(/Firefox\\/([0-9.]+)/);if(C||xa||wa)return E;if(Ga)return B()||x(\"iPad\")||x(\"iPod\")?J(/CriOS\\/([0-9.]+)/):J(/Chrome\\/([0-9.]+)/);if(Ha&&!(B()||x(\"iPad\")||x(\"iPod\")))return J(/Version\\/([0-9.]+)/);if(Da||Ea){var a=/Version\\/(\\S+).*Mobile\\/(\\S+)/.exec(w);if(a)return a[1]+\".\"+a[2]}else if(Fa)return(a=J(/Android\\s+([0-9.]+)/))?a:J(/Version\\/([0-9.]+)/);return\"\"})();var K;if(K=C)K=!(9\u003C=Number(I));var Ia=K;function L(a,b){this.x=void 0!==a?a:0;this.y=void 0!==b?b:0}L.prototype.ceil=function(){this.x=Math.ceil(this.x);this.y=Math.ceil(this.y);return this};L.prototype.floor=function(){this.x=Math.floor(this.x);this.y=Math.floor(this.y);return this};L.prototype.round=function(){this.x=Math.round(this.x);this.y=Math.round(this.y);return this};function M(a,b){this.width=a;this.height=b}M.prototype.aspectRatio=function(){return this.width/this.height};M.prototype.ceil=function(){this.width=Math.ceil(this.width);this.height=Math.ceil(this.height);return this};M.prototype.floor=function(){this.width=Math.floor(this.width);this.height=Math.floor(this.height);return this};M.prototype.round=function(){this.width=Math.round(this.width);this.height=Math.round(this.height);return this};function N(a){return 9==a.nodeType?a:a.ownerDocument||a.document}function Ja(a,b){a&&(a=a.parentNode);for(var c=0;a;){if(b(a))return a;a=a.parentNode;c++}return null}function Ka(a){this.a=a||g.document||document};function P(a,b){b&&\"string\"!==typeof b&&(b=b.toString());return a instanceof HTMLFormElement?!!a&&1==a.nodeType&&(!b||\"FORM\"==b):!!a&&1==a.nodeType&&(!b||a.tagName.toUpperCase()==b)};function Q(a,b,c,e){this.f=a;this.a=b;this.b=c;this.c=e}Q.prototype.ceil=function(){this.f=Math.ceil(this.f);this.a=Math.ceil(this.a);this.b=Math.ceil(this.b);this.c=Math.ceil(this.c);return this};Q.prototype.floor=function(){this.f=Math.floor(this.f);this.a=Math.floor(this.a);this.b=Math.floor(this.b);this.c=Math.floor(this.c);return this};Q.prototype.round=function(){this.f=Math.round(this.f);this.a=Math.round(this.a);this.b=Math.round(this.b);this.c=Math.round(this.c);return this};function R(a,b,c,e){this.a=a;this.b=b;this.width=c;this.height=e}R.prototype.ceil=function(){this.a=Math.ceil(this.a);this.b=Math.ceil(this.b);this.width=Math.ceil(this.width);this.height=Math.ceil(this.height);return this};R.prototype.floor=function(){this.a=Math.floor(this.a);this.b=Math.floor(this.b);this.width=Math.floor(this.width);this.height=Math.floor(this.height);return this};\nR.prototype.round=function(){this.a=Math.round(this.a);this.b=Math.round(this.b);this.width=Math.round(this.width);this.height=Math.round(this.height);return this};var La=\"function\"===typeof ShadowRoot;function S(a){for(a=a.parentNode;a&&1!=a.nodeType&&9!=a.nodeType&&11!=a.nodeType;)a=a.parentNode;return P(a)?a:null}\nfunction T(a,b){b=ta(b);if(\"float\"==b||\"cssFloat\"==b||\"styleFloat\"==b)b=Ia?\"styleFloat\":\"cssFloat\";a:{var c=b;var e=N(a);if(e.defaultView&&e.defaultView.getComputedStyle&&(e=e.defaultView.getComputedStyle(a,null))){c=e[c]||e.getPropertyValue(c)||\"\";break a}c=\"\"}a=c||Ma(a,b);if(null===a)a=null;else if(0\u003C=da(ia,b)){b:{var d=a.match(la);if(d&&(b=Number(d[1]),c=Number(d[2]),e=Number(d[3]),d=Number(d[4]),0\u003C=b&&255>=b&&0\u003C=c&&255>=c&&0\u003C=e&&255>=e&&0\u003C=d&&1>=d)){b=[b,c,e,d];break b}b=null}if(!b)b:{if(e=a.match(ma))if(b=\nNumber(e[1]),c=Number(e[2]),e=Number(e[3]),0\u003C=b&&255>=b&&0\u003C=c&&255>=c&&0\u003C=e&&255>=e){b=[b,c,e,1];break b}b=null}if(!b)b:{b=a.toLowerCase();c=ha[b.toLowerCase()];if(!c&&(c=\"#\"==b.charAt(0)?b:\"#\"+b,4==c.length&&(c=c.replace(ja,\"#$1$1$2$2$3$3\")),!ka.test(c))){b=null;break b}b=[parseInt(c.substr(1,2),16),parseInt(c.substr(3,2),16),parseInt(c.substr(5,2),16),1]}a=b?\"rgba(\"+b.join(\", \")+\")\":a}return a}\nfunction Ma(a,b){var c=a.currentStyle||a.style,e=c[b];void 0===e&&\"function\"==aa(c.getPropertyValue)&&(e=c.getPropertyValue(b));return\"inherit\"!=e?void 0!==e?e:null:(a=S(a))?Ma(a,b):null}\nfunction U(a,b,c){function e(h){var n=V(h);return 0\u003Cn.height&&0\u003Cn.width?!0:P(h,\"PATH\")&&(0\u003Cn.height||0\u003Cn.width)?(h=T(h,\"stroke-width\"),!!h&&0\u003CparseInt(h,10)):\"hidden\"!=T(h,\"overflow\")&&ea(h.childNodes,function(D){return 3==D.nodeType||P(D)&&e(D)})}function d(h){return Na(h)==W&&fa(h.childNodes,function(n){return!P(n)||d(n)||!e(n)})}if(!P(a))throw Error(\"Argument to isShown must be of type Element\");if(P(a,\"BODY\"))return!0;if(P(a,\"OPTION\")||P(a,\"OPTGROUP\"))return a=Ja(a,function(h){return P(h,\"SELECT\")}),\n!!a&&U(a,!0,c);var f=Oa(a);if(f)return!!f.image&&0\u003Cf.rect.width&&0\u003Cf.rect.height&&U(f.image,b,c);if(P(a,\"INPUT\")&&\"hidden\"==a.type.toLowerCase()||P(a,\"NOSCRIPT\"))return!1;f=T(a,\"visibility\");return\"collapse\"!=f&&\"hidden\"!=f&&c(a)&&(b||0!=Pa(a))&&e(a)?!d(a):!1}var W=\"hidden\";\nfunction Na(a){function b(k){function l(ba){if(ba==h)return!0;var pa=T(ba,\"display\");return 0==pa.lastIndexOf(\"inline\",0)||\"contents\"==pa||\"absolute\"==qa&&\"static\"==T(ba,\"position\")?!1:!0}var qa=T(k,\"position\");if(\"fixed\"==qa)return ra=!0,k==h?null:h;for(k=S(k);k&&!l(k);)k=S(k);return k}function c(k){var l=k;if(\"visible\"==D)if(k==h&&n)l=n;else if(k==n)return{x:\"visible\",y:\"visible\"};l={x:T(l,\"overflow-x\"),y:T(l,\"overflow-y\")};k==h&&(l.x=\"visible\"==l.x?\"auto\":l.x,l.y=\"visible\"==l.y?\"auto\":l.y);return l}\nfunction e(k){if(k==h){var l=(new Ka(f)).a;k=l.scrollingElement?l.scrollingElement:za||\"CSS1Compat\"!=l.compatMode?l.body||l.documentElement:l.documentElement;l=l.parentWindow||l.defaultView;k=C&&Ba(\"10\")&&l.pageYOffset!=k.scrollTop?new L(k.scrollLeft,k.scrollTop):new L(l.pageXOffset||k.scrollLeft,l.pageYOffset||k.scrollTop)}else k=new L(k.scrollLeft,k.scrollTop);return k}var d=Qa(a),f=N(a),h=f.documentElement,n=f.body,D=T(h,\"overflow\"),ra;for(a=b(a);a;a=b(a)){var q=c(a);if(\"visible\"!=q.x||\"visible\"!=\nq.y){var t=V(a);if(0==t.width||0==t.height)return W;var z=d.a\u003Ct.a,O=d.b\u003Ct.b;if(z&&\"hidden\"==q.x||O&&\"hidden\"==q.y)return W;if(z&&\"visible\"!=q.x||O&&\"visible\"!=q.y){z=e(a);O=d.b\u003Ct.b-z.y;if(d.a\u003Ct.a-z.x&&\"visible\"!=q.x||O&&\"visible\"!=q.x)return W;d=Na(a);return d==W?W:\"scroll\"}z=d.c>=t.a+t.width;t=d.f>=t.b+t.height;if(z&&\"hidden\"==q.x||t&&\"hidden\"==q.y)return W;if(z&&\"visible\"!=q.x||t&&\"visible\"!=q.y){if(ra&&(q=e(a),d.c>=h.scrollWidth-q.x||d.a>=h.scrollHeight-q.y))return W;d=Na(a);return d==W?W:\"scroll\"}}}return\"none\"}\nfunction V(a){var b=Oa(a);if(b)return b.rect;if(P(a,\"HTML\"))return a=N(a),a=((a?a.parentWindow||a.defaultView:window)||window).document,a=\"CSS1Compat\"==a.compatMode?a.documentElement:a.body,a=new M(a.clientWidth,a.clientHeight),new R(0,0,a.width,a.height);try{var c=a.getBoundingClientRect()}catch(e){return new R(0,0,0,0)}b=new R(c.left,c.top,c.right-c.left,c.bottom-c.top);C&&a.ownerDocument.body&&(a=N(a),b.a-=a.documentElement.clientLeft+a.body.clientLeft,b.b-=a.documentElement.clientTop+a.body.clientTop);\nreturn b}\nfunction Oa(a){var b=P(a,\"MAP\");if(!b&&!P(a,\"AREA\"))return null;var c=b?a:P(a.parentNode,\"MAP\")?a.parentNode:null,e=null,d=null;if(c&&c.name){e='*[usemap=\"#'+c.name+'\"]';c=N(c);var f;if(f=\"function\"!=aa(c.querySelector)&&C&&(C?0\u003C=na(I,8):Ba(8))){f=c.querySelector;var h=typeof f;f=!(\"object\"==h&&null!=f||\"function\"==h)}if(f)throw Error(\"CSS selection is not supported\");if(!e)throw new m(32,\"No selector specified\");e=u(e);try{var n=c.querySelector(e)}catch(D){throw new m(32,\"An invalid or illegal selector was specified\");}if(e=\nn&&1==n.nodeType?n:null)d=V(e),b||\"default\"==a.shape.toLowerCase()||(a=Ra(a),b=Math.min(Math.max(a.a,0),d.width),n=Math.min(Math.max(a.b,0),d.height),d=new R(b+d.a,n+d.b,Math.min(a.width,d.width-b),Math.min(a.height,d.height-n)))}return{image:e,rect:d||new R(0,0,0,0)}}\nfunction Ra(a){var b=a.shape.toLowerCase();a=a.coords.split(\",\");if(\"rect\"==b&&4==a.length){b=a[0];var c=a[1];return new R(b,c,a[2]-b,a[3]-c)}if(\"circle\"==b&&3==a.length)return b=a[2],new R(a[0]-b,a[1]-b,2*b,2*b);if(\"poly\"==b&&2\u003Ca.length){b=a[0];c=a[1];for(var e=b,d=c,f=2;f+1\u003Ca.length;f+=2)b=Math.min(b,a[f]),e=Math.max(e,a[f]),c=Math.min(c,a[f+1]),d=Math.max(d,a[f+1]);return new R(b,c,e-b,d-c)}return new R(0,0,0,0)}function Qa(a){a=V(a);return new Q(a.b,a.a+a.width,a.b+a.height,a.a)}\nfunction Pa(a){if(Ia){if(\"relative\"==T(a,\"position\"))return 1;a=T(a,\"filter\");return(a=a.match(/^alpha\\(opacity=(\\d*)\\)/)||a.match(/^progid:DXImageTransform.Microsoft.Alpha\\(Opacity=(\\d*)\\)/))?Number(a[1])/100:1}return Sa(a)}function Sa(a){var b=1,c=T(a,\"opacity\");c&&(b=Number(c));(a=S(a))&&(b*=Sa(a));return b};function Ta(a,b){function c(e){if(P(e)&&\"none\"==T(e,\"display\"))return!1;var d;if((d=e.parentNode)&&d.shadowRoot&&void 0!==e.assignedSlot)d=e.assignedSlot?e.assignedSlot.parentNode:null;else if(e.getDestinationInsertionPoints){var f=e.getDestinationInsertionPoints();0\u003Cf.length&&(d=f[f.length-1])}if(La&&d instanceof ShadowRoot){if(d.host.shadowRoot&&d.host.shadowRoot!==d)return!1;d=d.host}return!d||9!=d.nodeType&&11!=d.nodeType?d&&P(d,\"DETAILS\")&&!d.open&&!P(e,\"SUMMARY\")?!1:!!d&&c(d):!0}return U(a,\n!!b,c)}var X=[\"_\"],Y=g;X[0]in Y||\"undefined\"==typeof Y.execScript||Y.execScript(\"var \"+X[0]);for(var Z;X.length&&(Z=X.shift());)X.length||void 0===Ta?Y[Z]&&Y[Z]!==Object.prototype[Z]?Y=Y[Z]:Y=Y[Z]={}:Y[Z]=Ta;; return this._.apply(null,arguments);}).apply({navigator:typeof window!='undefined'?window.navigator:null,document:typeof window!='undefined'?window.document:null}, arguments);}).apply(null, arguments)"
}
[1762356487.154][INFO]: Waiting for pending navigations...
[1762356487.154][DEBUG]: DevTools WebSocket Command: Runtime.evaluate (id=22) (session_id=FF176FC0EA54D69F254130271142907E) 42C616D140C89C9FBC63000B562B7FD5 {
   "expression": "1"
}
[1762356487.154][DEBUG]: DevTools WebSocket Response: Runtime.evaluate (id=22) (session_id=FF176FC0EA54D69F254130271142907E) 42C616D140C89C9FBC63000B562B7FD5 {
   "result": {
      "description": "1",
      "type": "number",
      "value": 1
   }
}
[1762356487.154][INFO]: Done waiting for pending navigations. Status: ok
[1762356487.154][DEBUG]: DevTools WebSocket Command: Page.getFrameTree (id=23) (session_id=FF176FC0EA54D69F254130271142907E) 42C616D140C89C9FBC63000B562B7FD5 {
}
[1762356487.155][DEBUG]: DevTools WebSocket Response: Page.getFrameTree (id=23) (session_id=FF176FC0EA54D69F254130271142907E) 42C616D140C89C9FBC63000B562B7FD5 {
   "frameTree": {
      "frame": {
         "adFrameStatus": {
            "adFrameType": "none"
         },
         "crossOriginIsolatedContextType": "NotIsolated",
         "domainAndRegistry": "duckduckgo.com",
         "gatedAPIFeatures": [  ],
         "id": "42C616D140C89C9FBC63000B562B7FD5",
         "loaderId": "67CA4C2FEB986CE08D6B3D2BD7D3DB5F",
         "mimeType": "text/html",
         "secureContextType": "Secure",
         "securityOrigin": "https://duckduckgo.com",
         "securityOriginDetails": {
            "isLocalhost": false
         },
         "url": "https://duckduckgo.com/"
      }
   }
}
[1762356487.155][DEBUG]: DevTools WebSocket Command: DOM.resolveNode (id=24) (session_id=FF176FC0EA54D69F254130271142907E) 42C616D140C89C9FBC63000B562B7FD5 {
   "backendNodeId": 3,
   "objectGroup": "35b439e5-5e00-4394-9f24-dc2dc7063740"
}
[1762356487.155][DEBUG]: DevTools WebSocket Response: DOM.resolveNode (id=24) (session_id=FF176FC0EA54D69F254130271142907E) 42C616D140C89C9FBC63000B562B7FD5 {
   "object": {
      "className": "HTMLInputElement",
      "description": "input#searchbox_input.searchbox_input__rnFzM",
      "objectId": "3199067383670679968.1.2",
      "subtype": "node",
      "type": "object"
   }
}
[1762356487.155][DEBUG]: DevTools WebSocket Command: Page.getFrameTree (id=25) (session_id=FF176FC0EA54D69F254130271142907E) 42C616D140C89C9FBC63000B562B7FD5 {
}
[1762356487.155][DEBUG]: DevTools WebSocket Response: Page.getFrameTree (id=25) (session_id=FF176FC0EA54D69F254130271142907E) 42C616D140C89C9FBC63000B562B7FD5 {
   "frameTree": {
      "frame": {
         "adFrameStatus": {
            "adFrameType": "none"
         },
         "crossOriginIsolatedContextType": "NotIsolated",
         "domainAndRegistry": "duckduckgo.com",
         "gatedAPIFeatures": [  ],
         "id": "42C616D140C89C9FBC63000B562B7FD5",
         "loaderId": "67CA4C2FEB986CE08D6B3D2BD7D3DB5F",
         "mimeType": "text/html",
         "secureContextType": "Secure",
         "securityOrigin": "https://duckduckgo.com",
         "securityOriginDetails": {
            "isLocalhost": false
         },
         "url": "https://duckduckgo.com/"
      }
   }
}
[1762356487.155][DEBUG]: DevTools WebSocket Command: Runtime.callFunctionOn (id=26) (session_id=FF176FC0EA54D69F254130271142907E) 42C616D140C89C9FBC63000B562B7FD5 {
   "arguments": [ {
      "objectId": "3199067383670679968.1.2"
   } ],
   "awaitPromise": true,
   "functionDeclaration": "function(){ return (function() { // Copyright 2012 The Chromium Authors\n// Use of this source code is governed by a BSD-style license that can be\n// found in the LICENSE file.\n\n/**\n * Enum for WebD...",
   "objectGroup": "35b439e5-5e00-4394-9f24-dc2dc7063740",
   "serializationOptions": {
      "serialization": "deep"
   },
   "uniqueContextId": "-2927379068916719834.-7165599226159779047"
}
[1762356487.158][DEBUG]: DevTools WebSocket Response: Runtime.callFunctionOn (id=26) (session_id=FF176FC0EA54D69F254130271142907E) 42C616D140C89C9FBC63000B562B7FD5 {
   "result": {
      "className": "Array",
      "deepSerializedValue": {
         "type": "array",
         "value": [ {
            "type": "string",
            "value": "{\"status\":0,\"value\":true}"
         } ]
      },
      "description": "Array(1)",
      "objectId": "3199067383670679968.1.3",
      "subtype": "array",
      "type": "object"
   }
}
[1762356487.158][DEBUG]: DevTools WebSocket Command: Runtime.releaseObjectGroup (id=27) (session_id=FF176FC0EA54D69F254130271142907E) 42C616D140C89C9FBC63000B562B7FD5 {
   "objectGroup": "35b439e5-5e00-4394-9f24-dc2dc7063740"
}
[1762356487.158][INFO]: Waiting for pending navigations...
[1762356487.158][DEBUG]: DevTools WebSocket Command: Runtime.evaluate (id=28) (session_id=FF176FC0EA54D69F254130271142907E) 42C616D140C89C9FBC63000B562B7FD5 {
   "expression": "1"
}
[1762356487.158][DEBUG]: DevTools WebSocket Response: Runtime.releaseObjectGroup (id=27) (session_id=FF176FC0EA54D69F254130271142907E) 42C616D140C89C9FBC63000B562B7FD5 {
}
[1762356487.159][DEBUG]: DevTools WebSocket Response: Runtime.evaluate (id=28) (session_id=FF176FC0EA54D69F254130271142907E) 42C616D140C89C9FBC63000B562B7FD5 {
   "result": {
      "description": "1",
      "type": "number",
      "value": 1
   }
}
[1762356487.159][INFO]: Done waiting for pending navigations. Status: ok
[1762356487.159][INFO]: [4fb7047454e10517427241b4800df23c] RESPONSE ExecuteScript true
[1762356487.161][INFO]: [4fb7047454e10517427241b4800df23c] COMMAND FindElements {
   "using": "css selector",
   "value": "input[name=q]"
}
[1762356487.161][INFO]: Waiting for pending navigations...
[1762356487.161][DEBUG]: DevTools WebSocket Command: Runtime.evaluate (id=29) (session_id=FF176FC0EA54D69F254130271142907E) 42C616D140C89C9FBC63000B562B7FD5 {
   "expression": "1"
}
[1762356487.162][DEBUG]: DevTools WebSocket Response: Runtime.evaluate (id=29) (session_id=FF176FC0EA54D69F254130271142907E) 42C616D140C89C9FBC63000B562B7FD5 {
   "result": {
      "description": "1",
      "type": "number",
      "value": 1
   }
}
[1762356487.162][INFO]: Done waiting for pending navigations. Status: ok
[1762356487.162][DEBUG]: DevTools WebSocket Command: Page.getFrameTree (id=30) (session_id=FF176FC0EA54D69F254130271142907E) 42C616D140C89C9FBC63000B562B7FD5 {
}
[1762356487.162][DEBUG]: DevTools WebSocket Response: Page.getFrameTree (id=30) (session_id=FF176FC0EA54D69F254130271142907E) 42C616D140C89C9FBC63000B562B7FD5 {
   "frameTree": {
      "frame": {
         "adFrameStatus": {
            "adFrameType": "none"
         },
         "crossOriginIsolatedContextType": "NotIsolated",
         "domainAndRegistry": "duckduckgo.com",
         "gatedAPIFeatures": [  ],
         "id": "42C616D140C89C9FBC63000B562B7FD5",
         "loaderId": "67CA4C2FEB986CE08D6B3D2BD7D3DB5F",
         "mimeType": "text/html",
         "secureContextType": "Secure",
         "securityOrigin": "https://duckduckgo.com",
         "securityOriginDetails": {
            "isLocalhost": false
         },
         "url": "https://duckduckgo.com/"
      }
   }
}
[1762356487.162][DEBUG]: DevTools WebSocket Command: Page.getFrameTree (id=31) (session_id=FF176FC0EA54D69F254130271142907E) 42C616D140C89C9FBC63000B562B7FD5 {
}
[1762356487.162][DEBUG]: DevTools WebSocket Response: Page.getFrameTree (id=31) (session_id=FF176FC0EA54D69F254130271142907E) 42C616D140C89C9FBC63000B562B7FD5 {
   "frameTree": {
      "frame": {
         "adFrameStatus": {
            "adFrameType": "none"
         },
         "crossOriginIsolatedContextType": "NotIsolated",
         "domainAndRegistry": "duckduckgo.com",
         "gatedAPIFeatures": [  ],
         "id": "42C616D140C89C9FBC63000B562B7FD5",
         "loaderId": "67CA4C2FEB986CE08D6B3D2BD7D3DB5F",
         "mimeType": "text/html",
         "secureContextType": "Secure",
         "securityOrigin": "https://duckduckgo.com",
         "securityOriginDetails": {
            "isLocalhost": false
         },
         "url": "https://duckduckgo.com/"
      }
   }
}
[1762356487.163][DEBUG]: DevTools WebSocket Command: Runtime.callFunctionOn (id=32) (session_id=FF176FC0EA54D69F254130271142907E) 42C616D140C89C9FBC63000B562B7FD5 {
   "arguments": [  ],
   "awaitPromise": true,
   "functionDeclaration": "function(){ return (function() { // Copyright 2012 The Chromium Authors\n// Use of this source code is governed by a BSD-style license that can be\n// found in the LICENSE file.\n\n/**\n * Enum for WebD...",
   "serializationOptions": {
      "serialization": "deep"
   },
   "uniqueContextId": "-2927379068916719834.-7165599226159779047"
}
[1762356487.165][DEBUG]: DevTools WebSocket Response: Runtime.callFunctionOn (id=32) (session_id=FF176FC0EA54D69F254130271142907E) 42C616D140C89C9FBC63000B562B7FD5 {
   "result": {
      "className": "Array",
      "deepSerializedValue": {
         "type": "array",
         "value": [ {
            "type": "string",
            "value": "{\"status\":0,\"value\":[{\"element-6066-11e4-a52e-4f735466cecf\":0}]}"
         }, {
            "type": "node",
            "value": {
               "attributes": {
                  "aria-autocomplete": "both",
                  "aria-controls": "listbox--«rk»",
                  "aria-expanded": "true",
                  "aria-haspopup": "listbox",
                  "aria-label": "Search with DuckDuckGo",
                  "autocapitalize": "none",
                  "autocomplete": "off",
                  "autocorrect": "off",
                  "class": "searchbox_input__rnFzM",
                  "data-reach-combobox-input": "",
                  "data-state": "suggesting",
                  "id": "searchbox_input",
                  "minlength": "1",
                  "name": "q",
                  "placeholder": "Haz búsquedas sin que te rastreen",
                  "required": "",
                  "role": "combobox",
                  "type": "text",
                  "value": ""
               },
               "backendNodeId": 3,
               "childNodeCount": 0,
               "loaderId": "67CA4C2FEB986CE08D6B3D2BD7D3DB5F",
               "localName": "input",
               "namespaceURI": "http://www.w3.org/1999/xhtml",
               "nodeType": 1,
               "shadowRoot": {
                  "type": "node",
                  "value": {
                     "backendNodeId": 32,
                     "childNodeCount": 2,
                     "loaderId": "67CA4C2FEB986CE08D6B3D2BD7D3DB5F",
                     "mode": "closed",
                     "nodeType": 11
                  }
               }
            }
         } ]
      },
      "description": "Array(2)",
      "objectId": "3199067383670679968.1.4",
      "subtype": "array",
      "type": "object"
   }
}
[1762356487.165][INFO]: Waiting for pending navigations...
[1762356487.165][DEBUG]: DevTools WebSocket Command: Runtime.evaluate (id=33) (session_id=FF176FC0EA54D69F254130271142907E) 42C616D140C89C9FBC63000B562B7FD5 {
   "expression": "1"
}
[1762356487.165][DEBUG]: DevTools WebSocket Response: Runtime.evaluate (id=33) (session_id=FF176FC0EA54D69F254130271142907E) 42C616D140C89C9FBC63000B562B7FD5 {
   "result": {
      "description": "1",
      "type": "number",
      "value": 1
   }
}
[1762356487.165][INFO]: Done waiting for pending navigations. Status: ok
[1762356487.165][INFO]: [4fb7047454e10517427241b4800df23c] RESPONSE FindElements [ {
   "element-6066-11e4-a52e-4f735466cecf": "f.42C616D140C89C9FBC63000B562B7FD5.d.67CA4C2FEB986CE08D6B3D2BD7D3DB5F.e.3"
} ]
[1762356487.167][INFO]: [4fb7047454e10517427241b4800df23c] COMMAND TypeElement {
   "id": "f.42C616D140C89C9FBC63000B562B7FD5.d.67CA4C2FEB986CE08D6B3D2BD7D3DB5F.e.3",
   "text": "Nightwatch.js",
   "value": [ "N", "i", "g", "h", "t", "w", "a", "t", "c", "h", ".", "j", "s" ]
}
[1762356487.167][INFO]: Waiting for pending navigations...
[1762356487.167][DEBUG]: DevTools WebSocket Command: Runtime.evaluate (id=34) (session_id=FF176FC0EA54D69F254130271142907E) 42C616D140C89C9FBC63000B562B7FD5 {
   "expression": "1"
}
[1762356487.167][DEBUG]: DevTools WebSocket Response: Runtime.evaluate (id=34) (session_id=FF176FC0EA54D69F254130271142907E) 42C616D140C89C9FBC63000B562B7FD5 {
   "result": {
      "description": "1",
      "type": "number",
      "value": 1
   }
}
[1762356487.167][INFO]: Done waiting for pending navigations. Status: ok
[1762356487.167][DEBUG]: DevTools WebSocket Command: Page.getFrameTree (id=35) (session_id=FF176FC0EA54D69F254130271142907E) 42C616D140C89C9FBC63000B562B7FD5 {
}
[1762356487.167][DEBUG]: DevTools WebSocket Response: Page.getFrameTree (id=35) (session_id=FF176FC0EA54D69F254130271142907E) 42C616D140C89C9FBC63000B562B7FD5 {
   "frameTree": {
      "frame": {
         "adFrameStatus": {
            "adFrameType": "none"
         },
         "crossOriginIsolatedContextType": "NotIsolated",
         "domainAndRegistry": "duckduckgo.com",
         "gatedAPIFeatures": [  ],
         "id": "42C616D140C89C9FBC63000B562B7FD5",
         "loaderId": "67CA4C2FEB986CE08D6B3D2BD7D3DB5F",
         "mimeType": "text/html",
         "secureContextType": "Secure",
         "securityOrigin": "https://duckduckgo.com",
         "securityOriginDetails": {
            "isLocalhost": false
         },
         "url": "https://duckduckgo.com/"
      }
   }
}
[1762356487.167][DEBUG]: DevTools WebSocket Command: DOM.resolveNode (id=36) (session_id=FF176FC0EA54D69F254130271142907E) 42C616D140C89C9FBC63000B562B7FD5 {
   "backendNodeId": 3,
   "objectGroup": "371cb7bf-9fab-485c-996d-f0a3ca8c046e"
}
[1762356487.167][DEBUG]: DevTools WebSocket Response: DOM.resolveNode (id=36) (session_id=FF176FC0EA54D69F254130271142907E) 42C616D140C89C9FBC63000B562B7FD5 {
   "object": {
      "className": "HTMLInputElement",
      "description": "input#searchbox_input.searchbox_input__rnFzM",
      "objectId": "3199067383670679968.1.5",
      "subtype": "node",
      "type": "object"
   }
}
[1762356487.167][DEBUG]: DevTools WebSocket Command: Page.getFrameTree (id=37) (session_id=FF176FC0EA54D69F254130271142907E) 42C616D140C89C9FBC63000B562B7FD5 {
}
[1762356487.167][DEBUG]: DevTools WebSocket Response: Page.getFrameTree (id=37) (session_id=FF176FC0EA54D69F254130271142907E) 42C616D140C89C9FBC63000B562B7FD5 {
   "frameTree": {
      "frame": {
         "adFrameStatus": {
            "adFrameType": "none"
         },
         "crossOriginIsolatedContextType": "NotIsolated",
         "domainAndRegistry": "duckduckgo.com",
         "gatedAPIFeatures": [  ],
         "id": "42C616D140C89C9FBC63000B562B7FD5",
         "loaderId": "67CA4C2FEB986CE08D6B3D2BD7D3DB5F",
         "mimeType": "text/html",
         "secureContextType": "Secure",
         "securityOrigin": "https://duckduckgo.com",
         "securityOriginDetails": {
            "isLocalhost": false
         },
         "url": "https://duckduckgo.com/"
      }
   }
}
[1762356487.168][DEBUG]: DevTools WebSocket Command: Runtime.callFunctionOn (id=38) (session_id=FF176FC0EA54D69F254130271142907E) 42C616D140C89C9FBC63000B562B7FD5 {
   "arguments": [ {
      "objectId": "3199067383670679968.1.5"
   } ],
   "awaitPromise": true,
   "functionDeclaration": "function(){ return (function() { // Copyright 2012 The Chromium Authors\n// Use of this source code is governed by a BSD-style license that can be\n// found in the LICENSE file.\n\n/**\n * Enum for WebD...",
   "objectGroup": "371cb7bf-9fab-485c-996d-f0a3ca8c046e",
   "serializationOptions": {
      "serialization": "deep"
   },
   "uniqueContextId": "-2927379068916719834.-7165599226159779047"
}
[1762356487.171][DEBUG]: DevTools WebSocket Response: Runtime.callFunctionOn (id=38) (session_id=FF176FC0EA54D69F254130271142907E) 42C616D140C89C9FBC63000B562B7FD5 {
   "result": {
      "className": "Array",
      "deepSerializedValue": {
         "type": "array",
         "value": [ {
            "type": "string",
            "value": "{\"status\":0,\"value\":\"INPUT\"}"
         } ]
      },
      "description": "Array(1)",
      "objectId": "3199067383670679968.1.6",
      "subtype": "array",
      "type": "object"
   }
}
[1762356487.171][DEBUG]: DevTools WebSocket Command: Runtime.releaseObjectGroup (id=39) (session_id=FF176FC0EA54D69F254130271142907E) 42C616D140C89C9FBC63000B562B7FD5 {
   "objectGroup": "371cb7bf-9fab-485c-996d-f0a3ca8c046e"
}
[1762356487.171][DEBUG]: DevTools WebSocket Command: Page.getFrameTree (id=40) (session_id=FF176FC0EA54D69F254130271142907E) 42C616D140C89C9FBC63000B562B7FD5 {
}
[1762356487.171][DEBUG]: DevTools WebSocket Response: Runtime.releaseObjectGroup (id=39) (session_id=FF176FC0EA54D69F254130271142907E) 42C616D140C89C9FBC63000B562B7FD5 {
}
[1762356487.172][DEBUG]: DevTools WebSocket Response: Page.getFrameTree (id=40) (session_id=FF176FC0EA54D69F254130271142907E) 42C616D140C89C9FBC63000B562B7FD5 {
   "frameTree": {
      "frame": {
         "adFrameStatus": {
            "adFrameType": "none"
         },
         "crossOriginIsolatedContextType": "NotIsolated",
         "domainAndRegistry": "duckduckgo.com",
         "gatedAPIFeatures": [  ],
         "id": "42C616D140C89C9FBC63000B562B7FD5",
         "loaderId": "67CA4C2FEB986CE08D6B3D2BD7D3DB5F",
         "mimeType": "text/html",
         "secureContextType": "Secure",
         "securityOrigin": "https://duckduckgo.com",
         "securityOriginDetails": {
            "isLocalhost": false
         },
         "url": "https://duckduckgo.com/"
      }
   }
}
[1762356487.172][DEBUG]: DevTools WebSocket Command: DOM.resolveNode (id=41) (session_id=FF176FC0EA54D69F254130271142907E) 42C616D140C89C9FBC63000B562B7FD5 {
   "backendNodeId": 3,
   "objectGroup": "297653b2-d3ad-4121-94e3-491bbc57e5c6"
}
[1762356487.172][DEBUG]: DevTools WebSocket Response: DOM.resolveNode (id=41) (session_id=FF176FC0EA54D69F254130271142907E) 42C616D140C89C9FBC63000B562B7FD5 {
   "object": {
      "className": "HTMLInputElement",
      "description": "input#searchbox_input.searchbox_input__rnFzM",
      "objectId": "3199067383670679968.1.7",
      "subtype": "node",
      "type": "object"
   }
}
[1762356487.172][DEBUG]: DevTools WebSocket Command: Page.getFrameTree (id=42) (session_id=FF176FC0EA54D69F254130271142907E) 42C616D140C89C9FBC63000B562B7FD5 {
}
[1762356487.172][DEBUG]: DevTools WebSocket Response: Page.getFrameTree (id=42) (session_id=FF176FC0EA54D69F254130271142907E) 42C616D140C89C9FBC63000B562B7FD5 {
   "frameTree": {
      "frame": {
         "adFrameStatus": {
            "adFrameType": "none"
         },
         "crossOriginIsolatedContextType": "NotIsolated",
         "domainAndRegistry": "duckduckgo.com",
         "gatedAPIFeatures": [  ],
         "id": "42C616D140C89C9FBC63000B562B7FD5",
         "loaderId": "67CA4C2FEB986CE08D6B3D2BD7D3DB5F",
         "mimeType": "text/html",
         "secureContextType": "Secure",
         "securityOrigin": "https://duckduckgo.com",
         "securityOriginDetails": {
            "isLocalhost": false
         },
         "url": "https://duckduckgo.com/"
      }
   }
}
[1762356487.172][DEBUG]: DevTools WebSocket Command: Runtime.callFunctionOn (id=43) (session_id=FF176FC0EA54D69F254130271142907E) 42C616D140C89C9FBC63000B562B7FD5 {
   "arguments": [ {
      "objectId": "3199067383670679968.1.7"
   } ],
   "awaitPromise": true,
   "functionDeclaration": "function(){ return (function() { // Copyright 2012 The Chromium Authors\n// Use of this source code is governed by a BSD-style license that can be\n// found in the LICENSE file.\n\n/**\n * Enum for WebD...",
   "objectGroup": "297653b2-d3ad-4121-94e3-491bbc57e5c6",
   "serializationOptions": {
      "serialization": "deep"
   },
   "uniqueContextId": "-2927379068916719834.-7165599226159779047"
}
[1762356487.175][DEBUG]: DevTools WebSocket Response: Runtime.callFunctionOn (id=43) (session_id=FF176FC0EA54D69F254130271142907E) 42C616D140C89C9FBC63000B562B7FD5 {
   "result": {
      "className": "Array",
      "deepSerializedValue": {
         "type": "array",
         "value": [ {
            "type": "string",
            "value": "{\"status\":0,\"value\":\"text\"}"
         } ]
      },
      "description": "Array(1)",
      "objectId": "3199067383670679968.1.8",
      "subtype": "array",
      "type": "object"
   }
}
[1762356487.176][DEBUG]: DevTools WebSocket Command: Runtime.releaseObjectGroup (id=44) (session_id=FF176FC0EA54D69F254130271142907E) 42C616D140C89C9FBC63000B562B7FD5 {
   "objectGroup": "297653b2-d3ad-4121-94e3-491bbc57e5c6"
}
[1762356487.176][DEBUG]: DevTools WebSocket Command: Page.getFrameTree (id=45) (session_id=FF176FC0EA54D69F254130271142907E) 42C616D140C89C9FBC63000B562B7FD5 {
}
[1762356487.176][DEBUG]: DevTools WebSocket Response: Runtime.releaseObjectGroup (id=44) (session_id=FF176FC0EA54D69F254130271142907E) 42C616D140C89C9FBC63000B562B7FD5 {
}
[1762356487.176][DEBUG]: DevTools WebSocket Response: Page.getFrameTree (id=45) (session_id=FF176FC0EA54D69F254130271142907E) 42C616D140C89C9FBC63000B562B7FD5 {
   "frameTree": {
      "frame": {
         "adFrameStatus": {
            "adFrameType": "none"
         },
         "crossOriginIsolatedContextType": "NotIsolated",
         "domainAndRegistry": "duckduckgo.com",
         "gatedAPIFeatures": [  ],
         "id": "42C616D140C89C9FBC63000B562B7FD5",
         "loaderId": "67CA4C2FEB986CE08D6B3D2BD7D3DB5F",
         "mimeType": "text/html",
         "secureContextType": "Secure",
         "securityOrigin": "https://duckduckgo.com",
         "securityOriginDetails": {
            "isLocalhost": false
         },
         "url": "https://duckduckgo.com/"
      }
   }
}
[1762356487.176][DEBUG]: DevTools WebSocket Command: DOM.resolveNode (id=46) (session_id=FF176FC0EA54D69F254130271142907E) 42C616D140C89C9FBC63000B562B7FD5 {
   "backendNodeId": 3,
   "objectGroup": "c2a55734-2c72-477f-aee3-f7ba7f2425ea"
}
[1762356487.176][DEBUG]: DevTools WebSocket Response: DOM.resolveNode (id=46) (session_id=FF176FC0EA54D69F254130271142907E) 42C616D140C89C9FBC63000B562B7FD5 {
   "object": {
      "className": "HTMLInputElement",
      "description": "input#searchbox_input.searchbox_input__rnFzM",
      "objectId": "3199067383670679968.1.9",
      "subtype": "node",
      "type": "object"
   }
}
[1762356487.176][DEBUG]: DevTools WebSocket Command: Page.getFrameTree (id=47) (session_id=FF176FC0EA54D69F254130271142907E) 42C616D140C89C9FBC63000B562B7FD5 {
}
[1762356487.176][DEBUG]: DevTools WebSocket Response: Page.getFrameTree (id=47) (session_id=FF176FC0EA54D69F254130271142907E) 42C616D140C89C9FBC63000B562B7FD5 {
   "frameTree": {
      "frame": {
         "adFrameStatus": {
            "adFrameType": "none"
         },
         "crossOriginIsolatedContextType": "NotIsolated",
         "domainAndRegistry": "duckduckgo.com",
         "gatedAPIFeatures": [  ],
         "id": "42C616D140C89C9FBC63000B562B7FD5",
         "loaderId": "67CA4C2FEB986CE08D6B3D2BD7D3DB5F",
         "mimeType": "text/html",
         "secureContextType": "Secure",
         "securityOrigin": "https://duckduckgo.com",
         "securityOriginDetails": {
            "isLocalhost": false
         },
         "url": "https://duckduckgo.com/"
      }
   }
}
[1762356487.176][DEBUG]: DevTools WebSocket Command: Runtime.callFunctionOn (id=48) (session_id=FF176FC0EA54D69F254130271142907E) 42C616D140C89C9FBC63000B562B7FD5 {
   "arguments": [ {
      "objectId": "3199067383670679968.1.9"
   } ],
   "awaitPromise": true,
   "functionDeclaration": "function(){ return (function() { // Copyright 2012 The Chromium Authors\n// Use of this source code is governed by a BSD-style license that can be\n// found in the LICENSE file.\n\n/**\n * Enum for WebD...",
   "objectGroup": "c2a55734-2c72-477f-aee3-f7ba7f2425ea",
   "serializationOptions": {
      "serialization": "deep"
   },
   "uniqueContextId": "-2927379068916719834.-7165599226159779047"
}
[1762356487.177][DEBUG]: DevTools WebSocket Response: Runtime.callFunctionOn (id=48) (session_id=FF176FC0EA54D69F254130271142907E) 42C616D140C89C9FBC63000B562B7FD5 {
   "result": {
      "className": "Array",
      "deepSerializedValue": {
         "type": "array",
         "value": [ {
            "type": "string",
            "value": "{\"status\":0,\"value\":false}"
         } ]
      },
      "description": "Array(1)",
      "objectId": "3199067383670679968.1.10",
      "subtype": "array",
      "type": "object"
   }
}
[1762356487.177][DEBUG]: DevTools WebSocket Command: Runtime.releaseObjectGroup (id=49) (session_id=FF176FC0EA54D69F254130271142907E) 42C616D140C89C9FBC63000B562B7FD5 {
   "objectGroup": "c2a55734-2c72-477f-aee3-f7ba7f2425ea"
}
[1762356487.177][DEBUG]: DevTools WebSocket Command: Page.getFrameTree (id=50) (session_id=FF176FC0EA54D69F254130271142907E) 42C616D140C89C9FBC63000B562B7FD5 {
}
[1762356487.177][DEBUG]: DevTools WebSocket Response: Runtime.releaseObjectGroup (id=49) (session_id=FF176FC0EA54D69F254130271142907E) 42C616D140C89C9FBC63000B562B7FD5 {
}
[1762356487.177][DEBUG]: DevTools WebSocket Response: Page.getFrameTree (id=50) (session_id=FF176FC0EA54D69F254130271142907E) 42C616D140C89C9FBC63000B562B7FD5 {
   "frameTree": {
      "frame": {
         "adFrameStatus": {
            "adFrameType": "none"
         },
         "crossOriginIsolatedContextType": "NotIsolated",
         "domainAndRegistry": "duckduckgo.com",
         "gatedAPIFeatures": [  ],
         "id": "42C616D140C89C9FBC63000B562B7FD5",
         "loaderId": "67CA4C2FEB986CE08D6B3D2BD7D3DB5F",
         "mimeType": "text/html",
         "secureContextType": "Secure",
         "securityOrigin": "https://duckduckgo.com",
         "securityOriginDetails": {
            "isLocalhost": false
         },
         "url": "https://duckduckgo.com/"
      }
   }
}
[1762356487.177][DEBUG]: DevTools WebSocket Command: DOM.resolveNode (id=51) (session_id=FF176FC0EA54D69F254130271142907E) 42C616D140C89C9FBC63000B562B7FD5 {
   "backendNodeId": 3,
   "objectGroup": "b845e633-3f91-4b38-8f7a-0327c08f9338"
}
[1762356487.178][DEBUG]: DevTools WebSocket Response: DOM.resolveNode (id=51) (session_id=FF176FC0EA54D69F254130271142907E) 42C616D140C89C9FBC63000B562B7FD5 {
   "object": {
      "className": "HTMLInputElement",
      "description": "input#searchbox_input.searchbox_input__rnFzM",
      "objectId": "3199067383670679968.1.11",
      "subtype": "node",
      "type": "object"
   }
}
[1762356487.178][DEBUG]: DevTools WebSocket Command: Page.getFrameTree (id=52) (session_id=FF176FC0EA54D69F254130271142907E) 42C616D140C89C9FBC63000B562B7FD5 {
}
[1762356487.178][DEBUG]: DevTools WebSocket Response: Page.getFrameTree (id=52) (session_id=FF176FC0EA54D69F254130271142907E) 42C616D140C89C9FBC63000B562B7FD5 {
   "frameTree": {
      "frame": {
         "adFrameStatus": {
            "adFrameType": "none"
         },
         "crossOriginIsolatedContextType": "NotIsolated",
         "domainAndRegistry": "duckduckgo.com",
         "gatedAPIFeatures": [  ],
         "id": "42C616D140C89C9FBC63000B562B7FD5",
         "loaderId": "67CA4C2FEB986CE08D6B3D2BD7D3DB5F",
         "mimeType": "text/html",
         "secureContextType": "Secure",
         "securityOrigin": "https://duckduckgo.com",
         "securityOriginDetails": {
            "isLocalhost": false
         },
         "url": "https://duckduckgo.com/"
      }
   }
}
[1762356487.178][DEBUG]: DevTools WebSocket Command: Runtime.callFunctionOn (id=53) (session_id=FF176FC0EA54D69F254130271142907E) 42C616D140C89C9FBC63000B562B7FD5 {
   "arguments": [ {
      "objectId": "3199067383670679968.1.11"
   } ],
   "awaitPromise": true,
   "functionDeclaration": "function(){ return (function() { // Copyright 2012 The Chromium Authors\n// Use of this source code is governed by a BSD-style license that can be\n// found in the LICENSE file.\n\n/**\n * Enum for WebD...",
   "objectGroup": "b845e633-3f91-4b38-8f7a-0327c08f9338",
   "serializationOptions": {
      "serialization": "deep"
   },
   "uniqueContextId": "-2927379068916719834.-7165599226159779047"
}
[1762356487.179][DEBUG]: DevTools WebSocket Response: Runtime.callFunctionOn (id=53) (session_id=FF176FC0EA54D69F254130271142907E) 42C616D140C89C9FBC63000B562B7FD5 {
   "result": {
      "className": "Array",
      "deepSerializedValue": {
         "type": "array",
         "value": [ {
            "type": "string",
            "value": "{\"status\":0,\"value\":\"INPUT\"}"
         } ]
      },
      "description": "Array(1)",
      "objectId": "3199067383670679968.1.12",
      "subtype": "array",
      "type": "object"
   }
}
[1762356487.179][DEBUG]: DevTools WebSocket Command: Runtime.releaseObjectGroup (id=54) (session_id=FF176FC0EA54D69F254130271142907E) 42C616D140C89C9FBC63000B562B7FD5 {
   "objectGroup": "b845e633-3f91-4b38-8f7a-0327c08f9338"
}
[1762356487.179][DEBUG]: DevTools WebSocket Command: Runtime.evaluate (id=55) (session_id=FF176FC0EA54D69F254130271142907E) 42C616D140C89C9FBC63000B562B7FD5 {
   "awaitPromise": false,
   "expression": "document.hasFocus()",
   "returnByValue": true
}
[1762356487.179][DEBUG]: DevTools WebSocket Response: Runtime.releaseObjectGroup (id=54) (session_id=FF176FC0EA54D69F254130271142907E) 42C616D140C89C9FBC63000B562B7FD5 {
}
[1762356487.179][DEBUG]: DevTools WebSocket Response: Runtime.evaluate (id=55) (session_id=FF176FC0EA54D69F254130271142907E) 42C616D140C89C9FBC63000B562B7FD5 {
   "result": {
      "type": "boolean",
      "value": true
   }
}
[1762356487.179][DEBUG]: DevTools WebSocket Command: Page.getFrameTree (id=56) (session_id=FF176FC0EA54D69F254130271142907E) 42C616D140C89C9FBC63000B562B7FD5 {
}
[1762356487.179][DEBUG]: DevTools WebSocket Response: Page.getFrameTree (id=56) (session_id=FF176FC0EA54D69F254130271142907E) 42C616D140C89C9FBC63000B562B7FD5 {
   "frameTree": {
      "frame": {
         "adFrameStatus": {
            "adFrameType": "none"
         },
         "crossOriginIsolatedContextType": "NotIsolated",
         "domainAndRegistry": "duckduckgo.com",
         "gatedAPIFeatures": [  ],
         "id": "42C616D140C89C9FBC63000B562B7FD5",
         "loaderId": "67CA4C2FEB986CE08D6B3D2BD7D3DB5F",
         "mimeType": "text/html",
         "secureContextType": "Secure",
         "securityOrigin": "https://duckduckgo.com",
         "securityOriginDetails": {
            "isLocalhost": false
         },
         "url": "https://duckduckgo.com/"
      }
   }
}
[1762356487.179][DEBUG]: DevTools WebSocket Command: Page.getFrameTree (id=57) (session_id=FF176FC0EA54D69F254130271142907E) 42C616D140C89C9FBC63000B562B7FD5 {
}
[1762356487.180][DEBUG]: DevTools WebSocket Response: Page.getFrameTree (id=57) (session_id=FF176FC0EA54D69F254130271142907E) 42C616D140C89C9FBC63000B562B7FD5 {
   "frameTree": {
      "frame": {
         "adFrameStatus": {
            "adFrameType": "none"
         },
         "crossOriginIsolatedContextType": "NotIsolated",
         "domainAndRegistry": "duckduckgo.com",
         "gatedAPIFeatures": [  ],
         "id": "42C616D140C89C9FBC63000B562B7FD5",
         "loaderId": "67CA4C2FEB986CE08D6B3D2BD7D3DB5F",
         "mimeType": "text/html",
         "secureContextType": "Secure",
         "securityOrigin": "https://duckduckgo.com",
         "securityOriginDetails": {
            "isLocalhost": false
         },
         "url": "https://duckduckgo.com/"
      }
   }
}
[1762356487.180][DEBUG]: DevTools WebSocket Command: Runtime.callFunctionOn (id=58) (session_id=FF176FC0EA54D69F254130271142907E) 42C616D140C89C9FBC63000B562B7FD5 {
   "arguments": [  ],
   "awaitPromise": true,
   "functionDeclaration": "function(){ return (function() { // Copyright 2012 The Chromium Authors\n// Use of this source code is governed by a BSD-style license that can be\n// found in the LICENSE file.\n\n/**\n * Enum for WebD...",
   "serializationOptions": {
      "serialization": "deep"
   },
   "uniqueContextId": "-2927379068916719834.-7165599226159779047"
}
[1762356487.181][DEBUG]: DevTools WebSocket Response: Runtime.callFunctionOn (id=58) (session_id=FF176FC0EA54D69F254130271142907E) 42C616D140C89C9FBC63000B562B7FD5 {
   "result": {
      "className": "Array",
      "deepSerializedValue": {
         "type": "array",
         "value": [ {
            "type": "string",
            "value": "{\"status\":0,\"value\":{\"element-6066-11e4-a52e-4f735466cecf\":0}}"
         }, {
            "type": "node",
            "value": {
               "attributes": {
                  "aria-autocomplete": "both",
                  "aria-controls": "listbox--«rk»",
                  "aria-expanded": "true",
                  "aria-haspopup": "listbox",
                  "aria-label": "Search with DuckDuckGo",
                  "autocapitalize": "none",
                  "autocomplete": "off",
                  "autocorrect": "off",
                  "class": "searchbox_input__rnFzM",
                  "data-reach-combobox-input": "",
                  "data-state": "suggesting",
                  "id": "searchbox_input",
                  "minlength": "1",
                  "name": "q",
                  "placeholder": "Haz búsquedas sin que te rastreen",
                  "required": "",
                  "role": "combobox",
                  "type": "text",
                  "value": ""
               },
               "backendNodeId": 3,
               "childNodeCount": 0,
               "loaderId": "67CA4C2FEB986CE08D6B3D2BD7D3DB5F",
               "localName": "input",
               "namespaceURI": "http://www.w3.org/1999/xhtml",
               "nodeType": 1,
               "shadowRoot": {
                  "type": "node",
                  "value": {
                     "backendNodeId": 32,
                     "childNodeCount": 2,
                     "loaderId": "67CA4C2FEB986CE08D6B3D2BD7D3DB5F",
                     "mode": "closed",
                     "nodeType": 11
                  }
               }
            }
         } ]
      },
      "description": "Array(2)",
      "objectId": "3199067383670679968.1.13",
      "subtype": "array",
      "type": "object"
   }
}
[1762356487.181][DEBUG]: DevTools WebSocket Command: Input.dispatchKeyEvent (id=59) (session_id=FF176FC0EA54D69F254130271142907E) 42C616D140C89C9FBC63000B562B7FD5 {
   "code": "ShiftLeft",
   "key": "Shift",
   "modifiers": 0,
   "text": "",
   "type": "rawKeyDown",
   "unmodifiedText": "",
   "windowsVirtualKeyCode": 16
}
[1762356487.181][DEBUG]: DevTools WebSocket Command: Input.dispatchKeyEvent (id=60) (session_id=FF176FC0EA54D69F254130271142907E) 42C616D140C89C9FBC63000B562B7FD5 {
   "code": "KeyN",
   "key": "N",
   "modifiers": 8,
   "text": "N",
   "type": "rawKeyDown",
   "unmodifiedText": "n",
   "windowsVirtualKeyCode": 78
}
[1762356487.181][DEBUG]: DevTools WebSocket Command: Input.dispatchKeyEvent (id=61) (session_id=FF176FC0EA54D69F254130271142907E) 42C616D140C89C9FBC63000B562B7FD5 {
   "code": "KeyN",
   "key": "N",
   "modifiers": 8,
   "text": "N",
   "type": "char",
   "unmodifiedText": "n",
   "windowsVirtualKeyCode": 78
}
[1762356487.181][DEBUG]: DevTools WebSocket Command: Input.dispatchKeyEvent (id=62) (session_id=FF176FC0EA54D69F254130271142907E) 42C616D140C89C9FBC63000B562B7FD5 {
   "code": "KeyN",
   "key": "N",
   "modifiers": 8,
   "text": "N",
   "type": "keyUp",
   "unmodifiedText": "n",
   "windowsVirtualKeyCode": 78
}
[1762356487.181][DEBUG]: DevTools WebSocket Command: Input.dispatchKeyEvent (id=63) (session_id=FF176FC0EA54D69F254130271142907E) 42C616D140C89C9FBC63000B562B7FD5 {
   "code": "ShiftLeft",
   "key": "Shift",
   "modifiers": 0,
   "text": "",
   "type": "keyUp",
   "unmodifiedText": "",
   "windowsVirtualKeyCode": 16
}
[1762356487.181][DEBUG]: DevTools WebSocket Command: Input.dispatchKeyEvent (id=64) (session_id=FF176FC0EA54D69F254130271142907E) 42C616D140C89C9FBC63000B562B7FD5 {
   "code": "KeyI",
   "key": "i",
   "modifiers": 0,
   "text": "i",
   "type": "rawKeyDown",
   "unmodifiedText": "i",
   "windowsVirtualKeyCode": 73
}
[1762356487.181][DEBUG]: DevTools WebSocket Command: Input.dispatchKeyEvent (id=65) (session_id=FF176FC0EA54D69F254130271142907E) 42C616D140C89C9FBC63000B562B7FD5 {
   "code": "KeyI",
   "key": "i",
   "modifiers": 0,
   "text": "i",
   "type": "char",
   "unmodifiedText": "i",
   "windowsVirtualKeyCode": 73
}
[1762356487.181][DEBUG]: DevTools WebSocket Command: Input.dispatchKeyEvent (id=66) (session_id=FF176FC0EA54D69F254130271142907E) 42C616D140C89C9FBC63000B562B7FD5 {
   "code": "KeyI",
   "key": "i",
   "modifiers": 0,
   "text": "i",
   "type": "keyUp",
   "unmodifiedText": "i",
   "windowsVirtualKeyCode": 73
}
[1762356487.181][DEBUG]: DevTools WebSocket Command: Input.dispatchKeyEvent (id=67) (session_id=FF176FC0EA54D69F254130271142907E) 42C616D140C89C9FBC63000B562B7FD5 {
   "code": "KeyG",
   "key": "g",
   "modifiers": 0,
   "text": "g",
   "type": "rawKeyDown",
   "unmodifiedText": "g",
   "windowsVirtualKeyCode": 71
}
[1762356487.181][DEBUG]: DevTools WebSocket Command: Input.dispatchKeyEvent (id=68) (session_id=FF176FC0EA54D69F254130271142907E) 42C616D140C89C9FBC63000B562B7FD5 {
   "code": "KeyG",
   "key": "g",
   "modifiers": 0,
   "text": "g",
   "type": "char",
   "unmodifiedText": "g",
   "windowsVirtualKeyCode": 71
}
[1762356487.182][DEBUG]: DevTools WebSocket Command: Input.dispatchKeyEvent (id=69) (session_id=FF176FC0EA54D69F254130271142907E) 42C616D140C89C9FBC63000B562B7FD5 {
   "code": "KeyG",
   "key": "g",
   "modifiers": 0,
   "text": "g",
   "type": "keyUp",
   "unmodifiedText": "g",
   "windowsVirtualKeyCode": 71
}
[1762356487.182][DEBUG]: DevTools WebSocket Command: Input.dispatchKeyEvent (id=70) (session_id=FF176FC0EA54D69F254130271142907E) 42C616D140C89C9FBC63000B562B7FD5 {
   "code": "KeyH",
   "key": "h",
   "modifiers": 0,
   "text": "h",
   "type": "rawKeyDown",
   "unmodifiedText": "h",
   "windowsVirtualKeyCode": 72
}
[1762356487.182][DEBUG]: DevTools WebSocket Command: Input.dispatchKeyEvent (id=71) (session_id=FF176FC0EA54D69F254130271142907E) 42C616D140C89C9FBC63000B562B7FD5 {
   "code": "KeyH",
   "key": "h",
   "modifiers": 0,
   "text": "h",
   "type": "char",
   "unmodifiedText": "h",
   "windowsVirtualKeyCode": 72
}
[1762356487.182][DEBUG]: DevTools WebSocket Command: Input.dispatchKeyEvent (id=72) (session_id=FF176FC0EA54D69F254130271142907E) 42C616D140C89C9FBC63000B562B7FD5 {
   "code": "KeyH",
   "key": "h",
   "modifiers": 0,
   "text": "h",
   "type": "keyUp",
   "unmodifiedText": "h",
   "windowsVirtualKeyCode": 72
}
[1762356487.182][DEBUG]: DevTools WebSocket Command: Input.dispatchKeyEvent (id=73) (session_id=FF176FC0EA54D69F254130271142907E) 42C616D140C89C9FBC63000B562B7FD5 {
   "code": "KeyT",
   "key": "t",
   "modifiers": 0,
   "text": "t",
   "type": "rawKeyDown",
   "unmodifiedText": "t",
   "windowsVirtualKeyCode": 84
}
[1762356487.182][DEBUG]: DevTools WebSocket Command: Input.dispatchKeyEvent (id=74) (session_id=FF176FC0EA54D69F254130271142907E) 42C616D140C89C9FBC63000B562B7FD5 {
   "code": "KeyT",
   "key": "t",
   "modifiers": 0,
   "text": "t",
   "type": "char",
   "unmodifiedText": "t",
   "windowsVirtualKeyCode": 84
}
[1762356487.182][DEBUG]: DevTools WebSocket Command: Input.dispatchKeyEvent (id=75) (session_id=FF176FC0EA54D69F254130271142907E) 42C616D140C89C9FBC63000B562B7FD5 {
   "code": "KeyT",
   "key": "t",
   "modifiers": 0,
   "text": "t",
   "type": "keyUp",
   "unmodifiedText": "t",
   "windowsVirtualKeyCode": 84
}
[1762356487.182][DEBUG]: DevTools WebSocket Command: Input.dispatchKeyEvent (id=76) (session_id=FF176FC0EA54D69F254130271142907E) 42C616D140C89C9FBC63000B562B7FD5 {
   "code": "KeyW",
   "key": "w",
   "modifiers": 0,
   "text": "w",
   "type": "rawKeyDown",
   "unmodifiedText": "w",
   "windowsVirtualKeyCode": 87
}
[1762356487.182][DEBUG]: DevTools WebSocket Command: Input.dispatchKeyEvent (id=77) (session_id=FF176FC0EA54D69F254130271142907E) 42C616D140C89C9FBC63000B562B7FD5 {
   "code": "KeyW",
   "key": "w",
   "modifiers": 0,
   "text": "w",
   "type": "char",
   "unmodifiedText": "w",
   "windowsVirtualKeyCode": 87
}
[1762356487.182][DEBUG]: DevTools WebSocket Command: Input.dispatchKeyEvent (id=78) (session_id=FF176FC0EA54D69F254130271142907E) 42C616D140C89C9FBC63000B562B7FD5 {
   "code": "KeyW",
   "key": "w",
   "modifiers": 0,
   "text": "w",
   "type": "keyUp",
   "unmodifiedText": "w",
   "windowsVirtualKeyCode": 87
}
[1762356487.182][DEBUG]: DevTools WebSocket Command: Input.dispatchKeyEvent (id=79) (session_id=FF176FC0EA54D69F254130271142907E) 42C616D140C89C9FBC63000B562B7FD5 {
   "code": "KeyA",
   "key": "a",
   "modifiers": 0,
   "text": "a",
   "type": "rawKeyDown",
   "unmodifiedText": "a",
   "windowsVirtualKeyCode": 65
}
[1762356487.182][DEBUG]: DevTools WebSocket Command: Input.dispatchKeyEvent (id=80) (session_id=FF176FC0EA54D69F254130271142907E) 42C616D140C89C9FBC63000B562B7FD5 {
   "code": "KeyA",
   "key": "a",
   "modifiers": 0,
   "text": "a",
   "type": "char",
   "unmodifiedText": "a",
   "windowsVirtualKeyCode": 65
}
[1762356487.182][DEBUG]: DevTools WebSocket Command: Input.dispatchKeyEvent (id=81) (session_id=FF176FC0EA54D69F254130271142907E) 42C616D140C89C9FBC63000B562B7FD5 {
   "code": "KeyA",
   "key": "a",
   "modifiers": 0,
   "text": "a",
   "type": "keyUp",
   "unmodifiedText": "a",
   "windowsVirtualKeyCode": 65
}
[1762356487.182][DEBUG]: DevTools WebSocket Command: Input.dispatchKeyEvent (id=82) (session_id=FF176FC0EA54D69F254130271142907E) 42C616D140C89C9FBC63000B562B7FD5 {
   "code": "KeyT",
   "key": "t",
   "modifiers": 0,
   "text": "t",
   "type": "rawKeyDown",
   "unmodifiedText": "t",
   "windowsVirtualKeyCode": 84
}
[1762356487.182][DEBUG]: DevTools WebSocket Command: Input.dispatchKeyEvent (id=83) (session_id=FF176FC0EA54D69F254130271142907E) 42C616D140C89C9FBC63000B562B7FD5 {
   "code": "KeyT",
   "key": "t",
   "modifiers": 0,
   "text": "t",
   "type": "char",
   "unmodifiedText": "t",
   "windowsVirtualKeyCode": 84
}
[1762356487.182][DEBUG]: DevTools WebSocket Command: Input.dispatchKeyEvent (id=84) (session_id=FF176FC0EA54D69F254130271142907E) 42C616D140C89C9FBC63000B562B7FD5 {
   "code": "KeyT",
   "key": "t",
   "modifiers": 0,
   "text": "t",
   "type": "keyUp",
   "unmodifiedText": "t",
   "windowsVirtualKeyCode": 84
}
[1762356487.182][DEBUG]: DevTools WebSocket Command: Input.dispatchKeyEvent (id=85) (session_id=FF176FC0EA54D69F254130271142907E) 42C616D140C89C9FBC63000B562B7FD5 {
   "code": "KeyC",
   "key": "c",
   "modifiers": 0,
   "text": "c",
   "type": "rawKeyDown",
   "unmodifiedText": "c",
   "windowsVirtualKeyCode": 67
}
[1762356487.182][DEBUG]: DevTools WebSocket Command: Input.dispatchKeyEvent (id=86) (session_id=FF176FC0EA54D69F254130271142907E) 42C616D140C89C9FBC63000B562B7FD5 {
   "code": "KeyC",
   "key": "c",
   "modifiers": 0,
   "text": "c",
   "type": "char",
   "unmodifiedText": "c",
   "windowsVirtualKeyCode": 67
}
[1762356487.182][DEBUG]: DevTools WebSocket Command: Input.dispatchKeyEvent (id=87) (session_id=FF176FC0EA54D69F254130271142907E) 42C616D140C89C9FBC63000B562B7FD5 {
   "code": "KeyC",
   "key": "c",
   "modifiers": 0,
   "text": "c",
   "type": "keyUp",
   "unmodifiedText": "c",
   "windowsVirtualKeyCode": 67
}
[1762356487.182][DEBUG]: DevTools WebSocket Command: Input.dispatchKeyEvent (id=88) (session_id=FF176FC0EA54D69F254130271142907E) 42C616D140C89C9FBC63000B562B7FD5 {
   "code": "KeyH",
   "key": "h",
   "modifiers": 0,
   "text": "h",
   "type": "rawKeyDown",
   "unmodifiedText": "h",
   "windowsVirtualKeyCode": 72
}
[1762356487.182][DEBUG]: DevTools WebSocket Command: Input.dispatchKeyEvent (id=89) (session_id=FF176FC0EA54D69F254130271142907E) 42C616D140C89C9FBC63000B562B7FD5 {
   "code": "KeyH",
   "key": "h",
   "modifiers": 0,
   "text": "h",
   "type": "char",
   "unmodifiedText": "h",
   "windowsVirtualKeyCode": 72
}
[1762356487.182][DEBUG]: DevTools WebSocket Command: Input.dispatchKeyEvent (id=90) (session_id=FF176FC0EA54D69F254130271142907E) 42C616D140C89C9FBC63000B562B7FD5 {
   "code": "KeyH",
   "key": "h",
   "modifiers": 0,
   "text": "h",
   "type": "keyUp",
   "unmodifiedText": "h",
   "windowsVirtualKeyCode": 72
}
[1762356487.182][DEBUG]: DevTools WebSocket Command: Input.dispatchKeyEvent (id=91) (session_id=FF176FC0EA54D69F254130271142907E) 42C616D140C89C9FBC63000B562B7FD5 {
   "code": "Period",
   "key": ".",
   "modifiers": 0,
   "text": ".",
   "type": "rawKeyDown",
   "unmodifiedText": ".",
   "windowsVirtualKeyCode": 190
}
[1762356487.182][DEBUG]: DevTools WebSocket Command: Input.dispatchKeyEvent (id=92) (session_id=FF176FC0EA54D69F254130271142907E) 42C616D140C89C9FBC63000B562B7FD5 {
   "code": "Period",
   "key": ".",
   "modifiers": 0,
   "text": ".",
   "type": "char",
   "unmodifiedText": ".",
   "windowsVirtualKeyCode": 190
}
[1762356487.182][DEBUG]: DevTools WebSocket Command: Input.dispatchKeyEvent (id=93) (session_id=FF176FC0EA54D69F254130271142907E) 42C616D140C89C9FBC63000B562B7FD5 {
   "code": "Period",
   "key": ".",
   "modifiers": 0,
   "text": ".",
   "type": "keyUp",
   "unmodifiedText": ".",
   "windowsVirtualKeyCode": 190
}
[1762356487.182][DEBUG]: DevTools WebSocket Command: Input.dispatchKeyEvent (id=94) (session_id=FF176FC0EA54D69F254130271142907E) 42C616D140C89C9FBC63000B562B7FD5 {
   "code": "KeyJ",
   "key": "j",
   "modifiers": 0,
   "text": "j",
   "type": "rawKeyDown",
   "unmodifiedText": "j",
   "windowsVirtualKeyCode": 74
}
[1762356487.182][DEBUG]: DevTools WebSocket Command: Input.dispatchKeyEvent (id=95) (session_id=FF176FC0EA54D69F254130271142907E) 42C616D140C89C9FBC63000B562B7FD5 {
   "code": "KeyJ",
   "key": "j",
   "modifiers": 0,
   "text": "j",
   "type": "char",
   "unmodifiedText": "j",
   "windowsVirtualKeyCode": 74
}
[1762356487.182][DEBUG]: DevTools WebSocket Command: Input.dispatchKeyEvent (id=96) (session_id=FF176FC0EA54D69F254130271142907E) 42C616D140C89C9FBC63000B562B7FD5 {
   "code": "KeyJ",
   "key": "j",
   "modifiers": 0,
   "text": "j",
   "type": "keyUp",
   "unmodifiedText": "j",
   "windowsVirtualKeyCode": 74
}
[1762356487.182][DEBUG]: DevTools WebSocket Command: Input.dispatchKeyEvent (id=97) (session_id=FF176FC0EA54D69F254130271142907E) 42C616D140C89C9FBC63000B562B7FD5 {
   "code": "KeyS",
   "key": "s",
   "modifiers": 0,
   "text": "s",
   "type": "rawKeyDown",
   "unmodifiedText": "s",
   "windowsVirtualKeyCode": 83
}
[1762356487.182][DEBUG]: DevTools WebSocket Command: Input.dispatchKeyEvent (id=98) (session_id=FF176FC0EA54D69F254130271142907E) 42C616D140C89C9FBC63000B562B7FD5 {
   "code": "KeyS",
   "key": "s",
   "modifiers": 0,
   "text": "s",
   "type": "char",
   "unmodifiedText": "s",
   "windowsVirtualKeyCode": 83
}
[1762356487.182][DEBUG]: DevTools WebSocket Command: Input.dispatchKeyEvent (id=99) (session_id=FF176FC0EA54D69F254130271142907E) 42C616D140C89C9FBC63000B562B7FD5 {
   "code": "KeyS",
   "key": "s",
   "modifiers": 0,
   "text": "s",
   "type": "keyUp",
   "unmodifiedText": "s",
   "windowsVirtualKeyCode": 83
}
[1762356487.182][DEBUG]: DevTools WebSocket Response: Input.dispatchKeyEvent (id=59) (session_id=FF176FC0EA54D69F254130271142907E) 42C616D140C89C9FBC63000B562B7FD5 {
}
[1762356487.183][DEBUG]: DevTools WebSocket Response: Input.dispatchKeyEvent (id=60) (session_id=FF176FC0EA54D69F254130271142907E) 42C616D140C89C9FBC63000B562B7FD5 {
}
[1762356487.186][DEBUG]: DevTools WebSocket Response: Input.dispatchKeyEvent (id=61) (session_id=FF176FC0EA54D69F254130271142907E) 42C616D140C89C9FBC63000B562B7FD5 {
}
[1762356487.187][DEBUG]: DevTools WebSocket Response: Input.dispatchKeyEvent (id=62) (session_id=FF176FC0EA54D69F254130271142907E) 42C616D140C89C9FBC63000B562B7FD5 {
}
[1762356487.187][DEBUG]: DevTools WebSocket Response: Input.dispatchKeyEvent (id=63) (session_id=FF176FC0EA54D69F254130271142907E) 42C616D140C89C9FBC63000B562B7FD5 {
}
[1762356487.187][DEBUG]: DevTools WebSocket Response: Input.dispatchKeyEvent (id=64) (session_id=FF176FC0EA54D69F254130271142907E) 42C616D140C89C9FBC63000B562B7FD5 {
}
[1762356487.189][DEBUG]: DevTools WebSocket Response: Input.dispatchKeyEvent (id=65) (session_id=FF176FC0EA54D69F254130271142907E) 42C616D140C89C9FBC63000B562B7FD5 {
}
[1762356487.189][DEBUG]: DevTools WebSocket Response: Input.dispatchKeyEvent (id=66) (session_id=FF176FC0EA54D69F254130271142907E) 42C616D140C89C9FBC63000B562B7FD5 {
}
[1762356487.189][DEBUG]: DevTools WebSocket Response: Input.dispatchKeyEvent (id=67) (session_id=FF176FC0EA54D69F254130271142907E) 42C616D140C89C9FBC63000B562B7FD5 {
}
[1762356487.191][DEBUG]: DevTools WebSocket Response: Input.dispatchKeyEvent (id=68) (session_id=FF176FC0EA54D69F254130271142907E) 42C616D140C89C9FBC63000B562B7FD5 {
}
[1762356487.191][DEBUG]: DevTools WebSocket Response: Input.dispatchKeyEvent (id=69) (session_id=FF176FC0EA54D69F254130271142907E) 42C616D140C89C9FBC63000B562B7FD5 {
}
[1762356487.191][DEBUG]: DevTools WebSocket Response: Input.dispatchKeyEvent (id=70) (session_id=FF176FC0EA54D69F254130271142907E) 42C616D140C89C9FBC63000B562B7FD5 {
}
[1762356487.193][DEBUG]: DevTools WebSocket Response: Input.dispatchKeyEvent (id=71) (session_id=FF176FC0EA54D69F254130271142907E) 42C616D140C89C9FBC63000B562B7FD5 {
}
[1762356487.193][DEBUG]: DevTools WebSocket Response: Input.dispatchKeyEvent (id=72) (session_id=FF176FC0EA54D69F254130271142907E) 42C616D140C89C9FBC63000B562B7FD5 {
}
[1762356487.193][DEBUG]: DevTools WebSocket Response: Input.dispatchKeyEvent (id=73) (session_id=FF176FC0EA54D69F254130271142907E) 42C616D140C89C9FBC63000B562B7FD5 {
}
[1762356487.195][DEBUG]: DevTools WebSocket Response: Input.dispatchKeyEvent (id=74) (session_id=FF176FC0EA54D69F254130271142907E) 42C616D140C89C9FBC63000B562B7FD5 {
}
[1762356487.195][DEBUG]: DevTools WebSocket Response: Input.dispatchKeyEvent (id=75) (session_id=FF176FC0EA54D69F254130271142907E) 42C616D140C89C9FBC63000B562B7FD5 {
}
[1762356487.195][DEBUG]: DevTools WebSocket Response: Input.dispatchKeyEvent (id=76) (session_id=FF176FC0EA54D69F254130271142907E) 42C616D140C89C9FBC63000B562B7FD5 {
}
[1762356487.197][DEBUG]: DevTools WebSocket Response: Input.dispatchKeyEvent (id=77) (session_id=FF176FC0EA54D69F254130271142907E) 42C616D140C89C9FBC63000B562B7FD5 {
}
[1762356487.197][DEBUG]: DevTools WebSocket Response: Input.dispatchKeyEvent (id=78) (session_id=FF176FC0EA54D69F254130271142907E) 42C616D140C89C9FBC63000B562B7FD5 {
}
[1762356487.197][DEBUG]: DevTools WebSocket Response: Input.dispatchKeyEvent (id=79) (session_id=FF176FC0EA54D69F254130271142907E) 42C616D140C89C9FBC63000B562B7FD5 {
}
[1762356487.198][DEBUG]: DevTools WebSocket Response: Input.dispatchKeyEvent (id=80) (session_id=FF176FC0EA54D69F254130271142907E) 42C616D140C89C9FBC63000B562B7FD5 {
}
[1762356487.198][DEBUG]: DevTools WebSocket Response: Input.dispatchKeyEvent (id=81) (session_id=FF176FC0EA54D69F254130271142907E) 42C616D140C89C9FBC63000B562B7FD5 {
}
[1762356487.198][DEBUG]: DevTools WebSocket Response: Input.dispatchKeyEvent (id=82) (session_id=FF176FC0EA54D69F254130271142907E) 42C616D140C89C9FBC63000B562B7FD5 {
}
[1762356487.200][DEBUG]: DevTools WebSocket Response: Input.dispatchKeyEvent (id=83) (session_id=FF176FC0EA54D69F254130271142907E) 42C616D140C89C9FBC63000B562B7FD5 {
}
[1762356487.200][DEBUG]: DevTools WebSocket Response: Input.dispatchKeyEvent (id=84) (session_id=FF176FC0EA54D69F254130271142907E) 42C616D140C89C9FBC63000B562B7FD5 {
}
[1762356487.201][DEBUG]: DevTools WebSocket Response: Input.dispatchKeyEvent (id=85) (session_id=FF176FC0EA54D69F254130271142907E) 42C616D140C89C9FBC63000B562B7FD5 {
}
[1762356487.202][DEBUG]: DevTools WebSocket Response: Input.dispatchKeyEvent (id=86) (session_id=FF176FC0EA54D69F254130271142907E) 42C616D140C89C9FBC63000B562B7FD5 {
}
[1762356487.202][DEBUG]: DevTools WebSocket Response: Input.dispatchKeyEvent (id=87) (session_id=FF176FC0EA54D69F254130271142907E) 42C616D140C89C9FBC63000B562B7FD5 {
}
[1762356487.202][DEBUG]: DevTools WebSocket Response: Input.dispatchKeyEvent (id=88) (session_id=FF176FC0EA54D69F254130271142907E) 42C616D140C89C9FBC63000B562B7FD5 {
}
[1762356487.204][DEBUG]: DevTools WebSocket Response: Input.dispatchKeyEvent (id=89) (session_id=FF176FC0EA54D69F254130271142907E) 42C616D140C89C9FBC63000B562B7FD5 {
}
[1762356487.204][DEBUG]: DevTools WebSocket Response: Input.dispatchKeyEvent (id=90) (session_id=FF176FC0EA54D69F254130271142907E) 42C616D140C89C9FBC63000B562B7FD5 {
}
[1762356487.204][DEBUG]: DevTools WebSocket Response: Input.dispatchKeyEvent (id=91) (session_id=FF176FC0EA54D69F254130271142907E) 42C616D140C89C9FBC63000B562B7FD5 {
}
[1762356487.205][DEBUG]: DevTools WebSocket Response: Input.dispatchKeyEvent (id=92) (session_id=FF176FC0EA54D69F254130271142907E) 42C616D140C89C9FBC63000B562B7FD5 {
}
[1762356487.205][DEBUG]: DevTools WebSocket Response: Input.dispatchKeyEvent (id=93) (session_id=FF176FC0EA54D69F254130271142907E) 42C616D140C89C9FBC63000B562B7FD5 {
}
[1762356487.205][DEBUG]: DevTools WebSocket Response: Input.dispatchKeyEvent (id=94) (session_id=FF176FC0EA54D69F254130271142907E) 42C616D140C89C9FBC63000B562B7FD5 {
}
[1762356487.207][DEBUG]: DevTools WebSocket Response: Input.dispatchKeyEvent (id=95) (session_id=FF176FC0EA54D69F254130271142907E) 42C616D140C89C9FBC63000B562B7FD5 {
}
[1762356487.207][DEBUG]: DevTools WebSocket Response: Input.dispatchKeyEvent (id=96) (session_id=FF176FC0EA54D69F254130271142907E) 42C616D140C89C9FBC63000B562B7FD5 {
}
[1762356487.207][DEBUG]: DevTools WebSocket Response: Input.dispatchKeyEvent (id=97) (session_id=FF176FC0EA54D69F254130271142907E) 42C616D140C89C9FBC63000B562B7FD5 {
}
[1762356487.209][DEBUG]: DevTools WebSocket Response: Input.dispatchKeyEvent (id=98) (session_id=FF176FC0EA54D69F254130271142907E) 42C616D140C89C9FBC63000B562B7FD5 {
}
[1762356487.209][DEBUG]: DevTools WebSocket Response: Input.dispatchKeyEvent (id=99) (session_id=FF176FC0EA54D69F254130271142907E) 42C616D140C89C9FBC63000B562B7FD5 {
}
[1762356487.209][INFO]: Waiting for pending navigations...
[1762356487.209][DEBUG]: DevTools WebSocket Command: Runtime.evaluate (id=100) (session_id=FF176FC0EA54D69F254130271142907E) 42C616D140C89C9FBC63000B562B7FD5 {
   "expression": "1"
}
[1762356487.211][DEBUG]: DevTools WebSocket Response: Runtime.evaluate (id=100) (session_id=FF176FC0EA54D69F254130271142907E) 42C616D140C89C9FBC63000B562B7FD5 {
   "result": {
      "description": "1",
      "type": "number",
      "value": 1
   }
}
[1762356487.211][INFO]: Done waiting for pending navigations. Status: ok
[1762356487.211][INFO]: [4fb7047454e10517427241b4800df23c] RESPONSE TypeElement
[1762356487.213][INFO]: [4fb7047454e10517427241b4800df23c] COMMAND FindElements {
   "using": "css selector",
   "value": "*[type=submit]"
}
[1762356487.213][INFO]: Waiting for pending navigations...
[1762356487.213][DEBUG]: DevTools WebSocket Command: Runtime.evaluate (id=101) (session_id=FF176FC0EA54D69F254130271142907E) 42C616D140C89C9FBC63000B562B7FD5 {
   "expression": "1"
}
[1762356487.216][DEBUG]: DevTools WebSocket Response: Runtime.evaluate (id=101) (session_id=FF176FC0EA54D69F254130271142907E) 42C616D140C89C9FBC63000B562B7FD5 {
   "result": {
      "description": "1",
      "type": "number",
      "value": 1
   }
}
[1762356487.216][INFO]: Done waiting for pending navigations. Status: ok
[1762356487.216][DEBUG]: DevTools WebSocket Command: Page.getFrameTree (id=102) (session_id=FF176FC0EA54D69F254130271142907E) 42C616D140C89C9FBC63000B562B7FD5 {
}
[1762356487.217][DEBUG]: DevTools WebSocket Response: Page.getFrameTree (id=102) (session_id=FF176FC0EA54D69F254130271142907E) 42C616D140C89C9FBC63000B562B7FD5 {
   "frameTree": {
      "frame": {
         "adFrameStatus": {
            "adFrameType": "none"
         },
         "crossOriginIsolatedContextType": "NotIsolated",
         "domainAndRegistry": "duckduckgo.com",
         "gatedAPIFeatures": [  ],
         "id": "42C616D140C89C9FBC63000B562B7FD5",
         "loaderId": "67CA4C2FEB986CE08D6B3D2BD7D3DB5F",
         "mimeType": "text/html",
         "secureContextType": "Secure",
         "securityOrigin": "https://duckduckgo.com",
         "securityOriginDetails": {
            "isLocalhost": false
         },
         "url": "https://duckduckgo.com/"
      }
   }
}
[1762356487.217][DEBUG]: DevTools WebSocket Command: Page.getFrameTree (id=103) (session_id=FF176FC0EA54D69F254130271142907E) 42C616D140C89C9FBC63000B562B7FD5 {
}
[1762356487.219][DEBUG]: DevTools WebSocket Response: Page.getFrameTree (id=103) (session_id=FF176FC0EA54D69F254130271142907E) 42C616D140C89C9FBC63000B562B7FD5 {
   "frameTree": {
      "frame": {
         "adFrameStatus": {
            "adFrameType": "none"
         },
         "crossOriginIsolatedContextType": "NotIsolated",
         "domainAndRegistry": "duckduckgo.com",
         "gatedAPIFeatures": [  ],
         "id": "42C616D140C89C9FBC63000B562B7FD5",
         "loaderId": "67CA4C2FEB986CE08D6B3D2BD7D3DB5F",
         "mimeType": "text/html",
         "secureContextType": "Secure",
         "securityOrigin": "https://duckduckgo.com",
         "securityOriginDetails": {
            "isLocalhost": false
         },
         "url": "https://duckduckgo.com/"
      }
   }
}
[1762356487.220][DEBUG]: DevTools WebSocket Command: Runtime.callFunctionOn (id=104) (session_id=FF176FC0EA54D69F254130271142907E) 42C616D140C89C9FBC63000B562B7FD5 {
   "arguments": [  ],
   "awaitPromise": true,
   "functionDeclaration": "function(){ return (function() { // Copyright 2012 The Chromium Authors\n// Use of this source code is governed by a BSD-style license that can be\n// found in the LICENSE file.\n\n/**\n * Enum for WebD...",
   "serializationOptions": {
      "serialization": "deep"
   },
   "uniqueContextId": "-2927379068916719834.-7165599226159779047"
}
[1762356487.226][DEBUG]: DevTools WebSocket Response: Runtime.callFunctionOn (id=104) (session_id=FF176FC0EA54D69F254130271142907E) 42C616D140C89C9FBC63000B562B7FD5 {
   "result": {
      "className": "Array",
      "deepSerializedValue": {
         "type": "array",
         "value": [ {
            "type": "string",
            "value": "{\"status\":0,\"value\":[{\"element-6066-11e4-a52e-4f735466cecf\":0}]}"
         }, {
            "type": "node",
            "value": {
               "attributes": {
                  "aria-label": "Search",
                  "class": "iconButton_button__A_Uiu searchbox_searchButton__LxebD",
                  "type": "submit"
               },
               "backendNodeId": 34,
               "childNodeCount": 1,
               "loaderId": "67CA4C2FEB986CE08D6B3D2BD7D3DB5F",
               "localName": "button",
               "namespaceURI": "http://www.w3.org/1999/xhtml",
               "nodeType": 1,
               "shadowRoot": null
            }
         } ]
      },
      "description": "Array(2)",
      "objectId": "3199067383670679968.1.14",
      "subtype": "array",
      "type": "object"
   }
}
[1762356487.226][INFO]: Waiting for pending navigations...
[1762356487.226][DEBUG]: DevTools WebSocket Command: Runtime.evaluate (id=105) (session_id=FF176FC0EA54D69F254130271142907E) 42C616D140C89C9FBC63000B562B7FD5 {
   "expression": "1"
}
[1762356487.227][DEBUG]: DevTools WebSocket Response: Runtime.evaluate (id=105) (session_id=FF176FC0EA54D69F254130271142907E) 42C616D140C89C9FBC63000B562B7FD5 {
   "result": {
      "description": "1",
      "type": "number",
      "value": 1
   }
}
[1762356487.227][INFO]: Done waiting for pending navigations. Status: ok
[1762356487.227][INFO]: [4fb7047454e10517427241b4800df23c] RESPONSE FindElements [ {
   "element-6066-11e4-a52e-4f735466cecf": "f.42C616D140C89C9FBC63000B562B7FD5.d.67CA4C2FEB986CE08D6B3D2BD7D3DB5F.e.34"
} ]
[1762356487.229][INFO]: [4fb7047454e10517427241b4800df23c] COMMAND ClickElement {
   "id": "f.42C616D140C89C9FBC63000B562B7FD5.d.67CA4C2FEB986CE08D6B3D2BD7D3DB5F.e.34"
}
[1762356487.229][INFO]: Waiting for pending navigations...
[1762356487.229][DEBUG]: DevTools WebSocket Command: Runtime.evaluate (id=106) (session_id=FF176FC0EA54D69F254130271142907E) 42C616D140C89C9FBC63000B562B7FD5 {
   "expression": "1"
}
[1762356487.229][DEBUG]: DevTools WebSocket Response: Runtime.evaluate (id=106) (session_id=FF176FC0EA54D69F254130271142907E) 42C616D140C89C9FBC63000B562B7FD5 {
   "result": {
      "description": "1",
      "type": "number",
      "value": 1
   }
}
[1762356487.229][INFO]: Done waiting for pending navigations. Status: ok
[1762356487.229][DEBUG]: DevTools WebSocket Command: Page.getFrameTree (id=107) (session_id=FF176FC0EA54D69F254130271142907E) 42C616D140C89C9FBC63000B562B7FD5 {
}
[1762356487.229][DEBUG]: DevTools WebSocket Response: Page.getFrameTree (id=107) (session_id=FF176FC0EA54D69F254130271142907E) 42C616D140C89C9FBC63000B562B7FD5 {
   "frameTree": {
      "frame": {
         "adFrameStatus": {
            "adFrameType": "none"
         },
         "crossOriginIsolatedContextType": "NotIsolated",
         "domainAndRegistry": "duckduckgo.com",
         "gatedAPIFeatures": [  ],
         "id": "42C616D140C89C9FBC63000B562B7FD5",
         "loaderId": "67CA4C2FEB986CE08D6B3D2BD7D3DB5F",
         "mimeType": "text/html",
         "secureContextType": "Secure",
         "securityOrigin": "https://duckduckgo.com",
         "securityOriginDetails": {
            "isLocalhost": false
         },
         "url": "https://duckduckgo.com/"
      }
   }
}
[1762356487.229][DEBUG]: DevTools WebSocket Command: DOM.resolveNode (id=108) (session_id=FF176FC0EA54D69F254130271142907E) 42C616D140C89C9FBC63000B562B7FD5 {
   "backendNodeId": 34,
   "objectGroup": "c9b5b0d7-099e-4b22-b5c9-2e4efe227ec7"
}
[1762356487.229][DEBUG]: DevTools WebSocket Response: DOM.resolveNode (id=108) (session_id=FF176FC0EA54D69F254130271142907E) 42C616D140C89C9FBC63000B562B7FD5 {
   "object": {
      "className": "HTMLButtonElement",
      "description": "button.iconButton_button__A_Uiu.searchbox_searchButton__LxebD",
      "objectId": "3199067383670679968.1.15",
      "subtype": "node",
      "type": "object"
   }
}
[1762356487.229][DEBUG]: DevTools WebSocket Command: Page.getFrameTree (id=109) (session_id=FF176FC0EA54D69F254130271142907E) 42C616D140C89C9FBC63000B562B7FD5 {
}
[1762356487.229][DEBUG]: DevTools WebSocket Response: Page.getFrameTree (id=109) (session_id=FF176FC0EA54D69F254130271142907E) 42C616D140C89C9FBC63000B562B7FD5 {
   "frameTree": {
      "frame": {
         "adFrameStatus": {
            "adFrameType": "none"
         },
         "crossOriginIsolatedContextType": "NotIsolated",
         "domainAndRegistry": "duckduckgo.com",
         "gatedAPIFeatures": [  ],
         "id": "42C616D140C89C9FBC63000B562B7FD5",
         "loaderId": "67CA4C2FEB986CE08D6B3D2BD7D3DB5F",
         "mimeType": "text/html",
         "secureContextType": "Secure",
         "securityOrigin": "https://duckduckgo.com",
         "securityOriginDetails": {
            "isLocalhost": false
         },
         "url": "https://duckduckgo.com/"
      }
   }
}
[1762356487.229][DEBUG]: DevTools WebSocket Command: Runtime.callFunctionOn (id=110) (session_id=FF176FC0EA54D69F254130271142907E) 42C616D140C89C9FBC63000B562B7FD5 {
   "arguments": [ {
      "objectId": "3199067383670679968.1.15"
   } ],
   "awaitPromise": true,
   "functionDeclaration": "function(){ return (function() { // Copyright 2012 The Chromium Authors\n// Use of this source code is governed by a BSD-style license that can be\n// found in the LICENSE file.\n\n/**\n * Enum for WebD...",
   "objectGroup": "c9b5b0d7-099e-4b22-b5c9-2e4efe227ec7",
   "serializationOptions": {
      "serialization": "deep"
   },
   "uniqueContextId": "-2927379068916719834.-7165599226159779047"
}
[1762356487.230][DEBUG]: DevTools WebSocket Response: Runtime.callFunctionOn (id=110) (session_id=FF176FC0EA54D69F254130271142907E) 42C616D140C89C9FBC63000B562B7FD5 {
   "result": {
      "className": "Array",
      "deepSerializedValue": {
         "type": "array",
         "value": [ {
            "type": "string",
            "value": "{\"status\":0,\"value\":\"BUTTON\"}"
         } ]
      },
      "description": "Array(1)",
      "objectId": "3199067383670679968.1.16",
      "subtype": "array",
      "type": "object"
   }
}
[1762356487.230][DEBUG]: DevTools WebSocket Command: Runtime.releaseObjectGroup (id=111) (session_id=FF176FC0EA54D69F254130271142907E) 42C616D140C89C9FBC63000B562B7FD5 {
   "objectGroup": "c9b5b0d7-099e-4b22-b5c9-2e4efe227ec7"
}
[1762356487.230][DEBUG]: DevTools WebSocket Command: Page.getFrameTree (id=112) (session_id=FF176FC0EA54D69F254130271142907E) 42C616D140C89C9FBC63000B562B7FD5 {
}
[1762356487.231][DEBUG]: DevTools WebSocket Response: Runtime.releaseObjectGroup (id=111) (session_id=FF176FC0EA54D69F254130271142907E) 42C616D140C89C9FBC63000B562B7FD5 {
}
[1762356487.231][DEBUG]: DevTools WebSocket Response: Page.getFrameTree (id=112) (session_id=FF176FC0EA54D69F254130271142907E) 42C616D140C89C9FBC63000B562B7FD5 {
   "frameTree": {
      "frame": {
         "adFrameStatus": {
            "adFrameType": "none"
         },
         "crossOriginIsolatedContextType": "NotIsolated",
         "domainAndRegistry": "duckduckgo.com",
         "gatedAPIFeatures": [  ],
         "id": "42C616D140C89C9FBC63000B562B7FD5",
         "loaderId": "67CA4C2FEB986CE08D6B3D2BD7D3DB5F",
         "mimeType": "text/html",
         "secureContextType": "Secure",
         "securityOrigin": "https://duckduckgo.com",
         "securityOriginDetails": {
            "isLocalhost": false
         },
         "url": "https://duckduckgo.com/"
      }
   }
}
[1762356487.231][DEBUG]: DevTools WebSocket Command: DOM.resolveNode (id=113) (session_id=FF176FC0EA54D69F254130271142907E) 42C616D140C89C9FBC63000B562B7FD5 {
   "backendNodeId": 34,
   "objectGroup": "d30769b8-c69f-418f-bfb1-c8ab55402897"
}
[1762356487.232][DEBUG]: DevTools WebSocket Response: DOM.resolveNode (id=113) (session_id=FF176FC0EA54D69F254130271142907E) 42C616D140C89C9FBC63000B562B7FD5 {
   "object": {
      "className": "HTMLButtonElement",
      "description": "button.iconButton_button__A_Uiu.searchbox_searchButton__LxebD",
      "objectId": "3199067383670679968.1.17",
      "subtype": "node",
      "type": "object"
   }
}
[1762356487.232][DEBUG]: DevTools WebSocket Command: Page.getFrameTree (id=114) (session_id=FF176FC0EA54D69F254130271142907E) 42C616D140C89C9FBC63000B562B7FD5 {
}
[1762356487.232][DEBUG]: DevTools WebSocket Response: Page.getFrameTree (id=114) (session_id=FF176FC0EA54D69F254130271142907E) 42C616D140C89C9FBC63000B562B7FD5 {
   "frameTree": {
      "frame": {
         "adFrameStatus": {
            "adFrameType": "none"
         },
         "crossOriginIsolatedContextType": "NotIsolated",
         "domainAndRegistry": "duckduckgo.com",
         "gatedAPIFeatures": [  ],
         "id": "42C616D140C89C9FBC63000B562B7FD5",
         "loaderId": "67CA4C2FEB986CE08D6B3D2BD7D3DB5F",
         "mimeType": "text/html",
         "secureContextType": "Secure",
         "securityOrigin": "https://duckduckgo.com",
         "securityOriginDetails": {
            "isLocalhost": false
         },
         "url": "https://duckduckgo.com/"
      }
   }
}
[1762356487.232][DEBUG]: DevTools WebSocket Command: Runtime.callFunctionOn (id=115) (session_id=FF176FC0EA54D69F254130271142907E) 42C616D140C89C9FBC63000B562B7FD5 {
   "arguments": [ {
      "objectId": "3199067383670679968.1.17"
   } ],
   "awaitPromise": true,
   "functionDeclaration": "function(){ return (function() { // Copyright 2012 The Chromium Authors\n// Use of this source code is governed by a BSD-style license that can be\n// found in the LICENSE file.\n\n/**\n * Enum for WebD...",
   "objectGroup": "d30769b8-c69f-418f-bfb1-c8ab55402897",
   "serializationOptions": {
      "serialization": "deep"
   },
   "uniqueContextId": "-2927379068916719834.-7165599226159779047"
}
[1762356487.233][DEBUG]: DevTools WebSocket Response: Runtime.callFunctionOn (id=115) (session_id=FF176FC0EA54D69F254130271142907E) 42C616D140C89C9FBC63000B562B7FD5 {
   "result": {
      "className": "Array",
      "deepSerializedValue": {
         "type": "array",
         "value": [ {
            "type": "string",
            "value": "{\"status\":0,\"value\":\"BUTTON\"}"
         } ]
      },
      "description": "Array(1)",
      "objectId": "3199067383670679968.1.18",
      "subtype": "array",
      "type": "object"
   }
}
[1762356487.233][DEBUG]: DevTools WebSocket Command: Runtime.releaseObjectGroup (id=116) (session_id=FF176FC0EA54D69F254130271142907E) 42C616D140C89C9FBC63000B562B7FD5 {
   "objectGroup": "d30769b8-c69f-418f-bfb1-c8ab55402897"
}
[1762356487.233][DEBUG]: DevTools WebSocket Command: Page.getFrameTree (id=117) (session_id=FF176FC0EA54D69F254130271142907E) 42C616D140C89C9FBC63000B562B7FD5 {
}
[1762356487.233][DEBUG]: DevTools WebSocket Response: Runtime.releaseObjectGroup (id=116) (session_id=FF176FC0EA54D69F254130271142907E) 42C616D140C89C9FBC63000B562B7FD5 {
}
[1762356487.233][DEBUG]: DevTools WebSocket Response: Page.getFrameTree (id=117) (session_id=FF176FC0EA54D69F254130271142907E) 42C616D140C89C9FBC63000B562B7FD5 {
   "frameTree": {
      "frame": {
         "adFrameStatus": {
            "adFrameType": "none"
         },
         "crossOriginIsolatedContextType": "NotIsolated",
         "domainAndRegistry": "duckduckgo.com",
         "gatedAPIFeatures": [  ],
         "id": "42C616D140C89C9FBC63000B562B7FD5",
         "loaderId": "67CA4C2FEB986CE08D6B3D2BD7D3DB5F",
         "mimeType": "text/html",
         "secureContextType": "Secure",
         "securityOrigin": "https://duckduckgo.com",
         "securityOriginDetails": {
            "isLocalhost": false
         },
         "url": "https://duckduckgo.com/"
      }
   }
}
[1762356487.233][DEBUG]: DevTools WebSocket Command: DOM.resolveNode (id=118) (session_id=FF176FC0EA54D69F254130271142907E) 42C616D140C89C9FBC63000B562B7FD5 {
   "backendNodeId": 34,
   "objectGroup": "f7287a87-912f-42d5-8be1-c9aa0eee460e"
}
[1762356487.233][DEBUG]: DevTools WebSocket Response: DOM.resolveNode (id=118) (session_id=FF176FC0EA54D69F254130271142907E) 42C616D140C89C9FBC63000B562B7FD5 {
   "object": {
      "className": "HTMLButtonElement",
      "description": "button.iconButton_button__A_Uiu.searchbox_searchButton__LxebD",
      "objectId": "3199067383670679968.1.19",
      "subtype": "node",
      "type": "object"
   }
}
[1762356487.233][DEBUG]: DevTools WebSocket Command: Page.getFrameTree (id=119) (session_id=FF176FC0EA54D69F254130271142907E) 42C616D140C89C9FBC63000B562B7FD5 {
}
[1762356487.233][DEBUG]: DevTools WebSocket Response: Page.getFrameTree (id=119) (session_id=FF176FC0EA54D69F254130271142907E) 42C616D140C89C9FBC63000B562B7FD5 {
   "frameTree": {
      "frame": {
         "adFrameStatus": {
            "adFrameType": "none"
         },
         "crossOriginIsolatedContextType": "NotIsolated",
         "domainAndRegistry": "duckduckgo.com",
         "gatedAPIFeatures": [  ],
         "id": "42C616D140C89C9FBC63000B562B7FD5",
         "loaderId": "67CA4C2FEB986CE08D6B3D2BD7D3DB5F",
         "mimeType": "text/html",
         "secureContextType": "Secure",
         "securityOrigin": "https://duckduckgo.com",
         "securityOriginDetails": {
            "isLocalhost": false
         },
         "url": "https://duckduckgo.com/"
      }
   }
}
[1762356487.234][DEBUG]: DevTools WebSocket Command: Runtime.callFunctionOn (id=120) (session_id=FF176FC0EA54D69F254130271142907E) 42C616D140C89C9FBC63000B562B7FD5 {
   "arguments": [ {
      "objectId": "3199067383670679968.1.19"
   } ],
   "awaitPromise": true,
   "functionDeclaration": "function(){ return (function() { // Copyright 2012 The Chromium Authors\n// Use of this source code is governed by a BSD-style license that can be\n// found in the LICENSE file.\n\n/**\n * Enum for WebD...",
   "objectGroup": "f7287a87-912f-42d5-8be1-c9aa0eee460e",
   "serializationOptions": {
      "serialization": "deep"
   },
   "uniqueContextId": "-2927379068916719834.-7165599226159779047"
}
[1762356487.238][DEBUG]: DevTools WebSocket Response: Runtime.callFunctionOn (id=120) (session_id=FF176FC0EA54D69F254130271142907E) 42C616D140C89C9FBC63000B562B7FD5 {
   "result": {
      "className": "Array",
      "deepSerializedValue": {
         "type": "array",
         "value": [ {
            "type": "string",
            "value": "{\"status\":0,\"value\":true}"
         } ]
      },
      "description": "Array(1)",
      "objectId": "3199067383670679968.1.20",
      "subtype": "array",
      "type": "object"
   }
}
[1762356487.238][DEBUG]: DevTools WebSocket Command: Runtime.releaseObjectGroup (id=121) (session_id=FF176FC0EA54D69F254130271142907E) 42C616D140C89C9FBC63000B562B7FD5 {
   "objectGroup": "f7287a87-912f-42d5-8be1-c9aa0eee460e"
}
[1762356487.238][DEBUG]: DevTools WebSocket Command: Page.getFrameTree (id=122) (session_id=FF176FC0EA54D69F254130271142907E) 42C616D140C89C9FBC63000B562B7FD5 {
}
[1762356487.239][DEBUG]: DevTools WebSocket Response: Runtime.releaseObjectGroup (id=121) (session_id=FF176FC0EA54D69F254130271142907E) 42C616D140C89C9FBC63000B562B7FD5 {
}
[1762356487.239][DEBUG]: DevTools WebSocket Response: Page.getFrameTree (id=122) (session_id=FF176FC0EA54D69F254130271142907E) 42C616D140C89C9FBC63000B562B7FD5 {
   "frameTree": {
      "frame": {
         "adFrameStatus": {
            "adFrameType": "none"
         },
         "crossOriginIsolatedContextType": "NotIsolated",
         "domainAndRegistry": "duckduckgo.com",
         "gatedAPIFeatures": [  ],
         "id": "42C616D140C89C9FBC63000B562B7FD5",
         "loaderId": "67CA4C2FEB986CE08D6B3D2BD7D3DB5F",
         "mimeType": "text/html",
         "secureContextType": "Secure",
         "securityOrigin": "https://duckduckgo.com",
         "securityOriginDetails": {
            "isLocalhost": false
         },
         "url": "https://duckduckgo.com/"
      }
   }
}
[1762356487.239][DEBUG]: DevTools WebSocket Command: DOM.resolveNode (id=123) (session_id=FF176FC0EA54D69F254130271142907E) 42C616D140C89C9FBC63000B562B7FD5 {
   "backendNodeId": 34,
   "objectGroup": "fe019dfa-94eb-4964-8437-8846cc477b3d"
}
[1762356487.239][DEBUG]: DevTools WebSocket Response: DOM.resolveNode (id=123) (session_id=FF176FC0EA54D69F254130271142907E) 42C616D140C89C9FBC63000B562B7FD5 {
   "object": {
      "className": "HTMLButtonElement",
      "description": "button.iconButton_button__A_Uiu.searchbox_searchButton__LxebD",
      "objectId": "3199067383670679968.1.21",
      "subtype": "node",
      "type": "object"
   }
}
[1762356487.239][DEBUG]: DevTools WebSocket Command: Page.getFrameTree (id=124) (session_id=FF176FC0EA54D69F254130271142907E) 42C616D140C89C9FBC63000B562B7FD5 {
}
[1762356487.239][DEBUG]: DevTools WebSocket Response: Page.getFrameTree (id=124) (session_id=FF176FC0EA54D69F254130271142907E) 42C616D140C89C9FBC63000B562B7FD5 {
   "frameTree": {
      "frame": {
         "adFrameStatus": {
            "adFrameType": "none"
         },
         "crossOriginIsolatedContextType": "NotIsolated",
         "domainAndRegistry": "duckduckgo.com",
         "gatedAPIFeatures": [  ],
         "id": "42C616D140C89C9FBC63000B562B7FD5",
         "loaderId": "67CA4C2FEB986CE08D6B3D2BD7D3DB5F",
         "mimeType": "text/html",
         "secureContextType": "Secure",
         "securityOrigin": "https://duckduckgo.com",
         "securityOriginDetails": {
            "isLocalhost": false
         },
         "url": "https://duckduckgo.com/"
      }
   }
}
[1762356487.240][DEBUG]: DevTools WebSocket Command: Runtime.callFunctionOn (id=125) (session_id=FF176FC0EA54D69F254130271142907E) 42C616D140C89C9FBC63000B562B7FD5 {
   "arguments": [ {
      "objectId": "3199067383670679968.1.21"
   } ],
   "awaitPromise": true,
   "functionDeclaration": "function(){ return (function() { // Copyright 2012 The Chromium Authors\n// Use of this source code is governed by a BSD-style license that can be\n// found in the LICENSE file.\n\n/**\n * Enum for WebD...",
   "objectGroup": "fe019dfa-94eb-4964-8437-8846cc477b3d",
   "serializationOptions": {
      "serialization": "deep"
   },
   "uniqueContextId": "-2927379068916719834.-7165599226159779047"
}
[1762356487.241][DEBUG]: DevTools WebSocket Response: Runtime.callFunctionOn (id=125) (session_id=FF176FC0EA54D69F254130271142907E) 42C616D140C89C9FBC63000B562B7FD5 {
   "result": {
      "className": "Array",
      "deepSerializedValue": {
         "type": "array",
         "value": [ {
            "type": "string",
            "value": "{\"status\":0,\"value\":{\"left\":0,\"top\":0,\"height\":44,\"width\":50}}"
         } ]
      },
      "description": "Array(1)",
      "objectId": "3199067383670679968.1.22",
      "subtype": "array",
      "type": "object"
   }
}
[1762356487.241][DEBUG]: DevTools WebSocket Command: Runtime.releaseObjectGroup (id=126) (session_id=FF176FC0EA54D69F254130271142907E) 42C616D140C89C9FBC63000B562B7FD5 {
   "objectGroup": "fe019dfa-94eb-4964-8437-8846cc477b3d"
}
[1762356487.241][DEBUG]: DevTools WebSocket Command: Page.getFrameTree (id=127) (session_id=FF176FC0EA54D69F254130271142907E) 42C616D140C89C9FBC63000B562B7FD5 {
}
[1762356487.241][DEBUG]: DevTools WebSocket Response: Runtime.releaseObjectGroup (id=126) (session_id=FF176FC0EA54D69F254130271142907E) 42C616D140C89C9FBC63000B562B7FD5 {
}
[1762356487.241][DEBUG]: DevTools WebSocket Response: Page.getFrameTree (id=127) (session_id=FF176FC0EA54D69F254130271142907E) 42C616D140C89C9FBC63000B562B7FD5 {
   "frameTree": {
      "frame": {
         "adFrameStatus": {
            "adFrameType": "none"
         },
         "crossOriginIsolatedContextType": "NotIsolated",
         "domainAndRegistry": "duckduckgo.com",
         "gatedAPIFeatures": [  ],
         "id": "42C616D140C89C9FBC63000B562B7FD5",
         "loaderId": "67CA4C2FEB986CE08D6B3D2BD7D3DB5F",
         "mimeType": "text/html",
         "secureContextType": "Secure",
         "securityOrigin": "https://duckduckgo.com",
         "securityOriginDetails": {
            "isLocalhost": false
         },
         "url": "https://duckduckgo.com/"
      }
   }
}
[1762356487.241][DEBUG]: DevTools WebSocket Command: DOM.resolveNode (id=128) (session_id=FF176FC0EA54D69F254130271142907E) 42C616D140C89C9FBC63000B562B7FD5 {
   "backendNodeId": 34,
   "objectGroup": "2aa2ec23-d4c5-4023-85ab-2346f9fa83af"
}
[1762356487.241][DEBUG]: DevTools WebSocket Response: DOM.resolveNode (id=128) (session_id=FF176FC0EA54D69F254130271142907E) 42C616D140C89C9FBC63000B562B7FD5 {
   "object": {
      "className": "HTMLButtonElement",
      "description": "button.iconButton_button__A_Uiu.searchbox_searchButton__LxebD",
      "objectId": "3199067383670679968.1.23",
      "subtype": "node",
      "type": "object"
   }
}
[1762356487.241][DEBUG]: DevTools WebSocket Command: Page.getFrameTree (id=129) (session_id=FF176FC0EA54D69F254130271142907E) 42C616D140C89C9FBC63000B562B7FD5 {
}
[1762356487.241][DEBUG]: DevTools WebSocket Response: Page.getFrameTree (id=129) (session_id=FF176FC0EA54D69F254130271142907E) 42C616D140C89C9FBC63000B562B7FD5 {
   "frameTree": {
      "frame": {
         "adFrameStatus": {
            "adFrameType": "none"
         },
         "crossOriginIsolatedContextType": "NotIsolated",
         "domainAndRegistry": "duckduckgo.com",
         "gatedAPIFeatures": [  ],
         "id": "42C616D140C89C9FBC63000B562B7FD5",
         "loaderId": "67CA4C2FEB986CE08D6B3D2BD7D3DB5F",
         "mimeType": "text/html",
         "secureContextType": "Secure",
         "securityOrigin": "https://duckduckgo.com",
         "securityOriginDetails": {
            "isLocalhost": false
         },
         "url": "https://duckduckgo.com/"
      }
   }
}
[1762356487.242][DEBUG]: DevTools WebSocket Command: Runtime.callFunctionOn (id=130) (session_id=FF176FC0EA54D69F254130271142907E) 42C616D140C89C9FBC63000B562B7FD5 {
   "arguments": [ {
      "objectId": "3199067383670679968.1.23"
   } ],
   "awaitPromise": true,
   "functionDeclaration": "function(){ return (function() { // Copyright 2012 The Chromium Authors\n// Use of this source code is governed by a BSD-style license that can be\n// found in the LICENSE file.\n\n/**\n * Enum for WebD...",
   "objectGroup": "2aa2ec23-d4c5-4023-85ab-2346f9fa83af",
   "serializationOptions": {
      "serialization": "deep"
   },
   "uniqueContextId": "-2927379068916719834.-7165599226159779047"
}
[1762356487.245][DEBUG]: DevTools WebSocket Response: Runtime.callFunctionOn (id=130) (session_id=FF176FC0EA54D69F254130271142907E) 42C616D140C89C9FBC63000B562B7FD5 {
   "result": {
      "className": "Array",
      "deepSerializedValue": {
         "type": "array",
         "value": [ {
            "type": "string",
            "value": "{\"status\":0,\"value\":{\"x\":610.8125,\"y\":36.5,\"clone\":{},\"ceil\":{},\"floor\":{},\"round\":{},\"translate\":{},\"scale\":{}}}"
         } ]
      },
      "description": "Array(1)",
      "objectId": "3199067383670679968.1.24",
      "subtype": "array",
      "type": "object"
   }
}
[1762356487.245][DEBUG]: DevTools WebSocket Command: Runtime.releaseObjectGroup (id=131) (session_id=FF176FC0EA54D69F254130271142907E) 42C616D140C89C9FBC63000B562B7FD5 {
   "objectGroup": "2aa2ec23-d4c5-4023-85ab-2346f9fa83af"
}
[1762356487.245][DEBUG]: DevTools WebSocket Command: Page.getFrameTree (id=132) (session_id=FF176FC0EA54D69F254130271142907E) 42C616D140C89C9FBC63000B562B7FD5 {
}
[1762356487.245][DEBUG]: DevTools WebSocket Response: Runtime.releaseObjectGroup (id=131) (session_id=FF176FC0EA54D69F254130271142907E) 42C616D140C89C9FBC63000B562B7FD5 {
}
[1762356487.245][DEBUG]: DevTools WebSocket Response: Page.getFrameTree (id=132) (session_id=FF176FC0EA54D69F254130271142907E) 42C616D140C89C9FBC63000B562B7FD5 {
   "frameTree": {
      "frame": {
         "adFrameStatus": {
            "adFrameType": "none"
         },
         "crossOriginIsolatedContextType": "NotIsolated",
         "domainAndRegistry": "duckduckgo.com",
         "gatedAPIFeatures": [  ],
         "id": "42C616D140C89C9FBC63000B562B7FD5",
         "loaderId": "67CA4C2FEB986CE08D6B3D2BD7D3DB5F",
         "mimeType": "text/html",
         "secureContextType": "Secure",
         "securityOrigin": "https://duckduckgo.com",
         "securityOriginDetails": {
            "isLocalhost": false
         },
         "url": "https://duckduckgo.com/"
      }
   }
}
[1762356487.245][DEBUG]: DevTools WebSocket Command: DOM.resolveNode (id=133) (session_id=FF176FC0EA54D69F254130271142907E) 42C616D140C89C9FBC63000B562B7FD5 {
   "backendNodeId": 34,
   "objectGroup": "4b8f2408-0a63-4db1-9f03-f2d70614b717"
}
[1762356487.245][DEBUG]: DevTools WebSocket Response: DOM.resolveNode (id=133) (session_id=FF176FC0EA54D69F254130271142907E) 42C616D140C89C9FBC63000B562B7FD5 {
   "object": {
      "className": "HTMLButtonElement",
      "description": "button.iconButton_button__A_Uiu.searchbox_searchButton__LxebD",
      "objectId": "3199067383670679968.1.25",
      "subtype": "node",
      "type": "object"
   }
}
[1762356487.245][DEBUG]: DevTools WebSocket Command: Page.getFrameTree (id=134) (session_id=FF176FC0EA54D69F254130271142907E) 42C616D140C89C9FBC63000B562B7FD5 {
}
[1762356487.245][DEBUG]: DevTools WebSocket Response: Page.getFrameTree (id=134) (session_id=FF176FC0EA54D69F254130271142907E) 42C616D140C89C9FBC63000B562B7FD5 {
   "frameTree": {
      "frame": {
         "adFrameStatus": {
            "adFrameType": "none"
         },
         "crossOriginIsolatedContextType": "NotIsolated",
         "domainAndRegistry": "duckduckgo.com",
         "gatedAPIFeatures": [  ],
         "id": "42C616D140C89C9FBC63000B562B7FD5",
         "loaderId": "67CA4C2FEB986CE08D6B3D2BD7D3DB5F",
         "mimeType": "text/html",
         "secureContextType": "Secure",
         "securityOrigin": "https://duckduckgo.com",
         "securityOriginDetails": {
            "isLocalhost": false
         },
         "url": "https://duckduckgo.com/"
      }
   }
}
[1762356487.246][DEBUG]: DevTools WebSocket Command: Runtime.callFunctionOn (id=135) (session_id=FF176FC0EA54D69F254130271142907E) 42C616D140C89C9FBC63000B562B7FD5 {
   "arguments": [ {
      "objectId": "3199067383670679968.1.25"
   } ],
   "awaitPromise": true,
   "functionDeclaration": "function(){ return (function() { // Copyright 2012 The Chromium Authors\n// Use of this source code is governed by a BSD-style license that can be\n// found in the LICENSE file.\n\n/**\n * Enum for WebD...",
   "objectGroup": "4b8f2408-0a63-4db1-9f03-f2d70614b717",
   "serializationOptions": {
      "serialization": "deep"
   },
   "uniqueContextId": "-2927379068916719834.-7165599226159779047"
}
[1762356487.248][DEBUG]: DevTools WebSocket Response: Runtime.callFunctionOn (id=135) (session_id=FF176FC0EA54D69F254130271142907E) 42C616D140C89C9FBC63000B562B7FD5 {
   "result": {
      "className": "Array",
      "deepSerializedValue": {
         "type": "array",
         "value": [ {
            "type": "string",
            "value": "{\"status\":0,\"value\":{\"clickable\":true,\"message\":\"Element's descendant would receive the click. Consider clicking the descendant instead. Descendant: \u003Csvg fill=\\\"none\\\" viewBox=\\\"0 0 16 16\\\" xmlns=\\..."
         } ]
      },
      "description": "Array(1)",
      "objectId": "3199067383670679968.1.26",
      "subtype": "array",
      "type": "object"
   }
}
[1762356487.248][DEBUG]: DevTools WebSocket Command: Runtime.releaseObjectGroup (id=136) (session_id=FF176FC0EA54D69F254130271142907E) 42C616D140C89C9FBC63000B562B7FD5 {
   "objectGroup": "4b8f2408-0a63-4db1-9f03-f2d70614b717"
}
[1762356487.248][DEBUG]: DevTools WebSocket Command: Page.getFrameTree (id=137) (session_id=FF176FC0EA54D69F254130271142907E) 42C616D140C89C9FBC63000B562B7FD5 {
}
[1762356487.248][DEBUG]: DevTools WebSocket Response: Runtime.releaseObjectGroup (id=136) (session_id=FF176FC0EA54D69F254130271142907E) 42C616D140C89C9FBC63000B562B7FD5 {
}
[1762356487.248][DEBUG]: DevTools WebSocket Response: Page.getFrameTree (id=137) (session_id=FF176FC0EA54D69F254130271142907E) 42C616D140C89C9FBC63000B562B7FD5 {
   "frameTree": {
      "frame": {
         "adFrameStatus": {
            "adFrameType": "none"
         },
         "crossOriginIsolatedContextType": "NotIsolated",
         "domainAndRegistry": "duckduckgo.com",
         "gatedAPIFeatures": [  ],
         "id": "42C616D140C89C9FBC63000B562B7FD5",
         "loaderId": "67CA4C2FEB986CE08D6B3D2BD7D3DB5F",
         "mimeType": "text/html",
         "secureContextType": "Secure",
         "securityOrigin": "https://duckduckgo.com",
         "securityOriginDetails": {
            "isLocalhost": false
         },
         "url": "https://duckduckgo.com/"
      }
   }
}
[1762356487.248][DEBUG]: DevTools WebSocket Command: DOM.resolveNode (id=138) (session_id=FF176FC0EA54D69F254130271142907E) 42C616D140C89C9FBC63000B562B7FD5 {
   "backendNodeId": 34,
   "objectGroup": "74c0b0ce-9e02-4467-bf61-298f1a34653d"
}
[1762356487.248][DEBUG]: DevTools WebSocket Response: DOM.resolveNode (id=138) (session_id=FF176FC0EA54D69F254130271142907E) 42C616D140C89C9FBC63000B562B7FD5 {
   "object": {
      "className": "HTMLButtonElement",
      "description": "button.iconButton_button__A_Uiu.searchbox_searchButton__LxebD",
      "objectId": "3199067383670679968.1.27",
      "subtype": "node",
      "type": "object"
   }
}
[1762356487.248][DEBUG]: DevTools WebSocket Command: Page.getFrameTree (id=139) (session_id=FF176FC0EA54D69F254130271142907E) 42C616D140C89C9FBC63000B562B7FD5 {
}
[1762356487.249][DEBUG]: DevTools WebSocket Response: Page.getFrameTree (id=139) (session_id=FF176FC0EA54D69F254130271142907E) 42C616D140C89C9FBC63000B562B7FD5 {
   "frameTree": {
      "frame": {
         "adFrameStatus": {
            "adFrameType": "none"
         },
         "crossOriginIsolatedContextType": "NotIsolated",
         "domainAndRegistry": "duckduckgo.com",
         "gatedAPIFeatures": [  ],
         "id": "42C616D140C89C9FBC63000B562B7FD5",
         "loaderId": "67CA4C2FEB986CE08D6B3D2BD7D3DB5F",
         "mimeType": "text/html",
         "secureContextType": "Secure",
         "securityOrigin": "https://duckduckgo.com",
         "securityOriginDetails": {
            "isLocalhost": false
         },
         "url": "https://duckduckgo.com/"
      }
   }
}
[1762356487.249][DEBUG]: DevTools WebSocket Command: Runtime.callFunctionOn (id=140) (session_id=FF176FC0EA54D69F254130271142907E) 42C616D140C89C9FBC63000B562B7FD5 {
   "arguments": [ {
      "objectId": "3199067383670679968.1.27"
   } ],
   "awaitPromise": true,
   "functionDeclaration": "function(){ return (function() { // Copyright 2012 The Chromium Authors\n// Use of this source code is governed by a BSD-style license that can be\n// found in the LICENSE file.\n\n/**\n * Enum for WebD...",
   "objectGroup": "74c0b0ce-9e02-4467-bf61-298f1a34653d",
   "serializationOptions": {
      "serialization": "deep"
   },
   "uniqueContextId": "-2927379068916719834.-7165599226159779047"
}
[1762356487.249][DEBUG]: DevTools WebSocket Response: Runtime.callFunctionOn (id=140) (session_id=FF176FC0EA54D69F254130271142907E) 42C616D140C89C9FBC63000B562B7FD5 {
   "result": {
      "className": "Array",
      "deepSerializedValue": {
         "type": "array",
         "value": [ {
            "type": "string",
            "value": "{\"status\":0,\"value\":\"BUTTON\"}"
         } ]
      },
      "description": "Array(1)",
      "objectId": "3199067383670679968.1.28",
      "subtype": "array",
      "type": "object"
   }
}
[1762356487.249][DEBUG]: DevTools WebSocket Command: Runtime.releaseObjectGroup (id=141) (session_id=FF176FC0EA54D69F254130271142907E) 42C616D140C89C9FBC63000B562B7FD5 {
   "objectGroup": "74c0b0ce-9e02-4467-bf61-298f1a34653d"
}
[1762356487.249][DEBUG]: DevTools WebSocket Command: Page.getFrameTree (id=142) (session_id=FF176FC0EA54D69F254130271142907E) 42C616D140C89C9FBC63000B562B7FD5 {
}
[1762356487.249][DEBUG]: DevTools WebSocket Response: Runtime.releaseObjectGroup (id=141) (session_id=FF176FC0EA54D69F254130271142907E) 42C616D140C89C9FBC63000B562B7FD5 {
}
[1762356487.249][DEBUG]: DevTools WebSocket Response: Page.getFrameTree (id=142) (session_id=FF176FC0EA54D69F254130271142907E) 42C616D140C89C9FBC63000B562B7FD5 {
   "frameTree": {
      "frame": {
         "adFrameStatus": {
            "adFrameType": "none"
         },
         "crossOriginIsolatedContextType": "NotIsolated",
         "domainAndRegistry": "duckduckgo.com",
         "gatedAPIFeatures": [  ],
         "id": "42C616D140C89C9FBC63000B562B7FD5",
         "loaderId": "67CA4C2FEB986CE08D6B3D2BD7D3DB5F",
         "mimeType": "text/html",
         "secureContextType": "Secure",
         "securityOrigin": "https://duckduckgo.com",
         "securityOriginDetails": {
            "isLocalhost": false
         },
         "url": "https://duckduckgo.com/"
      }
   }
}
[1762356487.249][DEBUG]: DevTools WebSocket Command: DOM.resolveNode (id=143) (session_id=FF176FC0EA54D69F254130271142907E) 42C616D140C89C9FBC63000B562B7FD5 {
   "backendNodeId": 34,
   "objectGroup": "9a5364c5-3f3a-48a6-b2f6-bd3a4ff118e9"
}
[1762356487.249][DEBUG]: DevTools WebSocket Response: DOM.resolveNode (id=143) (session_id=FF176FC0EA54D69F254130271142907E) 42C616D140C89C9FBC63000B562B7FD5 {
   "object": {
      "className": "HTMLButtonElement",
      "description": "button.iconButton_button__A_Uiu.searchbox_searchButton__LxebD",
      "objectId": "3199067383670679968.1.29",
      "subtype": "node",
      "type": "object"
   }
}
[1762356487.249][DEBUG]: DevTools WebSocket Command: Page.getFrameTree (id=144) (session_id=FF176FC0EA54D69F254130271142907E) 42C616D140C89C9FBC63000B562B7FD5 {
}
[1762356487.250][DEBUG]: DevTools WebSocket Response: Page.getFrameTree (id=144) (session_id=FF176FC0EA54D69F254130271142907E) 42C616D140C89C9FBC63000B562B7FD5 {
   "frameTree": {
      "frame": {
         "adFrameStatus": {
            "adFrameType": "none"
         },
         "crossOriginIsolatedContextType": "NotIsolated",
         "domainAndRegistry": "duckduckgo.com",
         "gatedAPIFeatures": [  ],
         "id": "42C616D140C89C9FBC63000B562B7FD5",
         "loaderId": "67CA4C2FEB986CE08D6B3D2BD7D3DB5F",
         "mimeType": "text/html",
         "secureContextType": "Secure",
         "securityOrigin": "https://duckduckgo.com",
         "securityOriginDetails": {
            "isLocalhost": false
         },
         "url": "https://duckduckgo.com/"
      }
   }
}
[1762356487.250][DEBUG]: DevTools WebSocket Command: Runtime.callFunctionOn (id=145) (session_id=FF176FC0EA54D69F254130271142907E) 42C616D140C89C9FBC63000B562B7FD5 {
   "arguments": [ {
      "objectId": "3199067383670679968.1.29"
   } ],
   "awaitPromise": true,
   "functionDeclaration": "function(){ return (function() { // Copyright 2012 The Chromium Authors\n// Use of this source code is governed by a BSD-style license that can be\n// found in the LICENSE file.\n\n/**\n * Enum for WebD...",
   "objectGroup": "9a5364c5-3f3a-48a6-b2f6-bd3a4ff118e9",
   "serializationOptions": {
      "serialization": "deep"
   },
   "uniqueContextId": "-2927379068916719834.-7165599226159779047"
}
[1762356487.252][DEBUG]: DevTools WebSocket Response: Runtime.callFunctionOn (id=145) (session_id=FF176FC0EA54D69F254130271142907E) 42C616D140C89C9FBC63000B562B7FD5 {
   "result": {
      "className": "Array",
      "deepSerializedValue": {
         "type": "array",
         "value": [ {
            "type": "string",
            "value": "{\"status\":0,\"value\":true}"
         } ]
      },
      "description": "Array(1)",
      "objectId": "3199067383670679968.1.30",
      "subtype": "array",
      "type": "object"
   }
}
[1762356487.252][DEBUG]: DevTools WebSocket Command: Runtime.releaseObjectGroup (id=146) (session_id=FF176FC0EA54D69F254130271142907E) 42C616D140C89C9FBC63000B562B7FD5 {
   "objectGroup": "9a5364c5-3f3a-48a6-b2f6-bd3a4ff118e9"
}
[1762356487.252][DEBUG]: DevTools WebSocket Command: Page.getFrameTree (id=147) (session_id=FF176FC0EA54D69F254130271142907E) 42C616D140C89C9FBC63000B562B7FD5 {
}
[1762356487.252][DEBUG]: DevTools WebSocket Response: Runtime.releaseObjectGroup (id=146) (session_id=FF176FC0EA54D69F254130271142907E) 42C616D140C89C9FBC63000B562B7FD5 {
}
[1762356487.252][DEBUG]: DevTools WebSocket Response: Page.getFrameTree (id=147) (session_id=FF176FC0EA54D69F254130271142907E) 42C616D140C89C9FBC63000B562B7FD5 {
   "frameTree": {
      "frame": {
         "adFrameStatus": {
            "adFrameType": "none"
         },
         "crossOriginIsolatedContextType": "NotIsolated",
         "domainAndRegistry": "duckduckgo.com",
         "gatedAPIFeatures": [  ],
         "id": "42C616D140C89C9FBC63000B562B7FD5",
         "loaderId": "67CA4C2FEB986CE08D6B3D2BD7D3DB5F",
         "mimeType": "text/html",
         "secureContextType": "Secure",
         "securityOrigin": "https://duckduckgo.com",
         "securityOriginDetails": {
            "isLocalhost": false
         },
         "url": "https://duckduckgo.com/"
      }
   }
}
[1762356487.252][DEBUG]: DevTools WebSocket Command: DOM.resolveNode (id=148) (session_id=FF176FC0EA54D69F254130271142907E) 42C616D140C89C9FBC63000B562B7FD5 {
   "backendNodeId": 34,
   "objectGroup": "b58fe334-9b62-4ba9-b85b-d0a7302fe7a4"
}
[1762356487.252][DEBUG]: DevTools WebSocket Response: DOM.resolveNode (id=148) (session_id=FF176FC0EA54D69F254130271142907E) 42C616D140C89C9FBC63000B562B7FD5 {
   "object": {
      "className": "HTMLButtonElement",
      "description": "button.iconButton_button__A_Uiu.searchbox_searchButton__LxebD",
      "objectId": "3199067383670679968.1.31",
      "subtype": "node",
      "type": "object"
   }
}
[1762356487.252][DEBUG]: DevTools WebSocket Command: Page.getFrameTree (id=149) (session_id=FF176FC0EA54D69F254130271142907E) 42C616D140C89C9FBC63000B562B7FD5 {
}
[1762356487.252][DEBUG]: DevTools WebSocket Response: Page.getFrameTree (id=149) (session_id=FF176FC0EA54D69F254130271142907E) 42C616D140C89C9FBC63000B562B7FD5 {
   "frameTree": {
      "frame": {
         "adFrameStatus": {
            "adFrameType": "none"
         },
         "crossOriginIsolatedContextType": "NotIsolated",
         "domainAndRegistry": "duckduckgo.com",
         "gatedAPIFeatures": [  ],
         "id": "42C616D140C89C9FBC63000B562B7FD5",
         "loaderId": "67CA4C2FEB986CE08D6B3D2BD7D3DB5F",
         "mimeType": "text/html",
         "secureContextType": "Secure",
         "securityOrigin": "https://duckduckgo.com",
         "securityOriginDetails": {
            "isLocalhost": false
         },
         "url": "https://duckduckgo.com/"
      }
   }
}
[1762356487.252][DEBUG]: DevTools WebSocket Command: Runtime.callFunctionOn (id=150) (session_id=FF176FC0EA54D69F254130271142907E) 42C616D140C89C9FBC63000B562B7FD5 {
   "arguments": [ {
      "objectId": "3199067383670679968.1.31"
   } ],
   "awaitPromise": true,
   "functionDeclaration": "function(){ return (function() { // Copyright 2012 The Chromium Authors\n// Use of this source code is governed by a BSD-style license that can be\n// found in the LICENSE file.\n\n/**\n * Enum for WebD...",
   "objectGroup": "b58fe334-9b62-4ba9-b85b-d0a7302fe7a4",
   "serializationOptions": {
      "serialization": "deep"
   },
   "uniqueContextId": "-2927379068916719834.-7165599226159779047"
}
[1762356487.253][DEBUG]: DevTools WebSocket Response: Runtime.callFunctionOn (id=150) (session_id=FF176FC0EA54D69F254130271142907E) 42C616D140C89C9FBC63000B562B7FD5 {
   "result": {
      "className": "Array",
      "deepSerializedValue": {
         "type": "array",
         "value": [ {
            "type": "string",
            "value": "{\"status\":0,\"value\":{\"left\":0,\"top\":0,\"height\":44,\"width\":50}}"
         } ]
      },
      "description": "Array(1)",
      "objectId": "3199067383670679968.1.32",
      "subtype": "array",
      "type": "object"
   }
}
[1762356487.253][DEBUG]: DevTools WebSocket Command: Runtime.releaseObjectGroup (id=151) (session_id=FF176FC0EA54D69F254130271142907E) 42C616D140C89C9FBC63000B562B7FD5 {
   "objectGroup": "b58fe334-9b62-4ba9-b85b-d0a7302fe7a4"
}
[1762356487.253][DEBUG]: DevTools WebSocket Command: Page.getFrameTree (id=152) (session_id=FF176FC0EA54D69F254130271142907E) 42C616D140C89C9FBC63000B562B7FD5 {
}
[1762356487.253][DEBUG]: DevTools WebSocket Response: Runtime.releaseObjectGroup (id=151) (session_id=FF176FC0EA54D69F254130271142907E) 42C616D140C89C9FBC63000B562B7FD5 {
}
[1762356487.253][DEBUG]: DevTools WebSocket Response: Page.getFrameTree (id=152) (session_id=FF176FC0EA54D69F254130271142907E) 42C616D140C89C9FBC63000B562B7FD5 {
   "frameTree": {
      "frame": {
         "adFrameStatus": {
            "adFrameType": "none"
         },
         "crossOriginIsolatedContextType": "NotIsolated",
         "domainAndRegistry": "duckduckgo.com",
         "gatedAPIFeatures": [  ],
         "id": "42C616D140C89C9FBC63000B562B7FD5",
         "loaderId": "67CA4C2FEB986CE08D6B3D2BD7D3DB5F",
         "mimeType": "text/html",
         "secureContextType": "Secure",
         "securityOrigin": "https://duckduckgo.com",
         "securityOriginDetails": {
            "isLocalhost": false
         },
         "url": "https://duckduckgo.com/"
      }
   }
}
[1762356487.253][DEBUG]: DevTools WebSocket Command: DOM.resolveNode (id=153) (session_id=FF176FC0EA54D69F254130271142907E) 42C616D140C89C9FBC63000B562B7FD5 {
   "backendNodeId": 34,
   "objectGroup": "abaaf923-d6fd-4730-a458-0bfcff007bc1"
}
[1762356487.253][DEBUG]: DevTools WebSocket Response: DOM.resolveNode (id=153) (session_id=FF176FC0EA54D69F254130271142907E) 42C616D140C89C9FBC63000B562B7FD5 {
   "object": {
      "className": "HTMLButtonElement",
      "description": "button.iconButton_button__A_Uiu.searchbox_searchButton__LxebD",
      "objectId": "3199067383670679968.1.33",
      "subtype": "node",
      "type": "object"
   }
}
[1762356487.253][DEBUG]: DevTools WebSocket Command: Page.getFrameTree (id=154) (session_id=FF176FC0EA54D69F254130271142907E) 42C616D140C89C9FBC63000B562B7FD5 {
}
[1762356487.253][DEBUG]: DevTools WebSocket Response: Page.getFrameTree (id=154) (session_id=FF176FC0EA54D69F254130271142907E) 42C616D140C89C9FBC63000B562B7FD5 {
   "frameTree": {
      "frame": {
         "adFrameStatus": {
            "adFrameType": "none"
         },
         "crossOriginIsolatedContextType": "NotIsolated",
         "domainAndRegistry": "duckduckgo.com",
         "gatedAPIFeatures": [  ],
         "id": "42C616D140C89C9FBC63000B562B7FD5",
         "loaderId": "67CA4C2FEB986CE08D6B3D2BD7D3DB5F",
         "mimeType": "text/html",
         "secureContextType": "Secure",
         "securityOrigin": "https://duckduckgo.com",
         "securityOriginDetails": {
            "isLocalhost": false
         },
         "url": "https://duckduckgo.com/"
      }
   }
}
[1762356487.254][DEBUG]: DevTools WebSocket Command: Runtime.callFunctionOn (id=155) (session_id=FF176FC0EA54D69F254130271142907E) 42C616D140C89C9FBC63000B562B7FD5 {
   "arguments": [ {
      "objectId": "3199067383670679968.1.33"
   } ],
   "awaitPromise": true,
   "functionDeclaration": "function(){ return (function() { // Copyright 2012 The Chromium Authors\n// Use of this source code is governed by a BSD-style license that can be\n// found in the LICENSE file.\n\n/**\n * Enum for WebD...",
   "objectGroup": "abaaf923-d6fd-4730-a458-0bfcff007bc1",
   "serializationOptions": {
      "serialization": "deep"
   },
   "uniqueContextId": "-2927379068916719834.-7165599226159779047"
}
[1762356487.255][DEBUG]: DevTools WebSocket Response: Runtime.callFunctionOn (id=155) (session_id=FF176FC0EA54D69F254130271142907E) 42C616D140C89C9FBC63000B562B7FD5 {
   "result": {
      "className": "Array",
      "deepSerializedValue": {
         "type": "array",
         "value": [ {
            "type": "string",
            "value": "{\"status\":0,\"value\":{\"x\":610.8125,\"y\":36.5,\"clone\":{},\"ceil\":{},\"floor\":{},\"round\":{},\"translate\":{},\"scale\":{}}}"
         } ]
      },
      "description": "Array(1)",
      "objectId": "3199067383670679968.1.34",
      "subtype": "array",
      "type": "object"
   }
}
[1762356487.255][DEBUG]: DevTools WebSocket Command: Runtime.releaseObjectGroup (id=156) (session_id=FF176FC0EA54D69F254130271142907E) 42C616D140C89C9FBC63000B562B7FD5 {
   "objectGroup": "abaaf923-d6fd-4730-a458-0bfcff007bc1"
}
[1762356487.255][DEBUG]: DevTools WebSocket Command: Page.getFrameTree (id=157) (session_id=FF176FC0EA54D69F254130271142907E) 42C616D140C89C9FBC63000B562B7FD5 {
}
[1762356487.256][DEBUG]: DevTools WebSocket Response: Runtime.releaseObjectGroup (id=156) (session_id=FF176FC0EA54D69F254130271142907E) 42C616D140C89C9FBC63000B562B7FD5 {
}
[1762356487.256][DEBUG]: DevTools WebSocket Response: Page.getFrameTree (id=157) (session_id=FF176FC0EA54D69F254130271142907E) 42C616D140C89C9FBC63000B562B7FD5 {
   "frameTree": {
      "frame": {
         "adFrameStatus": {
            "adFrameType": "none"
         },
         "crossOriginIsolatedContextType": "NotIsolated",
         "domainAndRegistry": "duckduckgo.com",
         "gatedAPIFeatures": [  ],
         "id": "42C616D140C89C9FBC63000B562B7FD5",
         "loaderId": "67CA4C2FEB986CE08D6B3D2BD7D3DB5F",
         "mimeType": "text/html",
         "secureContextType": "Secure",
         "securityOrigin": "https://duckduckgo.com",
         "securityOriginDetails": {
            "isLocalhost": false
         },
         "url": "https://duckduckgo.com/"
      }
   }
}
[1762356487.256][DEBUG]: DevTools WebSocket Command: DOM.resolveNode (id=158) (session_id=FF176FC0EA54D69F254130271142907E) 42C616D140C89C9FBC63000B562B7FD5 {
   "backendNodeId": 34,
   "objectGroup": "a9001b49-06c2-4fec-8f4e-92efd23e8b0a"
}
[1762356487.256][DEBUG]: DevTools WebSocket Response: DOM.resolveNode (id=158) (session_id=FF176FC0EA54D69F254130271142907E) 42C616D140C89C9FBC63000B562B7FD5 {
   "object": {
      "className": "HTMLButtonElement",
      "description": "button.iconButton_button__A_Uiu.searchbox_searchButton__LxebD",
      "objectId": "3199067383670679968.1.35",
      "subtype": "node",
      "type": "object"
   }
}
[1762356487.256][DEBUG]: DevTools WebSocket Command: Page.getFrameTree (id=159) (session_id=FF176FC0EA54D69F254130271142907E) 42C616D140C89C9FBC63000B562B7FD5 {
}
[1762356487.256][DEBUG]: DevTools WebSocket Response: Page.getFrameTree (id=159) (session_id=FF176FC0EA54D69F254130271142907E) 42C616D140C89C9FBC63000B562B7FD5 {
   "frameTree": {
      "frame": {
         "adFrameStatus": {
            "adFrameType": "none"
         },
         "crossOriginIsolatedContextType": "NotIsolated",
         "domainAndRegistry": "duckduckgo.com",
         "gatedAPIFeatures": [  ],
         "id": "42C616D140C89C9FBC63000B562B7FD5",
         "loaderId": "67CA4C2FEB986CE08D6B3D2BD7D3DB5F",
         "mimeType": "text/html",
         "secureContextType": "Secure",
         "securityOrigin": "https://duckduckgo.com",
         "securityOriginDetails": {
            "isLocalhost": false
         },
         "url": "https://duckduckgo.com/"
      }
   }
}
[1762356487.257][DEBUG]: DevTools WebSocket Command: Runtime.callFunctionOn (id=160) (session_id=FF176FC0EA54D69F254130271142907E) 42C616D140C89C9FBC63000B562B7FD5 {
   "arguments": [ {
      "objectId": "3199067383670679968.1.35"
   } ],
   "awaitPromise": true,
   "functionDeclaration": "function(){ return (function() { // Copyright 2012 The Chromium Authors\n// Use of this source code is governed by a BSD-style license that can be\n// found in the LICENSE file.\n\n/**\n * Enum for WebD...",
   "objectGroup": "a9001b49-06c2-4fec-8f4e-92efd23e8b0a",
   "serializationOptions": {
      "serialization": "deep"
   },
   "uniqueContextId": "-2927379068916719834.-7165599226159779047"
}
[1762356487.259][DEBUG]: DevTools WebSocket Response: Runtime.callFunctionOn (id=160) (session_id=FF176FC0EA54D69F254130271142907E) 42C616D140C89C9FBC63000B562B7FD5 {
   "result": {
      "className": "Array",
      "deepSerializedValue": {
         "type": "array",
         "value": [ {
            "type": "string",
            "value": "{\"status\":0,\"value\":{\"clickable\":true,\"message\":\"Element's descendant would receive the click. Consider clicking the descendant instead. Descendant: \u003Csvg fill=\\\"none\\\" viewBox=\\\"0 0 16 16\\\" xmlns=\\..."
         } ]
      },
      "description": "Array(1)",
      "objectId": "3199067383670679968.1.36",
      "subtype": "array",
      "type": "object"
   }
}
[1762356487.259][DEBUG]: DevTools WebSocket Command: Runtime.releaseObjectGroup (id=161) (session_id=FF176FC0EA54D69F254130271142907E) 42C616D140C89C9FBC63000B562B7FD5 {
   "objectGroup": "a9001b49-06c2-4fec-8f4e-92efd23e8b0a"
}
[1762356487.259][DEBUG]: DevTools WebSocket Command: Input.dispatchMouseEvent (id=162) (session_id=FF176FC0EA54D69F254130271142907E) 42C616D140C89C9FBC63000B562B7FD5 {
   "button": "none",
   "buttons": 0,
   "clickCount": 0,
   "force": 0.0,
   "modifiers": 0,
   "pointerType": "mouse",
   "tangentialPressure": 0.0,
   "tiltX": 0,
   "tiltY": 0,
   "twist": 0,
   "type": "mouseMoved",
   "x": 635,
   "y": 58
}
[1762356487.259][DEBUG]: DevTools WebSocket Command: Input.dispatchMouseEvent (id=163) (session_id=FF176FC0EA54D69F254130271142907E) 42C616D140C89C9FBC63000B562B7FD5 {
   "button": "left",
   "buttons": 0,
   "clickCount": 1,
   "force": 0.0,
   "modifiers": 0,
   "pointerType": "mouse",
   "tangentialPressure": 0.0,
   "tiltX": 0,
   "tiltY": 0,
   "twist": 0,
   "type": "mousePressed",
   "x": 635,
   "y": 58
}
[1762356487.259][DEBUG]: DevTools WebSocket Command: Input.dispatchMouseEvent (id=164) (session_id=FF176FC0EA54D69F254130271142907E) 42C616D140C89C9FBC63000B562B7FD5 {
   "button": "left",
   "buttons": 1,
   "clickCount": 1,
   "force": 0.0,
   "modifiers": 0,
   "pointerType": "mouse",
   "tangentialPressure": 0.0,
   "tiltX": 0,
   "tiltY": 0,
   "twist": 0,
   "type": "mouseReleased",
   "x": 635,
   "y": 58
}
[1762356487.260][DEBUG]: DevTools WebSocket Response: Input.dispatchMouseEvent (id=162) (session_id=FF176FC0EA54D69F254130271142907E) 42C616D140C89C9FBC63000B562B7FD5 {
}
[1762356487.261][DEBUG]: DevTools WebSocket Response: Input.dispatchMouseEvent (id=163) (session_id=FF176FC0EA54D69F254130271142907E) 42C616D140C89C9FBC63000B562B7FD5 {
}
[1762356487.263][DEBUG]: DevTools WebSocket Event: Page.frameRequestedNavigation (session_id=FF176FC0EA54D69F254130271142907E) 42C616D140C89C9FBC63000B562B7FD5 {
   "disposition": "currentTab",
   "frameId": "42C616D140C89C9FBC63000B562B7FD5",
   "reason": "formSubmissionGet",
   "url": "https://duckduckgo.com/?origin=funnel_home_website&t=h_&we_feature_name=search-from-homepage&we_started_at=15-28-07_261&q=Nightwatch.js"
}
[1762356487.263][DEBUG]: DevTools WebSocket Response: Input.dispatchMouseEvent (id=164) (session_id=FF176FC0EA54D69F254130271142907E) 42C616D140C89C9FBC63000B562B7FD5 {
}
[1762356487.263][INFO]: Waiting for pending navigations...
[1762356487.263][DEBUG]: DevTools WebSocket Command: Runtime.evaluate (id=165) (session_id=FF176FC0EA54D69F254130271142907E) 42C616D140C89C9FBC63000B562B7FD5 {
   "expression": "1"
}
[1762356487.275][DEBUG]: DevTools WebSocket Response: Runtime.releaseObjectGroup (id=161) (session_id=FF176FC0EA54D69F254130271142907E) 42C616D140C89C9FBC63000B562B7FD5 {
}
[1762356487.275][DEBUG]: DevTools WebSocket Event: Page.frameScheduledNavigation (session_id=FF176FC0EA54D69F254130271142907E) 42C616D140C89C9FBC63000B562B7FD5 {
   "delay": 0,
   "frameId": "42C616D140C89C9FBC63000B562B7FD5",
   "reason": "formSubmissionGet",
   "url": "https://duckduckgo.com/?origin=funnel_home_website&t=h_&we_feature_name=search-from-homepage&we_started_at=15-28-07_261&q=Nightwatch.js"
}
[1762356487.277][DEBUG]: DevTools WebSocket Event: Page.frameStartedNavigating (session_id=FF176FC0EA54D69F254130271142907E) 42C616D140C89C9FBC63000B562B7FD5 {
   "frameId": "42C616D140C89C9FBC63000B562B7FD5",
   "loaderId": "324B80B73ACA029549FFC1352C37CC13",
   "navigationType": "differentDocument",
   "url": "https://duckduckgo.com/?origin=funnel_home_website&t=h_&we_feature_name=search-from-homepage&we_started_at=15-28-07_261&q=Nightwatch.js"
}
[1762356487.277][DEBUG]: DevTools WebSocket Event: Page.frameStartedLoading (session_id=FF176FC0EA54D69F254130271142907E) 42C616D140C89C9FBC63000B562B7FD5 {
   "frameId": "42C616D140C89C9FBC63000B562B7FD5"
}
[1762356487.278][DEBUG]: DevTools WebSocket Event: Page.frameClearedScheduledNavigation (session_id=FF176FC0EA54D69F254130271142907E) 42C616D140C89C9FBC63000B562B7FD5 {
   "frameId": "42C616D140C89C9FBC63000B562B7FD5"
}
[1762356487.278][DEBUG]: DevTools WebSocket Response: Runtime.evaluate (id=165) (session_id=FF176FC0EA54D69F254130271142907E) 42C616D140C89C9FBC63000B562B7FD5 {
   "result": {
      "description": "1",
      "type": "number",
      "value": 1
   }
}
[1762356487.389][DEBUG]: DevTools WebSocket Event: Runtime.executionContextsCleared (session_id=FF176FC0EA54D69F254130271142907E) 42C616D140C89C9FBC63000B562B7FD5 {
}
[1762356487.389][INFO]: Done waiting for pending navigations. Status: ok
[1762356487.389][INFO]: [4fb7047454e10517427241b4800df23c] RESPONSE ClickElement
[1762356487.393][INFO]: [4fb7047454e10517427241b4800df23c] COMMAND FindElements {
   "using": "css selector",
   "value": "#react-layout"
}
[1762356487.393][DEBUG]: DevTools WebSocket Event: Runtime.executionContextsCleared (session_id=FF176FC0EA54D69F254130271142907E) 42C616D140C89C9FBC63000B562B7FD5 {
}
[1762356487.393][DEBUG]: DevTools WebSocket Event: Page.frameNavigated (session_id=FF176FC0EA54D69F254130271142907E) 42C616D140C89C9FBC63000B562B7FD5 {
   "frame": {
      "adFrameStatus": {
         "adFrameType": "none"
      },
      "crossOriginIsolatedContextType": "NotIsolated",
      "domainAndRegistry": "duckduckgo.com",
      "gatedAPIFeatures": [  ],
      "id": "42C616D140C89C9FBC63000B562B7FD5",
      "loaderId": "324B80B73ACA029549FFC1352C37CC13",
      "mimeType": "text/html",
      "secureContextType": "Secure",
      "securityOrigin": "https://duckduckgo.com",
      "securityOriginDetails": {
         "isLocalhost": false
      },
      "url": "https://duckduckgo.com/?origin=funnel_home_website&t=h_&we_feature_name=search-from-homepage&we_started_at=15-28-07_261&q=Nightwatch.js"
   },
   "type": "Navigation"
}
[1762356487.393][INFO]: Waiting for pending navigations...
[1762356487.393][INFO]: Done waiting for pending navigations. Status: ok
[1762356487.393][DEBUG]: DevTools WebSocket Command: Page.getFrameTree (id=166) (session_id=FF176FC0EA54D69F254130271142907E) 42C616D140C89C9FBC63000B562B7FD5 {
}
[1762356487.395][DEBUG]: DevTools WebSocket Event: Runtime.executionContextCreated (session_id=FF176FC0EA54D69F254130271142907E) 42C616D140C89C9FBC63000B562B7FD5 {
   "context": {
      "auxData": {
         "frameId": "42C616D140C89C9FBC63000B562B7FD5",
         "isDefault": true,
         "type": "default"
      },
      "id": 2,
      "name": "",
      "origin": "https://duckduckgo.com",
      "uniqueId": "4238479975417755192.-4673087169552091993"
   }
}
[1762356487.399][DEBUG]: DevTools WebSocket Response: Page.getFrameTree (id=166) (session_id=FF176FC0EA54D69F254130271142907E) 42C616D140C89C9FBC63000B562B7FD5 {
   "frameTree": {
      "frame": {
         "adFrameStatus": {
            "adFrameType": "none"
         },
         "crossOriginIsolatedContextType": "NotIsolated",
         "domainAndRegistry": "duckduckgo.com",
         "gatedAPIFeatures": [  ],
         "id": "42C616D140C89C9FBC63000B562B7FD5",
         "loaderId": "324B80B73ACA029549FFC1352C37CC13",
         "mimeType": "text/html",
         "secureContextType": "Secure",
         "securityOrigin": "https://duckduckgo.com",
         "securityOriginDetails": {
            "isLocalhost": false
         },
         "url": "https://duckduckgo.com/?origin=funnel_home_website&t=h_&we_feature_name=search-from-homepage&we_started_at=15-28-07_261&q=Nightwatch.js"
      }
   }
}
[1762356487.399][DEBUG]: DevTools WebSocket Command: Page.getFrameTree (id=167) (session_id=FF176FC0EA54D69F254130271142907E) 42C616D140C89C9FBC63000B562B7FD5 {
}
[1762356487.399][DEBUG]: DevTools WebSocket Response: Page.getFrameTree (id=167) (session_id=FF176FC0EA54D69F254130271142907E) 42C616D140C89C9FBC63000B562B7FD5 {
   "frameTree": {
      "frame": {
         "adFrameStatus": {
            "adFrameType": "none"
         },
         "crossOriginIsolatedContextType": "NotIsolated",
         "domainAndRegistry": "duckduckgo.com",
         "gatedAPIFeatures": [  ],
         "id": "42C616D140C89C9FBC63000B562B7FD5",
         "loaderId": "324B80B73ACA029549FFC1352C37CC13",
         "mimeType": "text/html",
         "secureContextType": "Secure",
         "securityOrigin": "https://duckduckgo.com",
         "securityOriginDetails": {
            "isLocalhost": false
         },
         "url": "https://duckduckgo.com/?origin=funnel_home_website&t=h_&we_feature_name=search-from-homepage&we_started_at=15-28-07_261&q=Nightwatch.js"
      }
   }
}
[1762356487.400][DEBUG]: DevTools WebSocket Command: Runtime.callFunctionOn (id=168) (session_id=FF176FC0EA54D69F254130271142907E) 42C616D140C89C9FBC63000B562B7FD5 {
   "arguments": [  ],
   "awaitPromise": true,
   "functionDeclaration": "function(){ return (function() { // Copyright 2012 The Chromium Authors\n// Use of this source code is governed by a BSD-style license that can be\n// found in the LICENSE file.\n\n/**\n * Enum for WebD...",
   "serializationOptions": {
      "serialization": "deep"
   },
   "uniqueContextId": "4238479975417755192.-4673087169552091993"
}
[1762356487.405][DEBUG]: DevTools WebSocket Response: Runtime.callFunctionOn (id=168) (session_id=FF176FC0EA54D69F254130271142907E) 42C616D140C89C9FBC63000B562B7FD5 {
   "result": {
      "className": "Array",
      "deepSerializedValue": {
         "type": "array",
         "value": [ {
            "type": "string",
            "value": "{\"status\":0,\"value\":[]}"
         } ]
      },
      "description": "Array(1)",
      "objectId": "3199067383670679968.2.1",
      "subtype": "array",
      "type": "object"
   }
}
[1762356487.405][INFO]: Waiting for pending navigations...
[1762356487.405][DEBUG]: DevTools WebSocket Command: Runtime.evaluate (id=169) (session_id=FF176FC0EA54D69F254130271142907E) 42C616D140C89C9FBC63000B562B7FD5 {
   "expression": "1"
}
[1762356487.405][DEBUG]: DevTools WebSocket Response: Runtime.evaluate (id=169) (session_id=FF176FC0EA54D69F254130271142907E) 42C616D140C89C9FBC63000B562B7FD5 {
   "result": {
      "description": "1",
      "type": "number",
      "value": 1
   }
}
[1762356487.809][DEBUG]: DevTools WebSocket Event: Page.navigatedWithinDocument (session_id=FF176FC0EA54D69F254130271142907E) 42C616D140C89C9FBC63000B562B7FD5 {
   "frameId": "42C616D140C89C9FBC63000B562B7FD5",
   "navigationType": "historyApi",
   "url": "https://duckduckgo.com/?origin=funnel_home_website&t=h_&we_feature_name=search-from-homepage&we_started_at=15-28-07_261&q=Nightwatch.js"
}
[1762356487.809][DEBUG]: DevTools WebSocket Command: Runtime.evaluate (id=170) (session_id=FF176FC0EA54D69F254130271142907E) 42C616D140C89C9FBC63000B562B7FD5 {
   "expression": "1"
}
[1762356487.811][DEBUG]: DevTools WebSocket Response: Runtime.evaluate (id=170) (session_id=FF176FC0EA54D69F254130271142907E) 42C616D140C89C9FBC63000B562B7FD5 {
   "result": {
      "description": "1",
      "type": "number",
      "value": 1
   }
}
[1762356487.937][DEBUG]: DevTools WebSocket Event: Page.navigatedWithinDocument (session_id=FF176FC0EA54D69F254130271142907E) 42C616D140C89C9FBC63000B562B7FD5 {
   "frameId": "42C616D140C89C9FBC63000B562B7FD5",
   "navigationType": "historyApi",
   "url": "https://duckduckgo.com/?origin=funnel_home_website&t=h_&q=Nightwatch.js"
}
[1762356487.938][DEBUG]: DevTools WebSocket Event: Page.navigatedWithinDocument (session_id=FF176FC0EA54D69F254130271142907E) 42C616D140C89C9FBC63000B562B7FD5 {
   "frameId": "42C616D140C89C9FBC63000B562B7FD5",
   "navigationType": "historyApi",
   "url": "https://duckduckgo.com/?origin=funnel_home_website&t=h_&q=Nightwatch.js"
}
[1762356487.938][DEBUG]: DevTools WebSocket Event: Page.frameAttached (session_id=FF176FC0EA54D69F254130271142907E) 42C616D140C89C9FBC63000B562B7FD5 {
   "frameId": "4E39F45C2E9C1096965B19CDD7780287",
   "parentFrameId": "42C616D140C89C9FBC63000B562B7FD5",
   "stack": {
      "callFrames": [ {
         "columnNumber": 131007,
         "functionName": "_initializePage",
         "lineNumber": 0,
         "scriptId": "67",
         "url": "https://duckduckgo.com/dist/d.da46c1666da2017aae0e.js"
      }, {
         "columnNumber": 123343,
         "functionName": "ready",
         "lineNumber": 0,
         "scriptId": "67",
         "url": "https://duckduckgo.com/dist/d.da46c1666da2017aae0e.js"
      }, {
         "columnNumber": 138031,
         "functionName": "ready",
         "lineNumber": 0,
         "scriptId": "68",
         "url": "https://duckduckgo.com/dist/g.4c733408400c9c010a2b.js"
      }, {
         "columnNumber": 46513,
         "functionName": "",
         "lineNumber": 0,
         "scriptId": "62",
         "url": "https://duckduckgo.com/dist/util/u.5848e124a5ea962af8e6.js"
      }, {
         "columnNumber": 18319,
         "functionName": "c",
         "lineNumber": 44,
         "scriptId": "59",
         "url": "https://duckduckgo.com/dist/lib/l.32113981e35aa54fc221.js"
      }, {
         "columnNumber": 19120,
         "functionName": "fireWith",
         "lineNumber": 44,
         "scriptId": "59",
         "url": "https://duckduckgo.com/dist/lib/l.32113981e35aa54fc221.js"
      }, {
         "columnNumber": 3468,
         "functionName": "ready",
         "lineNumber": 33,
         "scriptId": "59",
         "url": "https://duckduckgo.com/dist/lib/l.32113981e35aa54fc221.js"
      }, {
         "columnNumber": 715,
         "functionName": "L",
         "lineNumber": 33,
         "scriptId": "59",
         "url": "https://duckduckgo.com/dist/lib/l.32113981e35aa54fc221.js"
      } ]
   }
}
[1762356487.938][DEBUG]: DevTools WebSocket Command: Runtime.evaluate (id=171) (session_id=FF176FC0EA54D69F254130271142907E) 42C616D140C89C9FBC63000B562B7FD5 {
   "expression": "1"
}
[1762356487.938][DEBUG]: DevTools WebSocket Event: Page.frameRequestedNavigation (session_id=FF176FC0EA54D69F254130271142907E) 42C616D140C89C9FBC63000B562B7FD5 {
   "disposition": "currentTab",
   "frameId": "4E39F45C2E9C1096965B19CDD7780287",
   "reason": "initialFrameNavigation",
   "url": "https://duckduckgo.com/post3.html"
}
[1762356487.938][DEBUG]: DevTools WebSocket Event: Page.frameStartedNavigating (session_id=FF176FC0EA54D69F254130271142907E) 42C616D140C89C9FBC63000B562B7FD5 {
   "frameId": "4E39F45C2E9C1096965B19CDD7780287",
   "loaderId": "92DA87FA648EB5367C481D7415A1FCC8",
   "navigationType": "differentDocument",
   "url": "https://duckduckgo.com/post3.html"
}
[1762356487.938][DEBUG]: DevTools WebSocket Event: Page.frameStartedLoading (session_id=FF176FC0EA54D69F254130271142907E) 42C616D140C89C9FBC63000B562B7FD5 {
   "frameId": "4E39F45C2E9C1096965B19CDD7780287"
}
[1762356487.958][DEBUG]: DevTools WebSocket Event: Page.domContentEventFired (session_id=FF176FC0EA54D69F254130271142907E) 42C616D140C89C9FBC63000B562B7FD5 {
   "timestamp": 2980.099325
}
[1762356487.960][DEBUG]: DevTools WebSocket Response: Runtime.evaluate (id=171) (session_id=FF176FC0EA54D69F254130271142907E) 42C616D140C89C9FBC63000B562B7FD5 {
   "result": {
      "description": "1",
      "type": "number",
      "value": 1
   }
}
[1762356487.994][DEBUG]: DevTools WebSocket Event: Page.frameResized (session_id=FF176FC0EA54D69F254130271142907E) 42C616D140C89C9FBC63000B562B7FD5 {
}
[1762356487.995][DEBUG]: DevTools WebSocket Command: Runtime.evaluate (id=172) (session_id=FF176FC0EA54D69F254130271142907E) 42C616D140C89C9FBC63000B562B7FD5 {
   "expression": "1"
}
[1762356488.006][DEBUG]: DevTools WebSocket Response: Runtime.evaluate (id=172) (session_id=FF176FC0EA54D69F254130271142907E) 42C616D140C89C9FBC63000B562B7FD5 {
   "result": {
      "description": "1",
      "type": "number",
      "value": 1
   }
}
[1762356488.058][DEBUG]: DevTools WebSocket Event: Page.frameNavigated (session_id=FF176FC0EA54D69F254130271142907E) 42C616D140C89C9FBC63000B562B7FD5 {
   "frame": {
      "adFrameStatus": {
         "adFrameType": "none",
         "explanations": [  ]
      },
      "crossOriginIsolatedContextType": "NotIsolated",
      "domainAndRegistry": "duckduckgo.com",
      "gatedAPIFeatures": [  ],
      "id": "4E39F45C2E9C1096965B19CDD7780287",
      "loaderId": "92DA87FA648EB5367C481D7415A1FCC8",
      "mimeType": "text/html",
      "name": "iframe_hidden",
      "parentId": "42C616D140C89C9FBC63000B562B7FD5",
      "secureContextType": "Secure",
      "securityOrigin": "https://duckduckgo.com",
      "securityOriginDetails": {
         "isLocalhost": false
      },
      "url": "https://duckduckgo.com/post3.html"
   },
   "type": "Navigation"
}
[1762356488.058][DEBUG]: DevTools WebSocket Command: Runtime.evaluate (id=173) (session_id=FF176FC0EA54D69F254130271142907E) 42C616D140C89C9FBC63000B562B7FD5 {
   "expression": "1"
}
[1762356488.059][DEBUG]: DevTools WebSocket Event: Runtime.executionContextCreated (session_id=FF176FC0EA54D69F254130271142907E) 42C616D140C89C9FBC63000B562B7FD5 {
   "context": {
      "auxData": {
         "frameId": "4E39F45C2E9C1096965B19CDD7780287",
         "isDefault": true,
         "type": "default"
      },
      "id": 3,
      "name": "",
      "origin": "https://duckduckgo.com",
      "uniqueId": "6531742930564840797.1761786487063939109"
   }
}
[1762356488.063][DEBUG]: DevTools WebSocket Response: Runtime.evaluate (id=173) (session_id=FF176FC0EA54D69F254130271142907E) 42C616D140C89C9FBC63000B562B7FD5 {
   "result": {
      "description": "1",
      "type": "number",
      "value": 1
   }
}
[1762356488.110][DEBUG]: DevTools WebSocket Event: Page.frameStoppedLoading (session_id=FF176FC0EA54D69F254130271142907E) 42C616D140C89C9FBC63000B562B7FD5 {
   "frameId": "4E39F45C2E9C1096965B19CDD7780287"
}
[1762356488.110][DEBUG]: DevTools WebSocket Command: Runtime.evaluate (id=174) (session_id=FF176FC0EA54D69F254130271142907E) 42C616D140C89C9FBC63000B562B7FD5 {
   "expression": "1"
}
[1762356488.110][DEBUG]: DevTools WebSocket Response: Runtime.evaluate (id=174) (session_id=FF176FC0EA54D69F254130271142907E) 42C616D140C89C9FBC63000B562B7FD5 {
   "result": {
      "description": "1",
      "type": "number",
      "value": 1
   }
}
[1762356488.263][DEBUG]: DevTools WebSocket Event: Page.navigatedWithinDocument (session_id=FF176FC0EA54D69F254130271142907E) 42C616D140C89C9FBC63000B562B7FD5 {
   "frameId": "42C616D140C89C9FBC63000B562B7FD5",
   "navigationType": "historyApi",
   "url": "https://duckduckgo.com/?origin=funnel_home_website&t=h_&q=Nightwatch.js&ia=web"
}
[1762356488.263][DEBUG]: DevTools WebSocket Command: Runtime.evaluate (id=175) (session_id=FF176FC0EA54D69F254130271142907E) 42C616D140C89C9FBC63000B562B7FD5 {
   "expression": "1"
}
[1762356488.265][DEBUG]: DevTools WebSocket Response: Runtime.evaluate (id=175) (session_id=FF176FC0EA54D69F254130271142907E) 42C616D140C89C9FBC63000B562B7FD5 {
   "result": {
      "description": "1",
      "type": "number",
      "value": 1
   }
}
[1762356488.321][DEBUG]: DevTools WebSocket Event: Page.loadEventFired (session_id=FF176FC0EA54D69F254130271142907E) 42C616D140C89C9FBC63000B562B7FD5 {
   "timestamp": 2980.457618
}
[1762356488.321][DEBUG]: DevTools WebSocket Command: Runtime.evaluate (id=176) (session_id=FF176FC0EA54D69F254130271142907E) 42C616D140C89C9FBC63000B562B7FD5 {
   "awaitPromise": false,
   "expression": "document.readyState",
   "returnByValue": true,
   "uniqueContextId": "4238479975417755192.-4673087169552091993"
}
[1762356488.321][DEBUG]: DevTools WebSocket Event: Page.navigatedWithinDocument (session_id=FF176FC0EA54D69F254130271142907E) 42C616D140C89C9FBC63000B562B7FD5 {
   "frameId": "42C616D140C89C9FBC63000B562B7FD5",
   "navigationType": "historyApi",
   "url": "https://duckduckgo.com/?origin=funnel_home_website&t=h_&q=Nightwatch.js&ia=web"
}
[1762356488.321][DEBUG]: DevTools WebSocket Event: Page.frameStoppedLoading (session_id=FF176FC0EA54D69F254130271142907E) 42C616D140C89C9FBC63000B562B7FD5 {
   "frameId": "42C616D140C89C9FBC63000B562B7FD5"
}
[1762356488.323][DEBUG]: DevTools WebSocket Response: Runtime.evaluate (id=176) (session_id=FF176FC0EA54D69F254130271142907E) 42C616D140C89C9FBC63000B562B7FD5 {
   "result": {
      "type": "string",
      "value": "complete"
   }
}
[1762356488.323][DEBUG]: DevTools WebSocket Command: Runtime.evaluate (id=177) (session_id=FF176FC0EA54D69F254130271142907E) 42C616D140C89C9FBC63000B562B7FD5 {
   "expression": "1"
}
[1762356488.323][DEBUG]: DevTools WebSocket Response: Runtime.evaluate (id=177) (session_id=FF176FC0EA54D69F254130271142907E) 42C616D140C89C9FBC63000B562B7FD5 {
   "result": {
      "description": "1",
      "type": "number",
      "value": 1
   }
}
[1762356488.323][INFO]: Done waiting for pending navigations. Status: ok
[1762356488.323][INFO]: [4fb7047454e10517427241b4800df23c] RESPONSE FindElements [  ]
[1762356488.825][INFO]: [4fb7047454e10517427241b4800df23c] COMMAND FindElements {
   "using": "css selector",
   "value": "#react-layout"
}
[1762356488.825][INFO]: Waiting for pending navigations...
[1762356488.825][DEBUG]: DevTools WebSocket Command: Runtime.evaluate (id=178) (session_id=FF176FC0EA54D69F254130271142907E) 42C616D140C89C9FBC63000B562B7FD5 {
   "expression": "1"
}
[1762356488.826][DEBUG]: DevTools WebSocket Response: Runtime.evaluate (id=178) (session_id=FF176FC0EA54D69F254130271142907E) 42C616D140C89C9FBC63000B562B7FD5 {
   "result": {
      "description": "1",
      "type": "number",
      "value": 1
   }
}
[1762356488.826][INFO]: Done waiting for pending navigations. Status: ok
[1762356488.826][DEBUG]: DevTools WebSocket Command: Page.getFrameTree (id=179) (session_id=FF176FC0EA54D69F254130271142907E) 42C616D140C89C9FBC63000B562B7FD5 {
}
[1762356488.826][DEBUG]: DevTools WebSocket Response: Page.getFrameTree (id=179) (session_id=FF176FC0EA54D69F254130271142907E) 42C616D140C89C9FBC63000B562B7FD5 {
   "frameTree": {
      "childFrames": [ {
         "frame": {
            "adFrameStatus": {
               "adFrameType": "none",
               "explanations": [  ]
            },
            "crossOriginIsolatedContextType": "NotIsolated",
            "domainAndRegistry": "duckduckgo.com",
            "gatedAPIFeatures": [  ],
            "id": "4E39F45C2E9C1096965B19CDD7780287",
            "loaderId": "92DA87FA648EB5367C481D7415A1FCC8",
            "mimeType": "text/html",
            "name": "iframe_hidden",
            "parentId": "42C616D140C89C9FBC63000B562B7FD5",
            "secureContextType": "Secure",
            "securityOrigin": "https://duckduckgo.com",
            "securityOriginDetails": {
               "isLocalhost": false
            },
            "url": "https://duckduckgo.com/post3.html"
         }
      } ],
      "frame": {
         "adFrameStatus": {
            "adFrameType": "none"
         },
         "crossOriginIsolatedContextType": "NotIsolated",
         "domainAndRegistry": "duckduckgo.com",
         "gatedAPIFeatures": [  ],
         "id": "42C616D140C89C9FBC63000B562B7FD5",
         "loaderId": "324B80B73ACA029549FFC1352C37CC13",
         "mimeType": "text/html",
         "secureContextType": "Secure",
         "securityOrigin": "https://duckduckgo.com",
         "securityOriginDetails": {
            "isLocalhost": false
         },
         "url": "https://duckduckgo.com/?origin=funnel_home_website&t=h_&q=Nightwatch.js&ia=web"
      }
   }
}
[1762356488.826][DEBUG]: DevTools WebSocket Command: Page.getFrameTree (id=180) (session_id=FF176FC0EA54D69F254130271142907E) 42C616D140C89C9FBC63000B562B7FD5 {
}
[1762356488.826][DEBUG]: DevTools WebSocket Response: Page.getFrameTree (id=180) (session_id=FF176FC0EA54D69F254130271142907E) 42C616D140C89C9FBC63000B562B7FD5 {
   "frameTree": {
      "childFrames": [ {
         "frame": {
            "adFrameStatus": {
               "adFrameType": "none",
               "explanations": [  ]
            },
            "crossOriginIsolatedContextType": "NotIsolated",
            "domainAndRegistry": "duckduckgo.com",
            "gatedAPIFeatures": [  ],
            "id": "4E39F45C2E9C1096965B19CDD7780287",
            "loaderId": "92DA87FA648EB5367C481D7415A1FCC8",
            "mimeType": "text/html",
            "name": "iframe_hidden",
            "parentId": "42C616D140C89C9FBC63000B562B7FD5",
            "secureContextType": "Secure",
            "securityOrigin": "https://duckduckgo.com",
            "securityOriginDetails": {
               "isLocalhost": false
            },
            "url": "https://duckduckgo.com/post3.html"
         }
      } ],
      "frame": {
         "adFrameStatus": {
            "adFrameType": "none"
         },
         "crossOriginIsolatedContextType": "NotIsolated",
         "domainAndRegistry": "duckduckgo.com",
         "gatedAPIFeatures": [  ],
         "id": "42C616D140C89C9FBC63000B562B7FD5",
         "loaderId": "324B80B73ACA029549FFC1352C37CC13",
         "mimeType": "text/html",
         "secureContextType": "Secure",
         "securityOrigin": "https://duckduckgo.com",
         "securityOriginDetails": {
            "isLocalhost": false
         },
         "url": "https://duckduckgo.com/?origin=funnel_home_website&t=h_&q=Nightwatch.js&ia=web"
      }
   }
}
[1762356488.827][DEBUG]: DevTools WebSocket Command: Runtime.callFunctionOn (id=181) (session_id=FF176FC0EA54D69F254130271142907E) 42C616D140C89C9FBC63000B562B7FD5 {
   "arguments": [  ],
   "awaitPromise": true,
   "functionDeclaration": "function(){ return (function() { // Copyright 2012 The Chromium Authors\n// Use of this source code is governed by a BSD-style license that can be\n// found in the LICENSE file.\n\n/**\n * Enum for WebD...",
   "serializationOptions": {
      "serialization": "deep"
   },
   "uniqueContextId": "4238479975417755192.-4673087169552091993"
}
[1762356488.829][DEBUG]: DevTools WebSocket Response: Runtime.callFunctionOn (id=181) (session_id=FF176FC0EA54D69F254130271142907E) 42C616D140C89C9FBC63000B562B7FD5 {
   "result": {
      "className": "Array",
      "deepSerializedValue": {
         "type": "array",
         "value": [ {
            "type": "string",
            "value": "{\"status\":0,\"value\":[{\"element-6066-11e4-a52e-4f735466cecf\":0}]}"
         }, {
            "type": "node",
            "value": {
               "attributes": {
                  "id": "react-layout"
               },
               "backendNodeId": 58,
               "childNodeCount": 1,
               "loaderId": "324B80B73ACA029549FFC1352C37CC13",
               "localName": "div",
               "namespaceURI": "http://www.w3.org/1999/xhtml",
               "nodeType": 1,
               "shadowRoot": null
            }
         } ]
      },
      "description": "Array(2)",
      "objectId": "3199067383670679968.2.2",
      "subtype": "array",
      "type": "object"
   }
}
[1762356488.830][INFO]: Waiting for pending navigations...
[1762356488.830][DEBUG]: DevTools WebSocket Command: Runtime.evaluate (id=182) (session_id=FF176FC0EA54D69F254130271142907E) 42C616D140C89C9FBC63000B562B7FD5 {
   "expression": "1"
}
[1762356488.830][DEBUG]: DevTools WebSocket Response: Runtime.evaluate (id=182) (session_id=FF176FC0EA54D69F254130271142907E) 42C616D140C89C9FBC63000B562B7FD5 {
   "result": {
      "description": "1",
      "type": "number",
      "value": 1
   }
}
[1762356488.830][INFO]: Done waiting for pending navigations. Status: ok
[1762356488.830][INFO]: [4fb7047454e10517427241b4800df23c] RESPONSE FindElements [ {
   "element-6066-11e4-a52e-4f735466cecf": "f.42C616D140C89C9FBC63000B562B7FD5.d.324B80B73ACA029549FFC1352C37CC13.e.58"
} ]
[1762356488.831][INFO]: [4fb7047454e10517427241b4800df23c] COMMAND ExecuteScript {
   "args": [ {
      "ELEMENT": "f.42C616D140C89C9FBC63000B562B7FD5.d.324B80B73ACA029549FFC1352C37CC13.e.58",
      "element-6066-11e4-a52e-4f735466cecf": "f.42C616D140C89C9FBC63000B562B7FD5.d.324B80B73ACA029549FFC1352C37CC13.e.58"
   } ],
   "script": "/* isDisplayed */return (function(){return (function(){var g=this||self;\nfunction aa(a){var b=typeof a;if(\"object\"==b)if(a){if(a instanceof Array)return\"array\";if(a instanceof Object)return b;var c=Object.prototype.toString.call(a);if(\"[object Window]\"==c)return\"object\";if(\"[object Array]\"==c||\"number\"==typeof a.length&&\"undefined\"!=typeof a.splice&&\"undefined\"!=typeof a.propertyIsEnumerable&&!a.propertyIsEnumerable(\"splice\"))return\"array\";if(\"[object Function]\"==c||\"undefined\"!=typeof a.call&&\"undefined\"!=typeof a.propertyIsEnumerable&&!a.propertyIsEnumerable(\"call\"))return\"function\"}else return\"null\";else if(\"function\"==\nb&&\"undefined\"==typeof a.call)return\"object\";return b}function ca(a,b){function c(){}c.prototype=b.prototype;a.prototype=new c;a.prototype.constructor=a};var da=Array.prototype.indexOf?function(a,b){return Array.prototype.indexOf.call(a,b,void 0)}:function(a,b){if(\"string\"===typeof a)return\"string\"!==typeof b||1!=b.length?-1:a.indexOf(b,0);for(var c=0;c\u003Ca.length;c++)if(c in a&&a[c]===b)return c;return-1},ea=Array.prototype.some?function(a,b){return Array.prototype.some.call(a,b,void 0)}:function(a,b){for(var c=a.length,e=\"string\"===typeof a?a.split(\"\"):a,d=0;d\u003Cc;d++)if(d in e&&b.call(void 0,e[d],d,a))return!0;return!1},fa=Array.prototype.every?function(a,\nb){return Array.prototype.every.call(a,b,void 0)}:function(a,b){for(var c=a.length,e=\"string\"===typeof a?a.split(\"\"):a,d=0;d\u003Cc;d++)if(d in e&&!b.call(void 0,e[d],d,a))return!1;return!0};var ha={aliceblue:\"#f0f8ff\",antiquewhite:\"#faebd7\",aqua:\"#00ffff\",aquamarine:\"#7fffd4\",azure:\"#f0ffff\",beige:\"#f5f5dc\",bisque:\"#ffe4c4\",black:\"#000000\",blanchedalmond:\"#ffebcd\",blue:\"#0000ff\",blueviolet:\"#8a2be2\",brown:\"#a52a2a\",burlywood:\"#deb887\",cadetblue:\"#5f9ea0\",chartreuse:\"#7fff00\",chocolate:\"#d2691e\",coral:\"#ff7f50\",cornflowerblue:\"#6495ed\",cornsilk:\"#fff8dc\",crimson:\"#dc143c\",cyan:\"#00ffff\",darkblue:\"#00008b\",darkcyan:\"#008b8b\",darkgoldenrod:\"#b8860b\",darkgray:\"#a9a9a9\",darkgreen:\"#006400\",\ndarkgrey:\"#a9a9a9\",darkkhaki:\"#bdb76b\",darkmagenta:\"#8b008b\",darkolivegreen:\"#556b2f\",darkorange:\"#ff8c00\",darkorchid:\"#9932cc\",darkred:\"#8b0000\",darksalmon:\"#e9967a\",darkseagreen:\"#8fbc8f\",darkslateblue:\"#483d8b\",darkslategray:\"#2f4f4f\",darkslategrey:\"#2f4f4f\",darkturquoise:\"#00ced1\",darkviolet:\"#9400d3\",deeppink:\"#ff1493\",deepskyblue:\"#00bfff\",dimgray:\"#696969\",dimgrey:\"#696969\",dodgerblue:\"#1e90ff\",firebrick:\"#b22222\",floralwhite:\"#fffaf0\",forestgreen:\"#228b22\",fuchsia:\"#ff00ff\",gainsboro:\"#dcdcdc\",\nghostwhite:\"#f8f8ff\",gold:\"#ffd700\",goldenrod:\"#daa520\",gray:\"#808080\",green:\"#008000\",greenyellow:\"#adff2f\",grey:\"#808080\",honeydew:\"#f0fff0\",hotpink:\"#ff69b4\",indianred:\"#cd5c5c\",indigo:\"#4b0082\",ivory:\"#fffff0\",khaki:\"#f0e68c\",lavender:\"#e6e6fa\",lavenderblush:\"#fff0f5\",lawngreen:\"#7cfc00\",lemonchiffon:\"#fffacd\",lightblue:\"#add8e6\",lightcoral:\"#f08080\",lightcyan:\"#e0ffff\",lightgoldenrodyellow:\"#fafad2\",lightgray:\"#d3d3d3\",lightgreen:\"#90ee90\",lightgrey:\"#d3d3d3\",lightpink:\"#ffb6c1\",lightsalmon:\"#ffa07a\",\nlightseagreen:\"#20b2aa\",lightskyblue:\"#87cefa\",lightslategray:\"#778899\",lightslategrey:\"#778899\",lightsteelblue:\"#b0c4de\",lightyellow:\"#ffffe0\",lime:\"#00ff00\",limegreen:\"#32cd32\",linen:\"#faf0e6\",magenta:\"#ff00ff\",maroon:\"#800000\",mediumaquamarine:\"#66cdaa\",mediumblue:\"#0000cd\",mediumorchid:\"#ba55d3\",mediumpurple:\"#9370db\",mediumseagreen:\"#3cb371\",mediumslateblue:\"#7b68ee\",mediumspringgreen:\"#00fa9a\",mediumturquoise:\"#48d1cc\",mediumvioletred:\"#c71585\",midnightblue:\"#191970\",mintcream:\"#f5fffa\",mistyrose:\"#ffe4e1\",\nmoccasin:\"#ffe4b5\",navajowhite:\"#ffdead\",navy:\"#000080\",oldlace:\"#fdf5e6\",olive:\"#808000\",olivedrab:\"#6b8e23\",orange:\"#ffa500\",orangered:\"#ff4500\",orchid:\"#da70d6\",palegoldenrod:\"#eee8aa\",palegreen:\"#98fb98\",paleturquoise:\"#afeeee\",palevioletred:\"#db7093\",papayawhip:\"#ffefd5\",peachpuff:\"#ffdab9\",peru:\"#cd853f\",pink:\"#ffc0cb\",plum:\"#dda0dd\",powderblue:\"#b0e0e6\",purple:\"#800080\",red:\"#ff0000\",rosybrown:\"#bc8f8f\",royalblue:\"#4169e1\",saddlebrown:\"#8b4513\",salmon:\"#fa8072\",sandybrown:\"#f4a460\",seagreen:\"#2e8b57\",\nseashell:\"#fff5ee\",sienna:\"#a0522d\",silver:\"#c0c0c0\",skyblue:\"#87ceeb\",slateblue:\"#6a5acd\",slategray:\"#708090\",slategrey:\"#708090\",snow:\"#fffafa\",springgreen:\"#00ff7f\",steelblue:\"#4682b4\",tan:\"#d2b48c\",teal:\"#008080\",thistle:\"#d8bfd8\",tomato:\"#ff6347\",turquoise:\"#40e0d0\",violet:\"#ee82ee\",wheat:\"#f5deb3\",white:\"#ffffff\",whitesmoke:\"#f5f5f5\",yellow:\"#ffff00\",yellowgreen:\"#9acd32\"};var ia=\"backgroundColor borderTopColor borderRightColor borderBottomColor borderLeftColor color outlineColor\".split(\" \"),ja=/#([0-9a-fA-F])([0-9a-fA-F])([0-9a-fA-F])/,ka=/^#(?:[0-9a-f]{3}){1,2}$/i,la=/^(?:rgba)?\\((\\d{1,3}),\\s?(\\d{1,3}),\\s?(\\d{1,3}),\\s?(0|1|0\\.\\d*)\\)$/i,ma=/^(?:rgb)?\\((0|[1-9]\\d{0,2}),\\s?(0|[1-9]\\d{0,2}),\\s?(0|[1-9]\\d{0,2})\\)$/i;function m(a,b){this.code=a;this.a=p[a]||r;this.message=b||\"\";a=this.a.replace(/((?:^|\\s+)[a-z])/g,function(c){return c.toUpperCase().replace(/^[\\s\\xa0]+/g,\"\")});b=a.length-5;if(0>b||a.indexOf(\"Error\",b)!=b)a+=\"Error\";this.name=a;a=Error(this.message);a.name=this.name;this.stack=a.stack||\"\"}ca(m,Error);var r=\"unknown error\",p={15:\"element not selectable\",11:\"element not visible\"};p[31]=r;p[30]=r;p[24]=\"invalid cookie domain\";p[29]=\"invalid element coordinates\";p[12]=\"invalid element state\";\np[32]=\"invalid selector\";p[51]=\"invalid selector\";p[52]=\"invalid selector\";p[17]=\"javascript error\";p[405]=\"unsupported operation\";p[34]=\"move target out of bounds\";p[27]=\"no such alert\";p[7]=\"no such element\";p[8]=\"no such frame\";p[23]=\"no such window\";p[28]=\"script timeout\";p[33]=\"session not created\";p[10]=\"stale element reference\";p[21]=\"timeout\";p[25]=\"unable to set cookie\";p[26]=\"unexpected alert open\";p[13]=r;p[9]=\"unknown command\";var u=String.prototype.trim?function(a){return a.trim()}:function(a){return/^[\\s\\xa0]*([\\s\\S]*?)[\\s\\xa0]*$/.exec(a)[1]};\nfunction na(a,b){var c=0;a=u(String(a)).split(\".\");b=u(String(b)).split(\".\");for(var e=Math.max(a.length,b.length),d=0;0==c&&d\u003Ce;d++){var f=a[d]||\"\",h=b[d]||\"\";do{f=/(\\d*)(\\D*)(.*)/.exec(f)||[\"\",\"\",\"\",\"\"];h=/(\\d*)(\\D*)(.*)/.exec(h)||[\"\",\"\",\"\",\"\"];if(0==f[0].length&&0==h[0].length)break;c=v(0==f[1].length?0:parseInt(f[1],10),0==h[1].length?0:parseInt(h[1],10))||v(0==f[2].length,0==h[2].length)||v(f[2],h[2]);f=f[3];h=h[3]}while(0==c)}return c}function v(a,b){return a\u003Cb?-1:a>b?1:0};var w;a:{var oa=g.navigator;if(oa){var sa=oa.userAgent;if(sa){w=sa;break a}}w=\"\"}function x(a){return-1!=w.indexOf(a)};function y(){return x(\"Firefox\")||x(\"FxiOS\")}function A(){return(x(\"Chrome\")||x(\"CriOS\"))&&!x(\"Edge\")};function ta(a){return String(a).replace(/\\-([a-z])/g,function(b,c){return c.toUpperCase()})};function B(){return x(\"iPhone\")&&!x(\"iPod\")&&!x(\"iPad\")};function ua(a,b){var c=va;return Object.prototype.hasOwnProperty.call(c,a)?c[a]:c[a]=b(a)};var wa=x(\"Opera\"),C=x(\"Trident\")||x(\"MSIE\"),xa=x(\"Edge\"),ya=x(\"Gecko\")&&!(-1!=w.toLowerCase().indexOf(\"webkit\")&&!x(\"Edge\"))&&!(x(\"Trident\")||x(\"MSIE\"))&&!x(\"Edge\"),za=-1!=w.toLowerCase().indexOf(\"webkit\")&&!x(\"Edge\");function Aa(){var a=g.document;return a?a.documentMode:void 0}var E;\na:{var F=\"\",G=function(){var a=w;if(ya)return/rv:([^\\);]+)(\\)|;)/.exec(a);if(xa)return/Edge\\/([\\d\\.]+)/.exec(a);if(C)return/\\b(?:MSIE|rv)[: ]([^\\);]+)(\\)|;)/.exec(a);if(za)return/WebKit\\/(\\S+)/.exec(a);if(wa)return/(?:Version)[ \\/]?(\\S+)/.exec(a)}();G&&(F=G?G[1]:\"\");if(C){var H=Aa();if(null!=H&&H>parseFloat(F)){E=String(H);break a}}E=F}var va={};function Ba(a){return ua(a,function(){return 0\u003C=na(E,a)})}var I;I=g.document&&C?Aa():void 0;var Ca=y(),Da=B()||x(\"iPod\"),Ea=x(\"iPad\"),Fa=x(\"Android\")&&!(A()||y()||x(\"Opera\")||x(\"Silk\")),Ga=A(),Ha=x(\"Safari\")&&!(A()||x(\"Coast\")||x(\"Opera\")||x(\"Edge\")||x(\"Edg/\")||x(\"OPR\")||y()||x(\"Silk\")||x(\"Android\"))&&!(B()||x(\"iPad\")||x(\"iPod\"));function J(a){return(a=a.exec(w))?a[1]:\"\"}(function(){if(Ca)return J(/Firefox\\/([0-9.]+)/);if(C||xa||wa)return E;if(Ga)return B()||x(\"iPad\")||x(\"iPod\")?J(/CriOS\\/([0-9.]+)/):J(/Chrome\\/([0-9.]+)/);if(Ha&&!(B()||x(\"iPad\")||x(\"iPod\")))return J(/Version\\/([0-9.]+)/);if(Da||Ea){var a=/Version\\/(\\S+).*Mobile\\/(\\S+)/.exec(w);if(a)return a[1]+\".\"+a[2]}else if(Fa)return(a=J(/Android\\s+([0-9.]+)/))?a:J(/Version\\/([0-9.]+)/);return\"\"})();var K;if(K=C)K=!(9\u003C=Number(I));var Ia=K;function L(a,b){this.x=void 0!==a?a:0;this.y=void 0!==b?b:0}L.prototype.ceil=function(){this.x=Math.ceil(this.x);this.y=Math.ceil(this.y);return this};L.prototype.floor=function(){this.x=Math.floor(this.x);this.y=Math.floor(this.y);return this};L.prototype.round=function(){this.x=Math.round(this.x);this.y=Math.round(this.y);return this};function M(a,b){this.width=a;this.height=b}M.prototype.aspectRatio=function(){return this.width/this.height};M.prototype.ceil=function(){this.width=Math.ceil(this.width);this.height=Math.ceil(this.height);return this};M.prototype.floor=function(){this.width=Math.floor(this.width);this.height=Math.floor(this.height);return this};M.prototype.round=function(){this.width=Math.round(this.width);this.height=Math.round(this.height);return this};function N(a){return 9==a.nodeType?a:a.ownerDocument||a.document}function Ja(a,b){a&&(a=a.parentNode);for(var c=0;a;){if(b(a))return a;a=a.parentNode;c++}return null}function Ka(a){this.a=a||g.document||document};function P(a,b){b&&\"string\"!==typeof b&&(b=b.toString());return a instanceof HTMLFormElement?!!a&&1==a.nodeType&&(!b||\"FORM\"==b):!!a&&1==a.nodeType&&(!b||a.tagName.toUpperCase()==b)};function Q(a,b,c,e){this.f=a;this.a=b;this.b=c;this.c=e}Q.prototype.ceil=function(){this.f=Math.ceil(this.f);this.a=Math.ceil(this.a);this.b=Math.ceil(this.b);this.c=Math.ceil(this.c);return this};Q.prototype.floor=function(){this.f=Math.floor(this.f);this.a=Math.floor(this.a);this.b=Math.floor(this.b);this.c=Math.floor(this.c);return this};Q.prototype.round=function(){this.f=Math.round(this.f);this.a=Math.round(this.a);this.b=Math.round(this.b);this.c=Math.round(this.c);return this};function R(a,b,c,e){this.a=a;this.b=b;this.width=c;this.height=e}R.prototype.ceil=function(){this.a=Math.ceil(this.a);this.b=Math.ceil(this.b);this.width=Math.ceil(this.width);this.height=Math.ceil(this.height);return this};R.prototype.floor=function(){this.a=Math.floor(this.a);this.b=Math.floor(this.b);this.width=Math.floor(this.width);this.height=Math.floor(this.height);return this};\nR.prototype.round=function(){this.a=Math.round(this.a);this.b=Math.round(this.b);this.width=Math.round(this.width);this.height=Math.round(this.height);return this};var La=\"function\"===typeof ShadowRoot;function S(a){for(a=a.parentNode;a&&1!=a.nodeType&&9!=a.nodeType&&11!=a.nodeType;)a=a.parentNode;return P(a)?a:null}\nfunction T(a,b){b=ta(b);if(\"float\"==b||\"cssFloat\"==b||\"styleFloat\"==b)b=Ia?\"styleFloat\":\"cssFloat\";a:{var c=b;var e=N(a);if(e.defaultView&&e.defaultView.getComputedStyle&&(e=e.defaultView.getComputedStyle(a,null))){c=e[c]||e.getPropertyValue(c)||\"\";break a}c=\"\"}a=c||Ma(a,b);if(null===a)a=null;else if(0\u003C=da(ia,b)){b:{var d=a.match(la);if(d&&(b=Number(d[1]),c=Number(d[2]),e=Number(d[3]),d=Number(d[4]),0\u003C=b&&255>=b&&0\u003C=c&&255>=c&&0\u003C=e&&255>=e&&0\u003C=d&&1>=d)){b=[b,c,e,d];break b}b=null}if(!b)b:{if(e=a.match(ma))if(b=\nNumber(e[1]),c=Number(e[2]),e=Number(e[3]),0\u003C=b&&255>=b&&0\u003C=c&&255>=c&&0\u003C=e&&255>=e){b=[b,c,e,1];break b}b=null}if(!b)b:{b=a.toLowerCase();c=ha[b.toLowerCase()];if(!c&&(c=\"#\"==b.charAt(0)?b:\"#\"+b,4==c.length&&(c=c.replace(ja,\"#$1$1$2$2$3$3\")),!ka.test(c))){b=null;break b}b=[parseInt(c.substr(1,2),16),parseInt(c.substr(3,2),16),parseInt(c.substr(5,2),16),1]}a=b?\"rgba(\"+b.join(\", \")+\")\":a}return a}\nfunction Ma(a,b){var c=a.currentStyle||a.style,e=c[b];void 0===e&&\"function\"==aa(c.getPropertyValue)&&(e=c.getPropertyValue(b));return\"inherit\"!=e?void 0!==e?e:null:(a=S(a))?Ma(a,b):null}\nfunction U(a,b,c){function e(h){var n=V(h);return 0\u003Cn.height&&0\u003Cn.width?!0:P(h,\"PATH\")&&(0\u003Cn.height||0\u003Cn.width)?(h=T(h,\"stroke-width\"),!!h&&0\u003CparseInt(h,10)):\"hidden\"!=T(h,\"overflow\")&&ea(h.childNodes,function(D){return 3==D.nodeType||P(D)&&e(D)})}function d(h){return Na(h)==W&&fa(h.childNodes,function(n){return!P(n)||d(n)||!e(n)})}if(!P(a))throw Error(\"Argument to isShown must be of type Element\");if(P(a,\"BODY\"))return!0;if(P(a,\"OPTION\")||P(a,\"OPTGROUP\"))return a=Ja(a,function(h){return P(h,\"SELECT\")}),\n!!a&&U(a,!0,c);var f=Oa(a);if(f)return!!f.image&&0\u003Cf.rect.width&&0\u003Cf.rect.height&&U(f.image,b,c);if(P(a,\"INPUT\")&&\"hidden\"==a.type.toLowerCase()||P(a,\"NOSCRIPT\"))return!1;f=T(a,\"visibility\");return\"collapse\"!=f&&\"hidden\"!=f&&c(a)&&(b||0!=Pa(a))&&e(a)?!d(a):!1}var W=\"hidden\";\nfunction Na(a){function b(k){function l(ba){if(ba==h)return!0;var pa=T(ba,\"display\");return 0==pa.lastIndexOf(\"inline\",0)||\"contents\"==pa||\"absolute\"==qa&&\"static\"==T(ba,\"position\")?!1:!0}var qa=T(k,\"position\");if(\"fixed\"==qa)return ra=!0,k==h?null:h;for(k=S(k);k&&!l(k);)k=S(k);return k}function c(k){var l=k;if(\"visible\"==D)if(k==h&&n)l=n;else if(k==n)return{x:\"visible\",y:\"visible\"};l={x:T(l,\"overflow-x\"),y:T(l,\"overflow-y\")};k==h&&(l.x=\"visible\"==l.x?\"auto\":l.x,l.y=\"visible\"==l.y?\"auto\":l.y);return l}\nfunction e(k){if(k==h){var l=(new Ka(f)).a;k=l.scrollingElement?l.scrollingElement:za||\"CSS1Compat\"!=l.compatMode?l.body||l.documentElement:l.documentElement;l=l.parentWindow||l.defaultView;k=C&&Ba(\"10\")&&l.pageYOffset!=k.scrollTop?new L(k.scrollLeft,k.scrollTop):new L(l.pageXOffset||k.scrollLeft,l.pageYOffset||k.scrollTop)}else k=new L(k.scrollLeft,k.scrollTop);return k}var d=Qa(a),f=N(a),h=f.documentElement,n=f.body,D=T(h,\"overflow\"),ra;for(a=b(a);a;a=b(a)){var q=c(a);if(\"visible\"!=q.x||\"visible\"!=\nq.y){var t=V(a);if(0==t.width||0==t.height)return W;var z=d.a\u003Ct.a,O=d.b\u003Ct.b;if(z&&\"hidden\"==q.x||O&&\"hidden\"==q.y)return W;if(z&&\"visible\"!=q.x||O&&\"visible\"!=q.y){z=e(a);O=d.b\u003Ct.b-z.y;if(d.a\u003Ct.a-z.x&&\"visible\"!=q.x||O&&\"visible\"!=q.x)return W;d=Na(a);return d==W?W:\"scroll\"}z=d.c>=t.a+t.width;t=d.f>=t.b+t.height;if(z&&\"hidden\"==q.x||t&&\"hidden\"==q.y)return W;if(z&&\"visible\"!=q.x||t&&\"visible\"!=q.y){if(ra&&(q=e(a),d.c>=h.scrollWidth-q.x||d.a>=h.scrollHeight-q.y))return W;d=Na(a);return d==W?W:\"scroll\"}}}return\"none\"}\nfunction V(a){var b=Oa(a);if(b)return b.rect;if(P(a,\"HTML\"))return a=N(a),a=((a?a.parentWindow||a.defaultView:window)||window).document,a=\"CSS1Compat\"==a.compatMode?a.documentElement:a.body,a=new M(a.clientWidth,a.clientHeight),new R(0,0,a.width,a.height);try{var c=a.getBoundingClientRect()}catch(e){return new R(0,0,0,0)}b=new R(c.left,c.top,c.right-c.left,c.bottom-c.top);C&&a.ownerDocument.body&&(a=N(a),b.a-=a.documentElement.clientLeft+a.body.clientLeft,b.b-=a.documentElement.clientTop+a.body.clientTop);\nreturn b}\nfunction Oa(a){var b=P(a,\"MAP\");if(!b&&!P(a,\"AREA\"))return null;var c=b?a:P(a.parentNode,\"MAP\")?a.parentNode:null,e=null,d=null;if(c&&c.name){e='*[usemap=\"#'+c.name+'\"]';c=N(c);var f;if(f=\"function\"!=aa(c.querySelector)&&C&&(C?0\u003C=na(I,8):Ba(8))){f=c.querySelector;var h=typeof f;f=!(\"object\"==h&&null!=f||\"function\"==h)}if(f)throw Error(\"CSS selection is not supported\");if(!e)throw new m(32,\"No selector specified\");e=u(e);try{var n=c.querySelector(e)}catch(D){throw new m(32,\"An invalid or illegal selector was specified\");}if(e=\nn&&1==n.nodeType?n:null)d=V(e),b||\"default\"==a.shape.toLowerCase()||(a=Ra(a),b=Math.min(Math.max(a.a,0),d.width),n=Math.min(Math.max(a.b,0),d.height),d=new R(b+d.a,n+d.b,Math.min(a.width,d.width-b),Math.min(a.height,d.height-n)))}return{image:e,rect:d||new R(0,0,0,0)}}\nfunction Ra(a){var b=a.shape.toLowerCase();a=a.coords.split(\",\");if(\"rect\"==b&&4==a.length){b=a[0];var c=a[1];return new R(b,c,a[2]-b,a[3]-c)}if(\"circle\"==b&&3==a.length)return b=a[2],new R(a[0]-b,a[1]-b,2*b,2*b);if(\"poly\"==b&&2\u003Ca.length){b=a[0];c=a[1];for(var e=b,d=c,f=2;f+1\u003Ca.length;f+=2)b=Math.min(b,a[f]),e=Math.max(e,a[f]),c=Math.min(c,a[f+1]),d=Math.max(d,a[f+1]);return new R(b,c,e-b,d-c)}return new R(0,0,0,0)}function Qa(a){a=V(a);return new Q(a.b,a.a+a.width,a.b+a.height,a.a)}\nfunction Pa(a){if(Ia){if(\"relative\"==T(a,\"position\"))return 1;a=T(a,\"filter\");return(a=a.match(/^alpha\\(opacity=(\\d*)\\)/)||a.match(/^progid:DXImageTransform.Microsoft.Alpha\\(Opacity=(\\d*)\\)/))?Number(a[1])/100:1}return Sa(a)}function Sa(a){var b=1,c=T(a,\"opacity\");c&&(b=Number(c));(a=S(a))&&(b*=Sa(a));return b};function Ta(a,b){function c(e){if(P(e)&&\"none\"==T(e,\"display\"))return!1;var d;if((d=e.parentNode)&&d.shadowRoot&&void 0!==e.assignedSlot)d=e.assignedSlot?e.assignedSlot.parentNode:null;else if(e.getDestinationInsertionPoints){var f=e.getDestinationInsertionPoints();0\u003Cf.length&&(d=f[f.length-1])}if(La&&d instanceof ShadowRoot){if(d.host.shadowRoot&&d.host.shadowRoot!==d)return!1;d=d.host}return!d||9!=d.nodeType&&11!=d.nodeType?d&&P(d,\"DETAILS\")&&!d.open&&!P(e,\"SUMMARY\")?!1:!!d&&c(d):!0}return U(a,\n!!b,c)}var X=[\"_\"],Y=g;X[0]in Y||\"undefined\"==typeof Y.execScript||Y.execScript(\"var \"+X[0]);for(var Z;X.length&&(Z=X.shift());)X.length||void 0===Ta?Y[Z]&&Y[Z]!==Object.prototype[Z]?Y=Y[Z]:Y=Y[Z]={}:Y[Z]=Ta;; return this._.apply(null,arguments);}).apply({navigator:typeof window!='undefined'?window.navigator:null,document:typeof window!='undefined'?window.document:null}, arguments);}).apply(null, arguments)"
}
[1762356488.831][INFO]: Waiting for pending navigations...
[1762356488.831][DEBUG]: DevTools WebSocket Command: Runtime.evaluate (id=183) (session_id=FF176FC0EA54D69F254130271142907E) 42C616D140C89C9FBC63000B562B7FD5 {
   "expression": "1"
}
[1762356488.831][DEBUG]: DevTools WebSocket Response: Runtime.evaluate (id=183) (session_id=FF176FC0EA54D69F254130271142907E) 42C616D140C89C9FBC63000B562B7FD5 {
   "result": {
      "description": "1",
      "type": "number",
      "value": 1
   }
}
[1762356488.831][INFO]: Done waiting for pending navigations. Status: ok
[1762356488.831][DEBUG]: DevTools WebSocket Command: Page.getFrameTree (id=184) (session_id=FF176FC0EA54D69F254130271142907E) 42C616D140C89C9FBC63000B562B7FD5 {
}
[1762356488.832][DEBUG]: DevTools WebSocket Response: Page.getFrameTree (id=184) (session_id=FF176FC0EA54D69F254130271142907E) 42C616D140C89C9FBC63000B562B7FD5 {
   "frameTree": {
      "childFrames": [ {
         "frame": {
            "adFrameStatus": {
               "adFrameType": "none",
               "explanations": [  ]
            },
            "crossOriginIsolatedContextType": "NotIsolated",
            "domainAndRegistry": "duckduckgo.com",
            "gatedAPIFeatures": [  ],
            "id": "4E39F45C2E9C1096965B19CDD7780287",
            "loaderId": "92DA87FA648EB5367C481D7415A1FCC8",
            "mimeType": "text/html",
            "name": "iframe_hidden",
            "parentId": "42C616D140C89C9FBC63000B562B7FD5",
            "secureContextType": "Secure",
            "securityOrigin": "https://duckduckgo.com",
            "securityOriginDetails": {
               "isLocalhost": false
            },
            "url": "https://duckduckgo.com/post3.html"
         }
      } ],
      "frame": {
         "adFrameStatus": {
            "adFrameType": "none"
         },
         "crossOriginIsolatedContextType": "NotIsolated",
         "domainAndRegistry": "duckduckgo.com",
         "gatedAPIFeatures": [  ],
         "id": "42C616D140C89C9FBC63000B562B7FD5",
         "loaderId": "324B80B73ACA029549FFC1352C37CC13",
         "mimeType": "text/html",
         "secureContextType": "Secure",
         "securityOrigin": "https://duckduckgo.com",
         "securityOriginDetails": {
            "isLocalhost": false
         },
         "url": "https://duckduckgo.com/?origin=funnel_home_website&t=h_&q=Nightwatch.js&ia=web"
      }
   }
}
[1762356488.832][DEBUG]: DevTools WebSocket Command: DOM.resolveNode (id=185) (session_id=FF176FC0EA54D69F254130271142907E) 42C616D140C89C9FBC63000B562B7FD5 {
   "backendNodeId": 58,
   "objectGroup": "3bef4019-6724-4e65-9a04-e0d70f93420d"
}
[1762356488.832][DEBUG]: DevTools WebSocket Response: DOM.resolveNode (id=185) (session_id=FF176FC0EA54D69F254130271142907E) 42C616D140C89C9FBC63000B562B7FD5 {
   "object": {
      "className": "HTMLDivElement",
      "description": "div#react-layout",
      "objectId": "3199067383670679968.2.3",
      "subtype": "node",
      "type": "object"
   }
}
[1762356488.832][DEBUG]: DevTools WebSocket Command: Page.getFrameTree (id=186) (session_id=FF176FC0EA54D69F254130271142907E) 42C616D140C89C9FBC63000B562B7FD5 {
}
[1762356488.832][DEBUG]: DevTools WebSocket Response: Page.getFrameTree (id=186) (session_id=FF176FC0EA54D69F254130271142907E) 42C616D140C89C9FBC63000B562B7FD5 {
   "frameTree": {
      "childFrames": [ {
         "frame": {
            "adFrameStatus": {
               "adFrameType": "none",
               "explanations": [  ]
            },
            "crossOriginIsolatedContextType": "NotIsolated",
            "domainAndRegistry": "duckduckgo.com",
            "gatedAPIFeatures": [  ],
            "id": "4E39F45C2E9C1096965B19CDD7780287",
            "loaderId": "92DA87FA648EB5367C481D7415A1FCC8",
            "mimeType": "text/html",
            "name": "iframe_hidden",
            "parentId": "42C616D140C89C9FBC63000B562B7FD5",
            "secureContextType": "Secure",
            "securityOrigin": "https://duckduckgo.com",
            "securityOriginDetails": {
               "isLocalhost": false
            },
            "url": "https://duckduckgo.com/post3.html"
         }
      } ],
      "frame": {
         "adFrameStatus": {
            "adFrameType": "none"
         },
         "crossOriginIsolatedContextType": "NotIsolated",
         "domainAndRegistry": "duckduckgo.com",
         "gatedAPIFeatures": [  ],
         "id": "42C616D140C89C9FBC63000B562B7FD5",
         "loaderId": "324B80B73ACA029549FFC1352C37CC13",
         "mimeType": "text/html",
         "secureContextType": "Secure",
         "securityOrigin": "https://duckduckgo.com",
         "securityOriginDetails": {
            "isLocalhost": false
         },
         "url": "https://duckduckgo.com/?origin=funnel_home_website&t=h_&q=Nightwatch.js&ia=web"
      }
   }
}
[1762356488.833][DEBUG]: DevTools WebSocket Command: Runtime.callFunctionOn (id=187) (session_id=FF176FC0EA54D69F254130271142907E) 42C616D140C89C9FBC63000B562B7FD5 {
   "arguments": [ {
      "objectId": "3199067383670679968.2.3"
   } ],
   "awaitPromise": true,
   "functionDeclaration": "function(){ return (function() { // Copyright 2012 The Chromium Authors\n// Use of this source code is governed by a BSD-style license that can be\n// found in the LICENSE file.\n\n/**\n * Enum for WebD...",
   "objectGroup": "3bef4019-6724-4e65-9a04-e0d70f93420d",
   "serializationOptions": {
      "serialization": "deep"
   },
   "uniqueContextId": "4238479975417755192.-4673087169552091993"
}
[1762356488.835][DEBUG]: DevTools WebSocket Response: Runtime.callFunctionOn (id=187) (session_id=FF176FC0EA54D69F254130271142907E) 42C616D140C89C9FBC63000B562B7FD5 {
   "result": {
      "className": "Array",
      "deepSerializedValue": {
         "type": "array",
         "value": [ {
            "type": "string",
            "value": "{\"status\":0,\"value\":true}"
         } ]
      },
      "description": "Array(1)",
      "objectId": "3199067383670679968.2.4",
      "subtype": "array",
      "type": "object"
   }
}
[1762356488.835][DEBUG]: DevTools WebSocket Command: Runtime.releaseObjectGroup (id=188) (session_id=FF176FC0EA54D69F254130271142907E) 42C616D140C89C9FBC63000B562B7FD5 {
   "objectGroup": "3bef4019-6724-4e65-9a04-e0d70f93420d"
}
[1762356488.835][INFO]: Waiting for pending navigations...
[1762356488.835][DEBUG]: DevTools WebSocket Command: Runtime.evaluate (id=189) (session_id=FF176FC0EA54D69F254130271142907E) 42C616D140C89C9FBC63000B562B7FD5 {
   "expression": "1"
}
[1762356488.835][DEBUG]: DevTools WebSocket Response: Runtime.releaseObjectGroup (id=188) (session_id=FF176FC0EA54D69F254130271142907E) 42C616D140C89C9FBC63000B562B7FD5 {
}
[1762356488.835][DEBUG]: DevTools WebSocket Response: Runtime.evaluate (id=189) (session_id=FF176FC0EA54D69F254130271142907E) 42C616D140C89C9FBC63000B562B7FD5 {
   "result": {
      "description": "1",
      "type": "number",
      "value": 1
   }
}
[1762356488.835][INFO]: Done waiting for pending navigations. Status: ok
[1762356488.835][INFO]: [4fb7047454e10517427241b4800df23c] RESPONSE ExecuteScript true
[1762356488.840][INFO]: [4fb7047454e10517427241b4800df23c] COMMAND FindElements {
   "using": "css selector",
   "value": "#react-layout"
}
[1762356488.840][INFO]: Waiting for pending navigations...
[1762356488.840][DEBUG]: DevTools WebSocket Command: Runtime.evaluate (id=190) (session_id=FF176FC0EA54D69F254130271142907E) 42C616D140C89C9FBC63000B562B7FD5 {
   "expression": "1"
}
[1762356488.840][DEBUG]: DevTools WebSocket Response: Runtime.evaluate (id=190) (session_id=FF176FC0EA54D69F254130271142907E) 42C616D140C89C9FBC63000B562B7FD5 {
   "result": {
      "description": "1",
      "type": "number",
      "value": 1
   }
}
[1762356488.840][INFO]: Done waiting for pending navigations. Status: ok
[1762356488.840][DEBUG]: DevTools WebSocket Command: Page.getFrameTree (id=191) (session_id=FF176FC0EA54D69F254130271142907E) 42C616D140C89C9FBC63000B562B7FD5 {
}
[1762356488.840][DEBUG]: DevTools WebSocket Response: Page.getFrameTree (id=191) (session_id=FF176FC0EA54D69F254130271142907E) 42C616D140C89C9FBC63000B562B7FD5 {
   "frameTree": {
      "childFrames": [ {
         "frame": {
            "adFrameStatus": {
               "adFrameType": "none",
               "explanations": [  ]
            },
            "crossOriginIsolatedContextType": "NotIsolated",
            "domainAndRegistry": "duckduckgo.com",
            "gatedAPIFeatures": [  ],
            "id": "4E39F45C2E9C1096965B19CDD7780287",
            "loaderId": "92DA87FA648EB5367C481D7415A1FCC8",
            "mimeType": "text/html",
            "name": "iframe_hidden",
            "parentId": "42C616D140C89C9FBC63000B562B7FD5",
            "secureContextType": "Secure",
            "securityOrigin": "https://duckduckgo.com",
            "securityOriginDetails": {
               "isLocalhost": false
            },
            "url": "https://duckduckgo.com/post3.html"
         }
      } ],
      "frame": {
         "adFrameStatus": {
            "adFrameType": "none"
         },
         "crossOriginIsolatedContextType": "NotIsolated",
         "domainAndRegistry": "duckduckgo.com",
         "gatedAPIFeatures": [  ],
         "id": "42C616D140C89C9FBC63000B562B7FD5",
         "loaderId": "324B80B73ACA029549FFC1352C37CC13",
         "mimeType": "text/html",
         "secureContextType": "Secure",
         "securityOrigin": "https://duckduckgo.com",
         "securityOriginDetails": {
            "isLocalhost": false
         },
         "url": "https://duckduckgo.com/?origin=funnel_home_website&t=h_&q=Nightwatch.js&ia=web"
      }
   }
}
[1762356488.840][DEBUG]: DevTools WebSocket Command: Page.getFrameTree (id=192) (session_id=FF176FC0EA54D69F254130271142907E) 42C616D140C89C9FBC63000B562B7FD5 {
}
[1762356488.840][DEBUG]: DevTools WebSocket Response: Page.getFrameTree (id=192) (session_id=FF176FC0EA54D69F254130271142907E) 42C616D140C89C9FBC63000B562B7FD5 {
   "frameTree": {
      "childFrames": [ {
         "frame": {
            "adFrameStatus": {
               "adFrameType": "none",
               "explanations": [  ]
            },
            "crossOriginIsolatedContextType": "NotIsolated",
            "domainAndRegistry": "duckduckgo.com",
            "gatedAPIFeatures": [  ],
            "id": "4E39F45C2E9C1096965B19CDD7780287",
            "loaderId": "92DA87FA648EB5367C481D7415A1FCC8",
            "mimeType": "text/html",
            "name": "iframe_hidden",
            "parentId": "42C616D140C89C9FBC63000B562B7FD5",
            "secureContextType": "Secure",
            "securityOrigin": "https://duckduckgo.com",
            "securityOriginDetails": {
               "isLocalhost": false
            },
            "url": "https://duckduckgo.com/post3.html"
         }
      } ],
      "frame": {
         "adFrameStatus": {
            "adFrameType": "none"
         },
         "crossOriginIsolatedContextType": "NotIsolated",
         "domainAndRegistry": "duckduckgo.com",
         "gatedAPIFeatures": [  ],
         "id": "42C616D140C89C9FBC63000B562B7FD5",
         "loaderId": "324B80B73ACA029549FFC1352C37CC13",
         "mimeType": "text/html",
         "secureContextType": "Secure",
         "securityOrigin": "https://duckduckgo.com",
         "securityOriginDetails": {
            "isLocalhost": false
         },
         "url": "https://duckduckgo.com/?origin=funnel_home_website&t=h_&q=Nightwatch.js&ia=web"
      }
   }
}
[1762356488.841][DEBUG]: DevTools WebSocket Command: Runtime.callFunctionOn (id=193) (session_id=FF176FC0EA54D69F254130271142907E) 42C616D140C89C9FBC63000B562B7FD5 {
   "arguments": [  ],
   "awaitPromise": true,
   "functionDeclaration": "function(){ return (function() { // Copyright 2012 The Chromium Authors\n// Use of this source code is governed by a BSD-style license that can be\n// found in the LICENSE file.\n\n/**\n * Enum for WebD...",
   "serializationOptions": {
      "serialization": "deep"
   },
   "uniqueContextId": "4238479975417755192.-4673087169552091993"
}
[1762356488.842][DEBUG]: DevTools WebSocket Response: Runtime.callFunctionOn (id=193) (session_id=FF176FC0EA54D69F254130271142907E) 42C616D140C89C9FBC63000B562B7FD5 {
   "result": {
      "className": "Array",
      "deepSerializedValue": {
         "type": "array",
         "value": [ {
            "type": "string",
            "value": "{\"status\":0,\"value\":[{\"element-6066-11e4-a52e-4f735466cecf\":0}]}"
         }, {
            "type": "node",
            "value": {
               "attributes": {
                  "id": "react-layout"
               },
               "backendNodeId": 58,
               "childNodeCount": 1,
               "loaderId": "324B80B73ACA029549FFC1352C37CC13",
               "localName": "div",
               "namespaceURI": "http://www.w3.org/1999/xhtml",
               "nodeType": 1,
               "shadowRoot": null
            }
         } ]
      },
      "description": "Array(2)",
      "objectId": "3199067383670679968.2.5",
      "subtype": "array",
      "type": "object"
   }
}
[1762356488.843][INFO]: Waiting for pending navigations...
[1762356488.843][DEBUG]: DevTools WebSocket Command: Runtime.evaluate (id=194) (session_id=FF176FC0EA54D69F254130271142907E) 42C616D140C89C9FBC63000B562B7FD5 {
   "expression": "1"
}
[1762356488.843][DEBUG]: DevTools WebSocket Response: Runtime.evaluate (id=194) (session_id=FF176FC0EA54D69F254130271142907E) 42C616D140C89C9FBC63000B562B7FD5 {
   "result": {
      "description": "1",
      "type": "number",
      "value": 1
   }
}
[1762356488.843][INFO]: Done waiting for pending navigations. Status: ok
[1762356488.843][INFO]: [4fb7047454e10517427241b4800df23c] RESPONSE FindElements [ {
   "element-6066-11e4-a52e-4f735466cecf": "f.42C616D140C89C9FBC63000B562B7FD5.d.324B80B73ACA029549FFC1352C37CC13.e.58"
} ]
[1762356488.844][INFO]: [4fb7047454e10517427241b4800df23c] COMMAND GetElementText {
   "id": "f.42C616D140C89C9FBC63000B562B7FD5.d.324B80B73ACA029549FFC1352C37CC13.e.58"
}
[1762356488.844][INFO]: Waiting for pending navigations...
[1762356488.844][DEBUG]: DevTools WebSocket Command: Runtime.evaluate (id=195) (session_id=FF176FC0EA54D69F254130271142907E) 42C616D140C89C9FBC63000B562B7FD5 {
   "expression": "1"
}
[1762356488.844][DEBUG]: DevTools WebSocket Response: Runtime.evaluate (id=195) (session_id=FF176FC0EA54D69F254130271142907E) 42C616D140C89C9FBC63000B562B7FD5 {
   "result": {
      "description": "1",
      "type": "number",
      "value": 1
   }
}
[1762356488.844][INFO]: Done waiting for pending navigations. Status: ok
[1762356488.844][DEBUG]: DevTools WebSocket Command: Page.getFrameTree (id=196) (session_id=FF176FC0EA54D69F254130271142907E) 42C616D140C89C9FBC63000B562B7FD5 {
}
[1762356488.844][DEBUG]: DevTools WebSocket Response: Page.getFrameTree (id=196) (session_id=FF176FC0EA54D69F254130271142907E) 42C616D140C89C9FBC63000B562B7FD5 {
   "frameTree": {
      "childFrames": [ {
         "frame": {
            "adFrameStatus": {
               "adFrameType": "none",
               "explanations": [  ]
            },
            "crossOriginIsolatedContextType": "NotIsolated",
            "domainAndRegistry": "duckduckgo.com",
            "gatedAPIFeatures": [  ],
            "id": "4E39F45C2E9C1096965B19CDD7780287",
            "loaderId": "92DA87FA648EB5367C481D7415A1FCC8",
            "mimeType": "text/html",
            "name": "iframe_hidden",
            "parentId": "42C616D140C89C9FBC63000B562B7FD5",
            "secureContextType": "Secure",
            "securityOrigin": "https://duckduckgo.com",
            "securityOriginDetails": {
               "isLocalhost": false
            },
            "url": "https://duckduckgo.com/post3.html"
         }
      } ],
      "frame": {
         "adFrameStatus": {
            "adFrameType": "none"
         },
         "crossOriginIsolatedContextType": "NotIsolated",
         "domainAndRegistry": "duckduckgo.com",
         "gatedAPIFeatures": [  ],
         "id": "42C616D140C89C9FBC63000B562B7FD5",
         "loaderId": "324B80B73ACA029549FFC1352C37CC13",
         "mimeType": "text/html",
         "secureContextType": "Secure",
         "securityOrigin": "https://duckduckgo.com",
         "securityOriginDetails": {
            "isLocalhost": false
         },
         "url": "https://duckduckgo.com/?origin=funnel_home_website&t=h_&q=Nightwatch.js&ia=web"
      }
   }
}
[1762356488.844][DEBUG]: DevTools WebSocket Command: DOM.resolveNode (id=197) (session_id=FF176FC0EA54D69F254130271142907E) 42C616D140C89C9FBC63000B562B7FD5 {
   "backendNodeId": 58,
   "objectGroup": "edf71393-f5d8-4702-82d3-6acb26593741"
}
[1762356488.844][DEBUG]: DevTools WebSocket Response: DOM.resolveNode (id=197) (session_id=FF176FC0EA54D69F254130271142907E) 42C616D140C89C9FBC63000B562B7FD5 {
   "object": {
      "className": "HTMLDivElement",
      "description": "div#react-layout",
      "objectId": "3199067383670679968.2.6",
      "subtype": "node",
      "type": "object"
   }
}
[1762356488.844][DEBUG]: DevTools WebSocket Command: Page.getFrameTree (id=198) (session_id=FF176FC0EA54D69F254130271142907E) 42C616D140C89C9FBC63000B562B7FD5 {
}
[1762356488.844][DEBUG]: DevTools WebSocket Response: Page.getFrameTree (id=198) (session_id=FF176FC0EA54D69F254130271142907E) 42C616D140C89C9FBC63000B562B7FD5 {
   "frameTree": {
      "childFrames": [ {
         "frame": {
            "adFrameStatus": {
               "adFrameType": "none",
               "explanations": [  ]
            },
            "crossOriginIsolatedContextType": "NotIsolated",
            "domainAndRegistry": "duckduckgo.com",
            "gatedAPIFeatures": [  ],
            "id": "4E39F45C2E9C1096965B19CDD7780287",
            "loaderId": "92DA87FA648EB5367C481D7415A1FCC8",
            "mimeType": "text/html",
            "name": "iframe_hidden",
            "parentId": "42C616D140C89C9FBC63000B562B7FD5",
            "secureContextType": "Secure",
            "securityOrigin": "https://duckduckgo.com",
            "securityOriginDetails": {
               "isLocalhost": false
            },
            "url": "https://duckduckgo.com/post3.html"
         }
      } ],
      "frame": {
         "adFrameStatus": {
            "adFrameType": "none"
         },
         "crossOriginIsolatedContextType": "NotIsolated",
         "domainAndRegistry": "duckduckgo.com",
         "gatedAPIFeatures": [  ],
         "id": "42C616D140C89C9FBC63000B562B7FD5",
         "loaderId": "324B80B73ACA029549FFC1352C37CC13",
         "mimeType": "text/html",
         "secureContextType": "Secure",
         "securityOrigin": "https://duckduckgo.com",
         "securityOriginDetails": {
            "isLocalhost": false
         },
         "url": "https://duckduckgo.com/?origin=funnel_home_website&t=h_&q=Nightwatch.js&ia=web"
      }
   }
}
[1762356488.845][DEBUG]: DevTools WebSocket Command: Runtime.callFunctionOn (id=199) (session_id=FF176FC0EA54D69F254130271142907E) 42C616D140C89C9FBC63000B562B7FD5 {
   "arguments": [ {
      "objectId": "3199067383670679968.2.6"
   } ],
   "awaitPromise": true,
   "functionDeclaration": "function(){ return (function() { // Copyright 2012 The Chromium Authors\n// Use of this source code is governed by a BSD-style license that can be\n// found in the LICENSE file.\n\n/**\n * Enum for WebD...",
   "objectGroup": "edf71393-f5d8-4702-82d3-6acb26593741",
   "serializationOptions": {
      "serialization": "deep"
   },
   "uniqueContextId": "4238479975417755192.-4673087169552091993"
}
[1762356488.940][DEBUG]: DevTools WebSocket Response: Runtime.callFunctionOn (id=199) (session_id=FF176FC0EA54D69F254130271142907E) 42C616D140C89C9FBC63000B562B7FD5 {
   "result": {
      "className": "Array",
      "deepSerializedValue": {
         "type": "array",
         "value": [ {
            "type": "string",
            "value": "{\"status\":0,\"value\":\"Protegido\\nEspaña (es)\\nBúsqueda segura: moderada\\nEn cualquier momento\\nNightwatch.js\\nhttps://nightwatchjs.org\\nNightwatch V3 | Node.js powered End-to-End testing framework..."
         } ]
      },
      "description": "Array(1)",
      "objectId": "3199067383670679968.2.7",
      "subtype": "array",
      "type": "object"
   }
}
[1762356488.940][DEBUG]: DevTools WebSocket Command: Runtime.releaseObjectGroup (id=200) (session_id=FF176FC0EA54D69F254130271142907E) 42C616D140C89C9FBC63000B562B7FD5 {
   "objectGroup": "edf71393-f5d8-4702-82d3-6acb26593741"
}
[1762356488.940][INFO]: Waiting for pending navigations...
[1762356488.940][DEBUG]: DevTools WebSocket Command: Runtime.evaluate (id=201) (session_id=FF176FC0EA54D69F254130271142907E) 42C616D140C89C9FBC63000B562B7FD5 {
   "expression": "1"
}
[1762356488.940][DEBUG]: DevTools WebSocket Response: Runtime.releaseObjectGroup (id=200) (session_id=FF176FC0EA54D69F254130271142907E) 42C616D140C89C9FBC63000B562B7FD5 {
}
[1762356488.940][DEBUG]: DevTools WebSocket Response: Runtime.evaluate (id=201) (session_id=FF176FC0EA54D69F254130271142907E) 42C616D140C89C9FBC63000B562B7FD5 {
   "result": {
      "description": "1",
      "type": "number",
      "value": 1
   }
}
[1762356488.940][INFO]: Done waiting for pending navigations. Status: ok
[1762356488.940][INFO]: [4fb7047454e10517427241b4800df23c] RESPONSE GetElementText "Protegido\nEspaña (es)\nBúsqueda segura: moderada\nEn cualquier momento\nNightwatch.js\nhttps://nightwatchjs.org\nNightwatch V3 | Node.js powered End-to-End testing framework\nNightwatch is a powerful a..."
[1762356488.949][INFO]: [4fb7047454e10517427241b4800df23c] COMMAND Quit {
}
[1762356488.999][INFO]: [4fb7047454e10517427241b4800df23c] RESPONSE Quit
[1762356488.999][DEBUG]: Log type 'driver' lost 0 entries on destruction
[1762356488.999][DEBUG]: Log type 'browser' lost 1 entries on destruction
