Starting ChromeDriver 142.0.7444.59 (4b8153ab58d3c3f4c9f7e4baad9616ecf80db5fa-refs/branch-heads/7444_52@{#4}) on port 9515
Only local connections are allowed.
Please see https://chromedriver.chromium.org/security-considerations for suggestions on keeping ChromeDriver safe.
ChromeDriver was started successfully on port 9515.
[1762305283.392][INFO]: [4c8a8d7329e980191e11d5349f9c329c] COMMAND InitSession {
   "capabilities": {
      "alwaysMatch": {
         "browserName": "chrome",
         "goog:chromeOptions": {
         }
      },
      "firstMatch": [ {
      } ]
   }
}
[1762305283.392][INFO]: Browser search. Trying... /home/danlois/Development/Proyectos/En Desarrollo/portaflio-v3/node_modules/.pnpm/chromedriver@142.0.0/node_modules/chromedriver/lib/chromedriver/chrome
[1762305283.392][INFO]: Browser search. Trying... /home/danlois/Development/Proyectos/En Desarrollo/portaflio-v3/node_modules/.pnpm/chromedriver@142.0.0/node_modules/chromedriver/lib/chromedriver/chrome
[1762305283.392][INFO]: Browser search. Trying... /home/danlois/Development/Proyectos/En Desarrollo/portaflio-v3/node_modules/.pnpm/chromedriver@142.0.0/node_modules/chromedriver/lib/chromedriver/google-chrome
[1762305283.392][INFO]: Browser search. Trying... /home/danlois/Development/Proyectos/En Desarrollo/portaflio-v3/node_modules/.pnpm/chromedriver@142.0.0/node_modules/chromedriver/lib/chromedriver/chromium
[1762305283.392][INFO]: Browser search. Trying... /home/danlois/Development/Proyectos/En Desarrollo/portaflio-v3/node_modules/.pnpm/chromedriver@142.0.0/node_modules/chromedriver/lib/chromedriver/chromium-browser
[1762305283.392][INFO]: Browser search. Trying... /usr/local/sbin/chrome
[1762305283.392][INFO]: Browser search. Trying... /usr/local/bin/chrome
[1762305283.392][INFO]: Browser search. Trying... /usr/sbin/chrome
[1762305283.392][INFO]: Browser search. Trying... /usr/bin/chrome
[1762305283.392][INFO]: Browser search. Trying... /sbin/chrome
[1762305283.392][INFO]: Browser search. Trying... /bin/chrome
[1762305283.392][INFO]: Browser search. Trying... /opt/google/chrome/chrome
[1762305283.392][INFO]: Browser search. Found at  /opt/google/chrome/chrome
[1762305283.393][INFO]: Populating Preferences file: {
   "alternate_error_pages": {
      "enabled": false
   },
   "autofill": {
      "enabled": false
   },
   "browser": {
      "check_default_browser": false
   },
   "distribution": {
      "import_bookmarks": false,
      "import_history": false,
      "import_search_engine": false,
      "make_chrome_default_for_user": false,
      "skip_first_run_ui": true
   },
   "dns_prefetching": {
      "enabled": false
   },
   "profile": {
      "content_settings": {
         "pattern_pairs": {
            "https://*,*": {
               "media-stream": {
                  "audio": "Default",
                  "video": "Default"
               }
            }
         }
      },
      "default_content_setting_values": {
         "geolocation": 1
      },
      "default_content_settings": {
         "geolocation": 1,
         "mouselock": 1,
         "notifications": 1,
         "popups": 1,
         "ppapi-broker": 1
      },
      "password_manager_enabled": false
   },
   "safebrowsing": {
      "enabled": false
   },
   "search": {
      "suggest_enabled": false
   },
   "translate": {
      "enabled": false
   }
}
[1762305283.393][INFO]: Populating Local State file: {
   "background_mode": {
      "enabled": false
   },
   "ssl": {
      "rev_checking": {
         "enabled": false
      }
   }
}
[1762305283.393][INFO]: ChromeDriver supports communication with Chrome via pipes. This is more reliable and more secure.
[1762305283.393][INFO]: Use the --remote-debugging-pipe Chrome switch instead of the default --remote-debugging-port to enable this communication mode.
[1762305283.393][INFO]: Launching chrome: /opt/google/chrome/chrome --allow-pre-commit-input --disable-background-networking --disable-client-side-phishing-detection --disable-default-apps --disable-features=IgnoreDuplicateNavs,Prewarm --disable-hang-monitor --disable-popup-blocking --disable-prompt-on-repost --disable-sync --enable-automation --enable-logging=stderr --log-level=0 --no-first-run --no-service-autorun --password-store=basic --remote-debugging-port=0 --test-type=webdriver --use-mock-keychain --user-data-dir=/tmp/.org.chromium.Chromium.scoped_dir.5L0D1m data:,
[1105/021443.405128:WARNING:chrome/app/chrome_main_linux.cc:82] Read channel stable from /opt/google/chrome/CHROME_VERSION_EXTRA
[214628:214628:1105/021443.480502:INFO:components/enterprise/browser/controller/chrome_browser_cloud_management_controller.cc:206] No machine level policy manager exists.

DevTools listening on ws://127.0.0.1:36161/devtools/browser/c77ab638-b098-41e1-b608-390ef4769629
[1762305283.548][DEBUG]: DevTools HTTP Request: http://localhost:36161/json/version
[214666:214666:1105/021443.557697:ERROR:media/gpu/vaapi/vaapi_wrapper.cc:1653] Installed VAAPI version is too old. min supported version: 1.17 installed version: 1.14
[214666:214666:1105/021443.567752:WARNING:sandbox/policy/linux/sandbox_linux.cc:404] InitializeSandbox() called with multiple threads in process gpu-process.
[1762305283.612][DEBUG]: DevTools HTTP Response: {
   "Browser": "Chrome/142.0.7444.59",
   "Protocol-Version": "1.3",
   "User-Agent": "Mozilla/5.0 (X11; Linux x86_64) AppleWebKit/537.36 (KHTML, like Gecko) Chrome/142.0.0.0 Safari/537.36",
   "V8-Version": "14.2.231.14",
   "WebKit-Version": "537.36 (@4b8153ab58d3c3f4c9f7e4baad9616ecf80db5fa)",
   "webSocketDebuggerUrl": "ws://localhost:36161/devtools/browser/c77ab638-b098-41e1-b608-390ef4769629"
}

[1762305283.612][DEBUG]: DevTools HTTP Request: http://localhost:36161/json/list
[1762305283.685][DEBUG]: DevTools HTTP Response: [ {
   "description": "",
   "devtoolsFrontendUrl": "https://chrome-devtools-frontend.appspot.com/serve_rev/@4b8153ab58d3c3f4c9f7e4baad9616ecf80db5fa/inspector.html?ws=localhost:36161/devtools/page/0D5EDC095436449006366D111B2AD7EB",
   "id": "0D5EDC095436449006366D111B2AD7EB",
   "title": "",
   "type": "page",
   "url": "data:,",
   "webSocketDebuggerUrl": "ws://localhost:36161/devtools/page/0D5EDC095436449006366D111B2AD7EB"
} ]

[1762305283.686][INFO]: resolved localhost to ["127.0.0.1"]
[1762305283.688][DEBUG]: DevTools WebSocket Command: Target.getTargets (id=1) (session_id=) browser {
   "filter": [ {
      "exclude": true,
      "type": "browser"
   }, {
      "exclude": true,
      "type": "page"
   }, {
      "exclude": false
   } ]
}
[1762305283.689][DEBUG]: DevTools WebSocket Response: Target.getTargets (id=1) (session_id=) browser {
   "targetInfos": [ {
      "attached": false,
      "browserContextId": "5B6A437B9F86DC432D537AFD37688A1F",
      "canAccessOpener": false,
      "targetId": "EC008150AB130AAD6540C0B2527869F0",
      "title": "",
      "type": "tab",
      "url": "data:,"
   } ]
}
[1762305283.689][DEBUG]: DevTools WebSocket Command: Target.attachToTarget (id=2) (session_id=) browser {
   "flatten": true,
   "targetId": "EC008150AB130AAD6540C0B2527869F0"
}
[1762305283.693][DEBUG]: DevTools WebSocket Event: Target.attachedToTarget (session_id=) browser {
   "sessionId": "50C23D36FB31328058E556C5762F19D2",
   "targetInfo": {
      "attached": true,
      "browserContextId": "5B6A437B9F86DC432D537AFD37688A1F",
      "canAccessOpener": false,
      "targetId": "EC008150AB130AAD6540C0B2527869F0",
      "title": "",
      "type": "tab",
      "url": "data:,"
   },
   "waitingForDebugger": false
}
[1762305283.693][DEBUG]: DevTools WebSocket Response: Target.attachToTarget (id=2) (session_id=) browser {
   "sessionId": "50C23D36FB31328058E556C5762F19D2"
}
[1762305283.693][DEBUG]: DevTools WebSocket Command: Target.setAutoAttach (id=3) (session_id=50C23D36FB31328058E556C5762F19D2) EC008150AB130AAD6540C0B2527869F0 {
   "autoAttach": true,
   "flatten": true,
   "waitForDebuggerOnStart": false
}
[214628:214628:1105/021443.744916:WARNING:ui/base/idle/idle_linux.cc:98] None of the known D-Bus ScreenSaver services could be used.
[1762305283.746][DEBUG]: DevTools WebSocket Event: Target.attachedToTarget (session_id=50C23D36FB31328058E556C5762F19D2) EC008150AB130AAD6540C0B2527869F0 {
   "sessionId": "020896624AC3A50119819791F246C3B0",
   "targetInfo": {
      "attached": true,
      "browserContextId": "5B6A437B9F86DC432D537AFD37688A1F",
      "canAccessOpener": false,
      "targetId": "0D5EDC095436449006366D111B2AD7EB",
      "title": "",
      "type": "page",
      "url": "data:,"
   },
   "waitingForDebugger": false
}
[1762305283.746][DEBUG]: DevTools WebSocket Command: Page.enable (id=4) (session_id=020896624AC3A50119819791F246C3B0) 0D5EDC095436449006366D111B2AD7EB {
}
[1762305283.746][DEBUG]: DevTools WebSocket Command: Page.addScriptToEvaluateOnNewDocument (id=5) (session_id=020896624AC3A50119819791F246C3B0) 0D5EDC095436449006366D111B2AD7EB {
   "source": "(function () {window.cdc_adoQpoasnfa76pfcZLmcfl_Array = window.Array;window.cdc_adoQpoasnfa76pfcZLmcfl_Object = window.Object;window.cdc_adoQpoasnfa76pfcZLmcfl_Promise = window.Promise;window.cdc_a..."
}
[1762305283.746][DEBUG]: DevTools WebSocket Command: Runtime.evaluate (id=6) (session_id=020896624AC3A50119819791F246C3B0) 0D5EDC095436449006366D111B2AD7EB {
   "expression": "(function () {window.cdc_adoQpoasnfa76pfcZLmcfl_Array = window.Array;window.cdc_adoQpoasnfa76pfcZLmcfl_Object = window.Object;window.cdc_adoQpoasnfa76pfcZLmcfl_Promise = window.Promise;window.cdc_a..."
}
[1762305283.746][DEBUG]: DevTools WebSocket Command: Log.enable (id=7) (session_id=020896624AC3A50119819791F246C3B0) 0D5EDC095436449006366D111B2AD7EB {
}
[1762305283.746][DEBUG]: DevTools WebSocket Command: Target.setAutoAttach (id=8) (session_id=020896624AC3A50119819791F246C3B0) 0D5EDC095436449006366D111B2AD7EB {
   "autoAttach": true,
   "flatten": true,
   "waitForDebuggerOnStart": false
}
[1762305283.746][DEBUG]: DevTools WebSocket Response: Target.setAutoAttach (id=3) (session_id=50C23D36FB31328058E556C5762F19D2) EC008150AB130AAD6540C0B2527869F0 {
}
[1762305283.750][DEBUG]: DevTools WebSocket Response: Page.enable (id=4) (session_id=020896624AC3A50119819791F246C3B0) 0D5EDC095436449006366D111B2AD7EB {
}
[1762305283.750][DEBUG]: DevTools WebSocket Response: Page.addScriptToEvaluateOnNewDocument (id=5) (session_id=020896624AC3A50119819791F246C3B0) 0D5EDC095436449006366D111B2AD7EB {
   "identifier": "1"
}
[1762305283.750][DEBUG]: DevTools WebSocket Response: Runtime.evaluate (id=6) (session_id=020896624AC3A50119819791F246C3B0) 0D5EDC095436449006366D111B2AD7EB {
   "result": {
      "type": "undefined"
   }
}
[1762305283.750][DEBUG]: DevTools WebSocket Response: Log.enable (id=7) (session_id=020896624AC3A50119819791F246C3B0) 0D5EDC095436449006366D111B2AD7EB {
}
[1762305283.750][DEBUG]: DevTools WebSocket Response: Target.setAutoAttach (id=8) (session_id=020896624AC3A50119819791F246C3B0) 0D5EDC095436449006366D111B2AD7EB {
}
[1762305283.750][DEBUG]: DevTools WebSocket Command: Runtime.enable (id=9) (session_id=020896624AC3A50119819791F246C3B0) 0D5EDC095436449006366D111B2AD7EB {
}
[1762305283.750][DEBUG]: DevTools WebSocket Event: Page.domContentEventFired (session_id=020896624AC3A50119819791F246C3B0) 0D5EDC095436449006366D111B2AD7EB {
   "timestamp": 13040.991023
}
[1762305283.750][DEBUG]: DevTools WebSocket Event: Page.loadEventFired (session_id=020896624AC3A50119819791F246C3B0) 0D5EDC095436449006366D111B2AD7EB {
   "timestamp": 13040.991246
}
[1762305283.753][DEBUG]: DevTools WebSocket Event: Page.frameStoppedLoading (session_id=020896624AC3A50119819791F246C3B0) 0D5EDC095436449006366D111B2AD7EB {
   "frameId": "0D5EDC095436449006366D111B2AD7EB"
}
[1762305283.753][DEBUG]: DevTools WebSocket Event: Page.frameResized (session_id=020896624AC3A50119819791F246C3B0) 0D5EDC095436449006366D111B2AD7EB {
}
[1762305283.754][DEBUG]: DevTools WebSocket Event: Runtime.executionContextCreated (session_id=020896624AC3A50119819791F246C3B0) 0D5EDC095436449006366D111B2AD7EB {
   "context": {
      "auxData": {
         "frameId": "0D5EDC095436449006366D111B2AD7EB",
         "isDefault": true,
         "type": "default"
      },
      "id": 1,
      "name": "",
      "origin": "://",
      "uniqueId": "-5198735228356128798.-1197608074966344600"
   }
}
[1762305283.754][DEBUG]: DevTools WebSocket Response: Runtime.enable (id=9) (session_id=020896624AC3A50119819791F246C3B0) 0D5EDC095436449006366D111B2AD7EB {
}
[1762305283.754][DEBUG]: DevTools WebSocket Command: Runtime.enable (id=10) (session_id=020896624AC3A50119819791F246C3B0) 0D5EDC095436449006366D111B2AD7EB {
}
[1762305283.754][DEBUG]: DevTools WebSocket Response: Runtime.enable (id=10) (session_id=020896624AC3A50119819791F246C3B0) 0D5EDC095436449006366D111B2AD7EB {
}
[1762305283.754][INFO]: [4c8a8d7329e980191e11d5349f9c329c] RESPONSE InitSession {
   "capabilities": {
      "acceptInsecureCerts": false,
      "browserName": "chrome",
      "browserVersion": "142.0.7444.59",
      "chrome": {
         "chromedriverVersion": "142.0.7444.59 (4b8153ab58d3c3f4c9f7e4baad9616ecf80db5fa-refs/branch-heads/7444_52@{#4})",
         "userDataDir": "/tmp/.org.chromium.Chromium.scoped_dir.5L0D1m"
      },
      "fedcm:accounts": true,
      "goog:chromeOptions": {
         "debuggerAddress": "localhost:36161"
      },
      "goog:processID": 214628,
      "networkConnectionEnabled": false,
      "pageLoadStrategy": "normal",
      "platformName": "linux",
      "proxy": {
      },
      "setWindowRect": true,
      "strictFileInteractability": false,
      "timeouts": {
         "implicit": 0,
         "pageLoad": 300000,
         "script": 30000
      },
      "unhandledPromptBehavior": "dismiss and notify",
      "webauthn:extension:credBlob": true,
      "webauthn:extension:largeBlob": true,
      "webauthn:extension:minPinLength": true,
      "webauthn:extension:prf": true,
      "~~~": "..."
   },
   "sessionId": "4c8a8d7329e980191e11d5349f9c329c"
}
[1762305283.767][INFO]: [4c8a8d7329e980191e11d5349f9c329c] COMMAND Navigate {
   "url": "https://www.ecosia.org/"
}
[1762305283.767][INFO]: Waiting for pending navigations...
[1762305283.767][DEBUG]: DevTools WebSocket Command: Runtime.evaluate (id=11) (session_id=020896624AC3A50119819791F246C3B0) 0D5EDC095436449006366D111B2AD7EB {
   "expression": "1"
}
[1762305283.768][DEBUG]: DevTools WebSocket Response: Runtime.evaluate (id=11) (session_id=020896624AC3A50119819791F246C3B0) 0D5EDC095436449006366D111B2AD7EB {
   "result": {
      "description": "1",
      "type": "number",
      "value": 1
   }
}
[1762305283.768][INFO]: Done waiting for pending navigations. Status: ok
[1762305283.768][DEBUG]: DevTools WebSocket Command: Page.navigate (id=12) (session_id=020896624AC3A50119819791F246C3B0) 0D5EDC095436449006366D111B2AD7EB {
   "url": "https://www.ecosia.org/"
}
[1762305283.770][DEBUG]: DevTools WebSocket Event: Page.frameStartedNavigating (session_id=020896624AC3A50119819791F246C3B0) 0D5EDC095436449006366D111B2AD7EB {
   "frameId": "0D5EDC095436449006366D111B2AD7EB",
   "loaderId": "017A3C7A6DB955E281BA06348EE64563",
   "navigationType": "differentDocument",
   "url": "https://www.ecosia.org/"
}
[1762305283.770][DEBUG]: DevTools WebSocket Event: Page.frameStartedLoading (session_id=020896624AC3A50119819791F246C3B0) 0D5EDC095436449006366D111B2AD7EB {
   "frameId": "0D5EDC095436449006366D111B2AD7EB"
}
[1762305283.924][DEBUG]: DevTools WebSocket Response: Page.navigate (id=12) (session_id=020896624AC3A50119819791F246C3B0) 0D5EDC095436449006366D111B2AD7EB {
   "frameId": "0D5EDC095436449006366D111B2AD7EB",
   "isDownload": false,
   "loaderId": "017A3C7A6DB955E281BA06348EE64563"
}
[1762305283.924][INFO]: Waiting for pending navigations...
[1762305283.924][DEBUG]: DevTools WebSocket Command: Runtime.evaluate (id=13) (session_id=020896624AC3A50119819791F246C3B0) 0D5EDC095436449006366D111B2AD7EB {
   "expression": "1"
}
[1762305283.926][DEBUG]: DevTools WebSocket Event: Runtime.executionContextsCleared (session_id=020896624AC3A50119819791F246C3B0) 0D5EDC095436449006366D111B2AD7EB {
}
[1762305283.927][DEBUG]: DevTools WebSocket Event: Runtime.executionContextsCleared (session_id=020896624AC3A50119819791F246C3B0) 0D5EDC095436449006366D111B2AD7EB {
}
[1762305283.927][DEBUG]: DevTools WebSocket Event: Page.frameNavigated (session_id=020896624AC3A50119819791F246C3B0) 0D5EDC095436449006366D111B2AD7EB {
   "frame": {
      "adFrameStatus": {
         "adFrameType": "none"
      },
      "crossOriginIsolatedContextType": "NotIsolated",
      "domainAndRegistry": "ecosia.org",
      "gatedAPIFeatures": [  ],
      "id": "0D5EDC095436449006366D111B2AD7EB",
      "loaderId": "017A3C7A6DB955E281BA06348EE64563",
      "mimeType": "text/html",
      "secureContextType": "Secure",
      "securityOrigin": "https://www.ecosia.org",
      "securityOriginDetails": {
         "isLocalhost": false
      },
      "url": "https://www.ecosia.org/"
   },
   "type": "Navigation"
}
[1762305283.934][DEBUG]: DevTools WebSocket Event: Runtime.executionContextCreated (session_id=020896624AC3A50119819791F246C3B0) 0D5EDC095436449006366D111B2AD7EB {
   "context": {
      "auxData": {
         "frameId": "0D5EDC095436449006366D111B2AD7EB",
         "isDefault": true,
         "type": "default"
      },
      "id": 1,
      "name": "",
      "origin": "https://www.ecosia.org",
      "uniqueId": "1764549309517658738.-925398802202643774"
   }
}
[1762305283.936][DEBUG]: DevTools WebSocket Response: Runtime.evaluate (id=13) (session_id=020896624AC3A50119819791F246C3B0) 0D5EDC095436449006366D111B2AD7EB {
   "result": {
      "description": "1",
      "type": "number",
      "value": 1
   }
}
[1762305284.010][DEBUG]: DevTools WebSocket Event: Page.domContentEventFired (session_id=020896624AC3A50119819791F246C3B0) 0D5EDC095436449006366D111B2AD7EB {
   "timestamp": 13041.219759
}
[1762305284.010][DEBUG]: DevTools WebSocket Command: Runtime.evaluate (id=14) (session_id=020896624AC3A50119819791F246C3B0) 0D5EDC095436449006366D111B2AD7EB {
   "expression": "1"
}
[1762305284.014][DEBUG]: DevTools WebSocket Event: Page.frameAttached (session_id=020896624AC3A50119819791F246C3B0) 0D5EDC095436449006366D111B2AD7EB {
   "frameId": "7C884AFF19772ED3553A15E2C3C15B2C",
   "parentFrameId": "0D5EDC095436449006366D111B2AD7EB",
   "stack": {
      "callFrames": [ {
         "columnNumber": 342,
         "functionName": "i",
         "lineNumber": 47,
         "scriptId": "22",
         "url": "https://www.ecosia.org/"
      }, {
         "columnNumber": 398,
         "functionName": "",
         "lineNumber": 47,
         "scriptId": "22",
         "url": "https://www.ecosia.org/"
      } ]
   }
}
[1762305284.014][DEBUG]: DevTools WebSocket Event: Page.frameRequestedNavigation (session_id=020896624AC3A50119819791F246C3B0) 0D5EDC095436449006366D111B2AD7EB {
   "disposition": "currentTab",
   "frameId": "7C884AFF19772ED3553A15E2C3C15B2C",
   "reason": "initialFrameNavigation",
   "url": "about:blank"
}
[1762305284.014][DEBUG]: DevTools WebSocket Event: Page.frameNavigated (session_id=020896624AC3A50119819791F246C3B0) 0D5EDC095436449006366D111B2AD7EB {
   "frame": {
      "adFrameStatus": {
         "adFrameType": "none",
         "explanations": [  ]
      },
      "crossOriginIsolatedContextType": "NotIsolated",
      "domainAndRegistry": "",
      "gatedAPIFeatures": [  ],
      "id": "7C884AFF19772ED3553A15E2C3C15B2C",
      "loaderId": "24415C887EEE12ADD46BD66C1FB5664E",
      "mimeType": "text/html",
      "name": "__tcfapiLocator",
      "parentId": "0D5EDC095436449006366D111B2AD7EB",
      "secureContextType": "Secure",
      "securityOrigin": "://",
      "securityOriginDetails": {
         "isLocalhost": false
      },
      "url": "about:blank"
   },
   "type": "Navigation"
}
[1762305284.015][DEBUG]: DevTools WebSocket Event: Page.frameStartedLoading (session_id=020896624AC3A50119819791F246C3B0) 0D5EDC095436449006366D111B2AD7EB {
   "frameId": "7C884AFF19772ED3553A15E2C3C15B2C"
}
[1762305284.016][DEBUG]: DevTools WebSocket Event: Runtime.executionContextCreated (session_id=020896624AC3A50119819791F246C3B0) 0D5EDC095436449006366D111B2AD7EB {
   "context": {
      "auxData": {
         "frameId": "7C884AFF19772ED3553A15E2C3C15B2C",
         "isDefault": true,
         "type": "default"
      },
      "id": 2,
      "name": "",
      "origin": "https://www.ecosia.org",
      "uniqueId": "5664355687691110945.-6927787168472576834"
   }
}
[1762305284.016][DEBUG]: DevTools WebSocket Event: Page.frameStoppedLoading (session_id=020896624AC3A50119819791F246C3B0) 0D5EDC095436449006366D111B2AD7EB {
   "frameId": "7C884AFF19772ED3553A15E2C3C15B2C"
}
[1762305284.016][DEBUG]: DevTools WebSocket Response: Runtime.evaluate (id=14) (session_id=020896624AC3A50119819791F246C3B0) 0D5EDC095436449006366D111B2AD7EB {
   "result": {
      "description": "1",
      "type": "number",
      "value": 1
   }
}
[1762305284.063][DEBUG]: DevTools WebSocket Event: Page.frameResized (session_id=020896624AC3A50119819791F246C3B0) 0D5EDC095436449006366D111B2AD7EB {
}
[1762305284.063][DEBUG]: DevTools WebSocket Command: Runtime.evaluate (id=15) (session_id=020896624AC3A50119819791F246C3B0) 0D5EDC095436449006366D111B2AD7EB {
   "expression": "1"
}
[214628:214628:1105/021444.078472:INFO:CONSOLE:40] "
███████  ▄████▄   ▄████▄   ▄████▙ ███   ▐███▌
███████ ▟██████▙ ▟██████▙ ▟█▛▀███ ███   █████
██▄▄▄   ██▛  ▝▀▀ ██▛  ▝██ ▔▀▅▃    ███  ▐██ ██▌
██▀▀▀   ██▙  ▗▄▄ ██▙  ▗██    ▔▀▙▁ ███  ██▙▄▟██
███████ ▜██████▛ ▜██████▛ ███▄▟█▛ ███ ▐██▀▀▀██▌
███████  ▀████▀   ▀████▀  ▜████▀  ███ ██▌   ▐██

We love JavaScript too - why not code and plant trees? Check out https://explore.ecosia.org/jobs

", source: https://www.ecosia.org/static/indexpage/assets/chunks/chunk-BlmSaYPm.js (40)
[1762305284.079][DEBUG]: DevTools WebSocket Event: Runtime.consoleAPICalled (session_id=020896624AC3A50119819791F246C3B0) 0D5EDC095436449006366D111B2AD7EB {
   "args": [ {
      "type": "string",
      "value": "\n███████  ▄████▄   ▄████▄   ▄████▙ ███   ▐███▌\n███████ ▟██████▙ ▟██████▙ ▟█▛▀..."
   } ],
   "executionContextId": 1,
   "stackTrace": {
      "callFrames": [ {
         "columnNumber": 17323,
         "functionName": "d_",
         "lineNumber": 39,
         "scriptId": "16",
         "url": "https://www.ecosia.org/static/indexpage/assets/chunks/chunk-BlmSaYPm.js"
      }, {
         "columnNumber": 583,
         "functionName": "hE",
         "lineNumber": 57,
         "scriptId": "16",
         "url": "https://www.ecosia.org/static/indexpage/assets/chunks/chunk-BlmSaYPm.js"
      } ]
   },
   "timestamp": 1.762305284078372e+12,
   "type": "log"
}
[1762305284.140][DEBUG]: DevTools WebSocket Response: Runtime.evaluate (id=15) (session_id=020896624AC3A50119819791F246C3B0) 0D5EDC095436449006366D111B2AD7EB {
   "result": {
      "description": "1",
      "type": "number",
      "value": 1
   }
}
[1762305284.281][DEBUG]: DevTools WebSocket Event: Page.frameAttached (session_id=020896624AC3A50119819791F246C3B0) 0D5EDC095436449006366D111B2AD7EB {
   "frameId": "9548ABEA16C76C58B5364F552152618B",
   "parentFrameId": "0D5EDC095436449006366D111B2AD7EB",
   "stack": {
      "callFrames": [ {
         "columnNumber": 903,
         "functionName": "loadGTM",
         "lineNumber": 5,
         "scriptId": "15",
         "url": "https://www.ecosia.org/static/indexpage/assets/entries/src_pages.qHQnZ8Ki.js"
      }, {
         "columnNumber": 715,
         "functionName": "tcfIntegrationReady",
         "lineNumber": 5,
         "scriptId": "15",
         "url": "https://www.ecosia.org/static/indexpage/assets/entries/src_pages.qHQnZ8Ki.js"
      }, {
         "columnNumber": 24826,
         "functionName": "gt",
         "lineNumber": 5,
         "scriptId": "16",
         "url": "https://www.ecosia.org/static/indexpage/assets/chunks/chunk-BlmSaYPm.js"
      }, {
         "columnNumber": 29176,
         "functionName": "e.run",
         "lineNumber": 5,
         "scriptId": "16",
         "url": "https://www.ecosia.org/static/indexpage/assets/chunks/chunk-BlmSaYPm.js"
      }, {
         "columnNumber": 34306,
         "functionName": "Dm",
         "lineNumber": 5,
         "scriptId": "16",
         "url": "https://www.ecosia.org/static/indexpage/assets/chunks/chunk-BlmSaYPm.js"
      }, {
         "columnNumber": 25859,
         "functionName": "",
         "lineNumber": 5,
         "scriptId": "16",
         "url": "https://www.ecosia.org/static/indexpage/assets/chunks/chunk-BlmSaYPm.js"
      }, {
         "columnNumber": 25271,
         "functionName": "Wr",
         "lineNumber": 5,
         "scriptId": "16",
         "url": "https://www.ecosia.org/static/indexpage/assets/chunks/chunk-BlmSaYPm.js"
      } ]
   }
}
[1762305284.281][DEBUG]: DevTools WebSocket Event: Page.frameRequestedNavigation (session_id=020896624AC3A50119819791F246C3B0) 0D5EDC095436449006366D111B2AD7EB {
   "disposition": "currentTab",
   "frameId": "9548ABEA16C76C58B5364F552152618B",
   "reason": "initialFrameNavigation",
   "url": "https://www.googletagmanager.com/ns.html?id=GTM-M33JXB44&gtm_auth=yQLXq56VlYmlCpsDKUq5-Q&gtm_preview=env-1&gtm_cookies_win=x"
}
[1762305284.281][DEBUG]: DevTools WebSocket Command: Runtime.evaluate (id=16) (session_id=020896624AC3A50119819791F246C3B0) 0D5EDC095436449006366D111B2AD7EB {
   "expression": "1"
}
[1762305284.283][DEBUG]: DevTools WebSocket Event: Page.frameStartedNavigating (session_id=020896624AC3A50119819791F246C3B0) 0D5EDC095436449006366D111B2AD7EB {
   "frameId": "9548ABEA16C76C58B5364F552152618B",
   "loaderId": "BBFEE8E875602678ACE61465C2855969",
   "navigationType": "differentDocument",
   "url": "https://www.googletagmanager.com/ns.html?id=GTM-M33JXB44&gtm_auth=yQLXq56VlYmlCpsDKUq5-Q&gtm_preview=env-1&gtm_cookies_win=x"
}
[1762305284.283][DEBUG]: DevTools WebSocket Event: Page.frameStartedLoading (session_id=020896624AC3A50119819791F246C3B0) 0D5EDC095436449006366D111B2AD7EB {
   "frameId": "9548ABEA16C76C58B5364F552152618B"
}
[1762305284.288][DEBUG]: DevTools WebSocket Response: Runtime.evaluate (id=16) (session_id=020896624AC3A50119819791F246C3B0) 0D5EDC095436449006366D111B2AD7EB {
   "result": {
      "description": "1",
      "type": "number",
      "value": 1
   }
}
[1762305284.383][DEBUG]: DevTools WebSocket Event: Target.attachedToTarget (session_id=020896624AC3A50119819791F246C3B0) 0D5EDC095436449006366D111B2AD7EB {
   "sessionId": "2C2283243BDB9E02AB47AB5B7AC1080A",
   "targetInfo": {
      "attached": true,
      "browserContextId": "5B6A437B9F86DC432D537AFD37688A1F",
      "canAccessOpener": false,
      "parentFrameId": "0D5EDC095436449006366D111B2AD7EB",
      "targetId": "9548ABEA16C76C58B5364F552152618B",
      "title": "",
      "type": "iframe",
      "url": ""
   },
   "waitingForDebugger": false
}
[1762305284.383][DEBUG]: DevTools WebSocket Command: Page.enable (id=17) (session_id=2C2283243BDB9E02AB47AB5B7AC1080A) 2C2283243BDB9E02AB47AB5B7AC1080A {
}
[1762305284.383][DEBUG]: DevTools WebSocket Command: Page.addScriptToEvaluateOnNewDocument (id=18) (session_id=2C2283243BDB9E02AB47AB5B7AC1080A) 2C2283243BDB9E02AB47AB5B7AC1080A {
   "source": "(function () {window.cdc_adoQpoasnfa76pfcZLmcfl_Array = window.Array;window.cdc_adoQpoasnfa76pfcZLmcfl_Object = window.Object;window.cdc_adoQpoasnfa76pfcZLmcfl_Promise = window.Promise;window.cdc_a..."
}
[1762305284.383][DEBUG]: DevTools WebSocket Command: Runtime.evaluate (id=19) (session_id=2C2283243BDB9E02AB47AB5B7AC1080A) 2C2283243BDB9E02AB47AB5B7AC1080A {
   "expression": "(function () {window.cdc_adoQpoasnfa76pfcZLmcfl_Array = window.Array;window.cdc_adoQpoasnfa76pfcZLmcfl_Object = window.Object;window.cdc_adoQpoasnfa76pfcZLmcfl_Promise = window.Promise;window.cdc_a..."
}
[1762305284.383][DEBUG]: DevTools WebSocket Command: Target.setAutoAttach (id=20) (session_id=2C2283243BDB9E02AB47AB5B7AC1080A) 2C2283243BDB9E02AB47AB5B7AC1080A {
   "autoAttach": true,
   "flatten": true,
   "waitForDebuggerOnStart": false
}
[1762305284.385][DEBUG]: DevTools WebSocket Event: Target.targetInfoChanged (session_id=020896624AC3A50119819791F246C3B0) 0D5EDC095436449006366D111B2AD7EB {
   "targetInfo": {
      "attached": true,
      "browserContextId": "5B6A437B9F86DC432D537AFD37688A1F",
      "canAccessOpener": false,
      "parentFrameId": "0D5EDC095436449006366D111B2AD7EB",
      "targetId": "9548ABEA16C76C58B5364F552152618B",
      "title": "https://www.googletagmanager.com/ns.html?id=GTM-M33JXB44&gtm_auth=yQLXq56VlYmlCpsDKUq5-Q&gtm_preview=env-1&gtm_cookies_win=x",
      "type": "iframe",
      "url": "https://www.googletagmanager.com/ns.html?id=GTM-M33JXB44&gtm_auth=yQLXq56VlYmlCpsDKUq5-Q&gtm_preview=env-1&gtm_cookies_win=x"
   }
}
[1762305284.385][DEBUG]: DevTools WebSocket Event: Page.frameDetached (session_id=020896624AC3A50119819791F246C3B0) 0D5EDC095436449006366D111B2AD7EB {
   "frameId": "9548ABEA16C76C58B5364F552152618B",
   "reason": "swap"
}
[1762305284.386][DEBUG]: DevTools WebSocket Response: Page.enable (id=17) (session_id=2C2283243BDB9E02AB47AB5B7AC1080A) 2C2283243BDB9E02AB47AB5B7AC1080A {
}
[1762305284.386][DEBUG]: DevTools WebSocket Response: Page.addScriptToEvaluateOnNewDocument (id=18) (session_id=2C2283243BDB9E02AB47AB5B7AC1080A) 2C2283243BDB9E02AB47AB5B7AC1080A {
   "identifier": "1"
}
[1762305284.386][DEBUG]: DevTools WebSocket Response: Runtime.evaluate (id=19) (session_id=2C2283243BDB9E02AB47AB5B7AC1080A) 2C2283243BDB9E02AB47AB5B7AC1080A {
   "result": {
      "type": "undefined"
   }
}
[1762305284.386][DEBUG]: DevTools WebSocket Response: Target.setAutoAttach (id=20) (session_id=2C2283243BDB9E02AB47AB5B7AC1080A) 2C2283243BDB9E02AB47AB5B7AC1080A {
}
[1762305284.386][DEBUG]: DevTools WebSocket Command: Runtime.enable (id=21) (session_id=2C2283243BDB9E02AB47AB5B7AC1080A) 2C2283243BDB9E02AB47AB5B7AC1080A {
}
[1762305284.388][DEBUG]: DevTools WebSocket Event: Page.domContentEventFired (session_id=2C2283243BDB9E02AB47AB5B7AC1080A) 2C2283243BDB9E02AB47AB5B7AC1080A {
   "timestamp": 13041.629919
}
[1762305284.388][DEBUG]: DevTools WebSocket Event: Page.loadEventFired (session_id=2C2283243BDB9E02AB47AB5B7AC1080A) 2C2283243BDB9E02AB47AB5B7AC1080A {
   "timestamp": 13041.630012
}
[1762305284.388][DEBUG]: DevTools WebSocket Event: Page.frameStoppedLoading (session_id=2C2283243BDB9E02AB47AB5B7AC1080A) 2C2283243BDB9E02AB47AB5B7AC1080A {
   "frameId": "9548ABEA16C76C58B5364F552152618B"
}
[1762305284.388][DEBUG]: DevTools WebSocket Event: Runtime.executionContextCreated (session_id=2C2283243BDB9E02AB47AB5B7AC1080A) 2C2283243BDB9E02AB47AB5B7AC1080A {
   "context": {
      "auxData": {
         "frameId": "9548ABEA16C76C58B5364F552152618B",
         "isDefault": true,
         "type": "default"
      },
      "id": 1,
      "name": "",
      "origin": "https://www.googletagmanager.com",
      "uniqueId": "1099036544790321151.1269984106966354461"
   }
}
[1762305284.388][DEBUG]: DevTools WebSocket Response: Runtime.enable (id=21) (session_id=2C2283243BDB9E02AB47AB5B7AC1080A) 2C2283243BDB9E02AB47AB5B7AC1080A {
}
[1762305284.388][DEBUG]: DevTools WebSocket Command: Runtime.evaluate (id=22) (session_id=020896624AC3A50119819791F246C3B0) 0D5EDC095436449006366D111B2AD7EB {
   "expression": "1"
}
[1762305284.401][DEBUG]: DevTools WebSocket Event: Page.loadEventFired (session_id=020896624AC3A50119819791F246C3B0) 0D5EDC095436449006366D111B2AD7EB {
   "timestamp": 13041.643365
}
[1762305284.401][DEBUG]: DevTools WebSocket Command: Runtime.evaluate (id=23) (session_id=020896624AC3A50119819791F246C3B0) 0D5EDC095436449006366D111B2AD7EB {
   "awaitPromise": false,
   "expression": "document.readyState",
   "returnByValue": true,
   "uniqueContextId": "1764549309517658738.-925398802202643774"
}
[1762305284.402][DEBUG]: DevTools WebSocket Event: Page.frameStoppedLoading (session_id=020896624AC3A50119819791F246C3B0) 0D5EDC095436449006366D111B2AD7EB {
   "frameId": "0D5EDC095436449006366D111B2AD7EB"
}
[1762305284.402][DEBUG]: DevTools WebSocket Response: Runtime.evaluate (id=22) (session_id=020896624AC3A50119819791F246C3B0) 0D5EDC095436449006366D111B2AD7EB {
   "result": {
      "description": "1",
      "type": "number",
      "value": 1
   }
}
[214628:214628:1105/021444.410599:INFO:CONSOLE:669] "Executing inline script violates the following Content Security Policy directive 'script-src 'self' *.ecosia.org *.sentry.io *.privacy-center.org 'nonce-cQUx9CAmxIppbDxUO9EZbw==' challenges.cloudflare.com www.googleadservices.com www.google.com www.googletagmanager.com *.mountain.com'. Either the 'unsafe-inline' keyword, a hash ('sha256-L5qor40rL0QNhhTIglGN5Fk6+ak+zwmt1yBIA1/f0UY='), or a nonce ('nonce-...') is required to enable inline execution. The action has been blocked.", source: https://www.googletagmanager.com/gtm.js?id=GTM-M33JXB44&gtm_auth=yQLXq56VlYmlCpsDKUq5-Q&gtm_preview=env-1&gtm_cookies_win=x (669)
[1762305284.411][DEBUG]: DevTools WebSocket Event: Log.entryAdded (session_id=020896624AC3A50119819791F246C3B0) 0D5EDC095436449006366D111B2AD7EB {
   "entry": {
      "level": "error",
      "lineNumber": 668,
      "source": "security",
      "stackTrace": {
         "callFrames": [ {
            "columnNumber": 428,
            "functionName": "",
            "lineNumber": 668,
            "scriptId": "68",
            "url": "https://www.googletagmanager.com/gtm.js?id=GTM-M33JXB44&gtm_auth=yQLXq56VlYmlCpsDKUq5-Q&gtm_preview=env-1&gtm_cookies_win=x"
         }, {
            "columnNumber": 131,
            "functionName": "",
            "lineNumber": 669,
            "scriptId": "68",
            "url": "https://www.googletagmanager.com/gtm.js?id=GTM-M33JXB44&gtm_auth=yQLXq56VlYmlCpsDKUq5-Q&gtm_preview=env-1&gtm_cookies_win=x"
         }, {
            "columnNumber": 30,
            "functionName": "zP",
            "lineNumber": 670,
            "scriptId": "68",
            "url": "https://www.googletagmanager.com/gtm.js?id=GTM-M33JXB44&gtm_auth=yQLXq56VlYmlCpsDKUq5-Q&gtm_preview=env-1&gtm_cookies_win=x"
         }, {
            "columnNumber": 170,
            "functionName": "yP",
            "lineNumber": 667,
            "scriptId": "68",
            "url": "https://www.googletagmanager.com/gtm.js?id=GTM-M33JXB44&gtm_auth=yQLXq56VlYmlCpsDKUq5-Q&gtm_preview=env-1&gtm_cookies_win=x"
         }, {
            "columnNumber": 404,
            "functionName": "",
            "lineNumber": 258,
            "scriptId": "68",
            "url": "https://www.googletagmanager.com/gtm.js?id=GTM-M33JXB44&gtm_auth=yQLXq56VlYmlCpsDKUq5-Q&gtm_preview=env-1&gtm_cookies_win=x"
         }, {
            "columnNumber": 361,
            "functionName": "k.invoke",
            "lineNumber": 166,
            "scriptId": "68",
            "url": "https://www.googletagmanager.com/gtm.js?id=GTM-M33JXB44&gtm_auth=yQLXq56VlYmlCpsDKUq5-Q&gtm_preview=env-1&gtm_cookies_win=x"
         }, {
            "columnNumber": 390,
            "functionName": "Ya",
            "lineNumber": 129,
            "scriptId": "68",
            "url": "https://www.googletagmanager.com/gtm.js?id=GTM-M33JXB44&gtm_auth=yQLXq56VlYmlCpsDKUq5-Q&gtm_preview=env-1&gtm_cookies_win=x"
         }, {
            "columnNumber": 526,
            "functionName": "Xa",
            "lineNumber": 128,
            "scriptId": "68",
            "url": "https://www.googletagmanager.com/gtm.js?id=GTM-M33JXB44&gtm_auth=yQLXq56VlYmlCpsDKUq5-Q&gtm_preview=env-1&gtm_cookies_win=x"
         }, {
            "columnNumber": 472,
            "functionName": "",
            "lineNumber": 190,
            "scriptId": "68",
            "url": "https://www.googletagmanager.com/gtm.js?id=GTM-M33JXB44&gtm_auth=yQLXq56VlYmlCpsDKUq5-Q&gtm_preview=env-1&gtm_cookies_win=x"
         }, {
            "columnNumber": 361,
            "functionName": "k.invoke",
            "lineNumber": 166,
            "scriptId": "68",
            "url": "https://www.googletagmanager.com/gtm.js?id=GTM-M33JXB44&gtm_auth=yQLXq56VlYmlCpsDKUq5-Q&gtm_preview=env-1&gtm_cookies_win=x"
         }, {
            "columnNumber": 390,
            "functionName": "Ya",
            "lineNumber": 129,
            "scriptId": "68",
            "url": "https://www.googletagmanager.com/gtm.js?id=GTM-M33JXB44&gtm_auth=yQLXq56VlYmlCpsDKUq5-Q&gtm_preview=env-1&gtm_cookies_win=x"
         }, {
            "columnNumber": 116,
            "functionName": "k.rp",
            "lineNumber": 131,
            "scriptId": "68",
            "url": "https://www.googletagmanager.com/gtm.js?id=GTM-M33JXB44&gtm_auth=yQLXq56VlYmlCpsDKUq5-Q&gtm_preview=env-1&gtm_cookies_win=x"
         }, {
            "columnNumber": 959,
            "functionName": "cf",
            "lineNumber": 201,
            "scriptId": "68",
            "url": "https://www.googletagmanager.com/gtm.js?id=GTM-M33JXB44&gtm_auth=yQLXq56VlYmlCpsDKUq5-Q&gtm_preview=env-1&gtm_cookies_win=x"
         }, {
            "columnNumber": 314,
            "functionName": "",
            "lineNumber": 604,
            "scriptId": "68",
            "url": "https://www.googletagmanager.com/gtm.js?id=GTM-M33JXB44&gtm_auth=yQLXq56VlYmlCpsDKUq5-Q&gtm_preview=env-1&gtm_cookies_win=x"
         }, {
            "columnNumber": 91,
            "functionName": "eg",
            "lineNumber": 216,
            "scriptId": "68",
            "url": "https://www.googletagmanager.com/gtm.js?id=GTM-M33JXB44&gtm_auth=yQLXq56VlYmlCpsDKUq5-Q&gtm_preview=env-1&gtm_cookies_win=x"
         }, {
            "columnNumber": 229,
            "functionName": "e",
            "lineNumber": 550,
            "scriptId": "68",
            "url": "https://www.googletagmanager.com/gtm.js?id=GTM-M33JXB44&gtm_auth=yQLXq56VlYmlCpsDKUq5-Q&gtm_preview=env-1&gtm_cookies_win=x"
         }, {
            "columnNumber": 124,
            "functionName": "",
            "lineNumber": 135,
            "scriptId": "68",
            "url": "https://www.googletagmanager.com/gtm.js?id=GTM-M33JXB44&gtm_auth=yQLXq56VlYmlCpsDKUq5-Q&gtm_preview=env-1&gtm_cookies_win=x"
         }, {
            "columnNumber": 413,
            "functionName": "",
            "lineNumber": 551,
            "scriptId": "68",
            "url": "https://www.googletagmanager.com/gtm.js?id=GTM-M33JXB44&gtm_auth=yQLXq56VlYmlCpsDKUq5-Q&gtm_preview=env-1&gtm_cookies_win=x"
         }, {
            "columnNumber": 153,
            "functionName": "",
            "lineNumber": 551,
            "scriptId": "68",
            "url": "https://www.googletagmanager.com/gtm.js?id=GTM-M33JXB44&gtm_auth=yQLXq56VlYmlCpsDKUq5-Q&gtm_preview=env-1&gtm_cookies_win=x"
         }, "..." ]
      },
      "text": "Executing inline script violates the following Content Security Policy directive 'script-src 'self' *.ecosia.org *.sentry.io *.privacy-center.org 'nonce-cQUx9CAmxIppbDxUO9EZbw==' challenges.cloudfl...",
      "timestamp": 1.762305284410413e+12,
      "url": "https://www.googletagmanager.com/gtm.js?id=GTM-M33JXB44&gtm_auth=yQLXq56VlYmlCpsDKUq5-Q&gtm_preview=env-1&gtm_cookies_win=x"
   }
}
[1762305284.414][DEBUG]: DevTools WebSocket Response: Runtime.evaluate (id=23) (session_id=020896624AC3A50119819791F246C3B0) 0D5EDC095436449006366D111B2AD7EB {
   "result": {
      "type": "string",
      "value": "complete"
   }
}
[1762305284.414][INFO]: Done waiting for pending navigations. Status: ok
[1762305284.414][INFO]: [4c8a8d7329e980191e11d5349f9c329c] RESPONSE Navigate
[1762305284.420][INFO]: [4c8a8d7329e980191e11d5349f9c329c] COMMAND FindElements {
   "using": "css selector",
   "value": "body"
}
[1762305284.420][INFO]: Waiting for pending navigations...
[1762305284.420][DEBUG]: DevTools WebSocket Command: Runtime.evaluate (id=24) (session_id=020896624AC3A50119819791F246C3B0) 0D5EDC095436449006366D111B2AD7EB {
   "expression": "1"
}
[1762305284.421][DEBUG]: DevTools WebSocket Response: Runtime.evaluate (id=24) (session_id=020896624AC3A50119819791F246C3B0) 0D5EDC095436449006366D111B2AD7EB {
   "result": {
      "description": "1",
      "type": "number",
      "value": 1
   }
}
[1762305284.421][INFO]: Done waiting for pending navigations. Status: ok
[1762305284.421][DEBUG]: DevTools WebSocket Command: Page.getFrameTree (id=25) (session_id=020896624AC3A50119819791F246C3B0) 0D5EDC095436449006366D111B2AD7EB {
}
[1762305284.421][DEBUG]: DevTools WebSocket Response: Page.getFrameTree (id=25) (session_id=020896624AC3A50119819791F246C3B0) 0D5EDC095436449006366D111B2AD7EB {
   "frameTree": {
      "childFrames": [ {
         "frame": {
            "adFrameStatus": {
               "adFrameType": "none",
               "explanations": [  ]
            },
            "crossOriginIsolatedContextType": "NotIsolated",
            "domainAndRegistry": "",
            "gatedAPIFeatures": [  ],
            "id": "7C884AFF19772ED3553A15E2C3C15B2C",
            "loaderId": "24415C887EEE12ADD46BD66C1FB5664E",
            "mimeType": "text/html",
            "name": "__tcfapiLocator",
            "parentId": "0D5EDC095436449006366D111B2AD7EB",
            "secureContextType": "Secure",
            "securityOrigin": "://",
            "securityOriginDetails": {
               "isLocalhost": false
            },
            "url": "about:blank"
         }
      } ],
      "frame": {
         "adFrameStatus": {
            "adFrameType": "none"
         },
         "crossOriginIsolatedContextType": "NotIsolated",
         "domainAndRegistry": "ecosia.org",
         "gatedAPIFeatures": [  ],
         "id": "0D5EDC095436449006366D111B2AD7EB",
         "loaderId": "017A3C7A6DB955E281BA06348EE64563",
         "mimeType": "text/html",
         "secureContextType": "Secure",
         "securityOrigin": "https://www.ecosia.org",
         "securityOriginDetails": {
            "isLocalhost": false
         },
         "url": "https://www.ecosia.org/"
      }
   }
}
[1762305284.421][DEBUG]: DevTools WebSocket Command: Page.getFrameTree (id=26) (session_id=020896624AC3A50119819791F246C3B0) 0D5EDC095436449006366D111B2AD7EB {
}
[1762305284.421][DEBUG]: DevTools WebSocket Response: Page.getFrameTree (id=26) (session_id=020896624AC3A50119819791F246C3B0) 0D5EDC095436449006366D111B2AD7EB {
   "frameTree": {
      "childFrames": [ {
         "frame": {
            "adFrameStatus": {
               "adFrameType": "none",
               "explanations": [  ]
            },
            "crossOriginIsolatedContextType": "NotIsolated",
            "domainAndRegistry": "",
            "gatedAPIFeatures": [  ],
            "id": "7C884AFF19772ED3553A15E2C3C15B2C",
            "loaderId": "24415C887EEE12ADD46BD66C1FB5664E",
            "mimeType": "text/html",
            "name": "__tcfapiLocator",
            "parentId": "0D5EDC095436449006366D111B2AD7EB",
            "secureContextType": "Secure",
            "securityOrigin": "://",
            "securityOriginDetails": {
               "isLocalhost": false
            },
            "url": "about:blank"
         }
      } ],
      "frame": {
         "adFrameStatus": {
            "adFrameType": "none"
         },
         "crossOriginIsolatedContextType": "NotIsolated",
         "domainAndRegistry": "ecosia.org",
         "gatedAPIFeatures": [  ],
         "id": "0D5EDC095436449006366D111B2AD7EB",
         "loaderId": "017A3C7A6DB955E281BA06348EE64563",
         "mimeType": "text/html",
         "secureContextType": "Secure",
         "securityOrigin": "https://www.ecosia.org",
         "securityOriginDetails": {
            "isLocalhost": false
         },
         "url": "https://www.ecosia.org/"
      }
   }
}
[1762305284.422][DEBUG]: DevTools WebSocket Command: Runtime.callFunctionOn (id=27) (session_id=020896624AC3A50119819791F246C3B0) 0D5EDC095436449006366D111B2AD7EB {
   "arguments": [  ],
   "awaitPromise": true,
   "functionDeclaration": "function(){ return (function() { // Copyright 2012 The Chromium Authors\n// Use of this source code is governed by a BSD-style license that can be\n// found in the LICENSE file.\n\n/**\n * Enum for WebD...",
   "serializationOptions": {
      "serialization": "deep"
   },
   "uniqueContextId": "1764549309517658738.-925398802202643774"
}
[1762305284.427][DEBUG]: DevTools WebSocket Response: Runtime.callFunctionOn (id=27) (session_id=020896624AC3A50119819791F246C3B0) 0D5EDC095436449006366D111B2AD7EB {
   "result": {
      "className": "Array",
      "deepSerializedValue": {
         "type": "array",
         "value": [ {
            "type": "string",
            "value": "{\"status\":0,\"value\":[{\"element-6066-11e4-a52e-4f735466cecf\":0}]}"
         }, {
            "type": "node",
            "value": {
               "attributes": {
               },
               "backendNodeId": 32,
               "childNodeCount": 20,
               "loaderId": "017A3C7A6DB955E281BA06348EE64563",
               "localName": "body",
               "namespaceURI": "http://www.w3.org/1999/xhtml",
               "nodeType": 1,
               "shadowRoot": null
            }
         } ]
      },
      "description": "Array(2)",
      "objectId": "1465936456213613148.1.1",
      "subtype": "array",
      "type": "object"
   }
}
[1762305284.427][INFO]: Waiting for pending navigations...
[1762305284.427][DEBUG]: DevTools WebSocket Command: Runtime.evaluate (id=28) (session_id=020896624AC3A50119819791F246C3B0) 0D5EDC095436449006366D111B2AD7EB {
   "expression": "1"
}
[1762305284.427][DEBUG]: DevTools WebSocket Response: Runtime.evaluate (id=28) (session_id=020896624AC3A50119819791F246C3B0) 0D5EDC095436449006366D111B2AD7EB {
   "result": {
      "description": "1",
      "type": "number",
      "value": 1
   }
}
[1762305284.427][INFO]: Done waiting for pending navigations. Status: ok
[1762305284.427][INFO]: [4c8a8d7329e980191e11d5349f9c329c] RESPONSE FindElements [ {
   "element-6066-11e4-a52e-4f735466cecf": "f.0D5EDC095436449006366D111B2AD7EB.d.017A3C7A6DB955E281BA06348EE64563.e.32"
} ]
[1762305284.429][INFO]: [4c8a8d7329e980191e11d5349f9c329c] COMMAND ExecuteScript {
   "args": [ {
      "ELEMENT": "f.0D5EDC095436449006366D111B2AD7EB.d.017A3C7A6DB955E281BA06348EE64563.e.32",
      "element-6066-11e4-a52e-4f735466cecf": "f.0D5EDC095436449006366D111B2AD7EB.d.017A3C7A6DB955E281BA06348EE64563.e.32"
   } ],
   "script": "/* isDisplayed */return (function(){return (function(){var g=this||self;\nfunction aa(a){var b=typeof a;if(\"object\"==b)if(a){if(a instanceof Array)return\"array\";if(a instanceof Object)return b;var c=Object.prototype.toString.call(a);if(\"[object Window]\"==c)return\"object\";if(\"[object Array]\"==c||\"number\"==typeof a.length&&\"undefined\"!=typeof a.splice&&\"undefined\"!=typeof a.propertyIsEnumerable&&!a.propertyIsEnumerable(\"splice\"))return\"array\";if(\"[object Function]\"==c||\"undefined\"!=typeof a.call&&\"undefined\"!=typeof a.propertyIsEnumerable&&!a.propertyIsEnumerable(\"call\"))return\"function\"}else return\"null\";else if(\"function\"==\nb&&\"undefined\"==typeof a.call)return\"object\";return b}function ca(a,b){function c(){}c.prototype=b.prototype;a.prototype=new c;a.prototype.constructor=a};var da=Array.prototype.indexOf?function(a,b){return Array.prototype.indexOf.call(a,b,void 0)}:function(a,b){if(\"string\"===typeof a)return\"string\"!==typeof b||1!=b.length?-1:a.indexOf(b,0);for(var c=0;c\u003Ca.length;c++)if(c in a&&a[c]===b)return c;return-1},ea=Array.prototype.some?function(a,b){return Array.prototype.some.call(a,b,void 0)}:function(a,b){for(var c=a.length,e=\"string\"===typeof a?a.split(\"\"):a,d=0;d\u003Cc;d++)if(d in e&&b.call(void 0,e[d],d,a))return!0;return!1},fa=Array.prototype.every?function(a,\nb){return Array.prototype.every.call(a,b,void 0)}:function(a,b){for(var c=a.length,e=\"string\"===typeof a?a.split(\"\"):a,d=0;d\u003Cc;d++)if(d in e&&!b.call(void 0,e[d],d,a))return!1;return!0};var ha={aliceblue:\"#f0f8ff\",antiquewhite:\"#faebd7\",aqua:\"#00ffff\",aquamarine:\"#7fffd4\",azure:\"#f0ffff\",beige:\"#f5f5dc\",bisque:\"#ffe4c4\",black:\"#000000\",blanchedalmond:\"#ffebcd\",blue:\"#0000ff\",blueviolet:\"#8a2be2\",brown:\"#a52a2a\",burlywood:\"#deb887\",cadetblue:\"#5f9ea0\",chartreuse:\"#7fff00\",chocolate:\"#d2691e\",coral:\"#ff7f50\",cornflowerblue:\"#6495ed\",cornsilk:\"#fff8dc\",crimson:\"#dc143c\",cyan:\"#00ffff\",darkblue:\"#00008b\",darkcyan:\"#008b8b\",darkgoldenrod:\"#b8860b\",darkgray:\"#a9a9a9\",darkgreen:\"#006400\",\ndarkgrey:\"#a9a9a9\",darkkhaki:\"#bdb76b\",darkmagenta:\"#8b008b\",darkolivegreen:\"#556b2f\",darkorange:\"#ff8c00\",darkorchid:\"#9932cc\",darkred:\"#8b0000\",darksalmon:\"#e9967a\",darkseagreen:\"#8fbc8f\",darkslateblue:\"#483d8b\",darkslategray:\"#2f4f4f\",darkslategrey:\"#2f4f4f\",darkturquoise:\"#00ced1\",darkviolet:\"#9400d3\",deeppink:\"#ff1493\",deepskyblue:\"#00bfff\",dimgray:\"#696969\",dimgrey:\"#696969\",dodgerblue:\"#1e90ff\",firebrick:\"#b22222\",floralwhite:\"#fffaf0\",forestgreen:\"#228b22\",fuchsia:\"#ff00ff\",gainsboro:\"#dcdcdc\",\nghostwhite:\"#f8f8ff\",gold:\"#ffd700\",goldenrod:\"#daa520\",gray:\"#808080\",green:\"#008000\",greenyellow:\"#adff2f\",grey:\"#808080\",honeydew:\"#f0fff0\",hotpink:\"#ff69b4\",indianred:\"#cd5c5c\",indigo:\"#4b0082\",ivory:\"#fffff0\",khaki:\"#f0e68c\",lavender:\"#e6e6fa\",lavenderblush:\"#fff0f5\",lawngreen:\"#7cfc00\",lemonchiffon:\"#fffacd\",lightblue:\"#add8e6\",lightcoral:\"#f08080\",lightcyan:\"#e0ffff\",lightgoldenrodyellow:\"#fafad2\",lightgray:\"#d3d3d3\",lightgreen:\"#90ee90\",lightgrey:\"#d3d3d3\",lightpink:\"#ffb6c1\",lightsalmon:\"#ffa07a\",\nlightseagreen:\"#20b2aa\",lightskyblue:\"#87cefa\",lightslategray:\"#778899\",lightslategrey:\"#778899\",lightsteelblue:\"#b0c4de\",lightyellow:\"#ffffe0\",lime:\"#00ff00\",limegreen:\"#32cd32\",linen:\"#faf0e6\",magenta:\"#ff00ff\",maroon:\"#800000\",mediumaquamarine:\"#66cdaa\",mediumblue:\"#0000cd\",mediumorchid:\"#ba55d3\",mediumpurple:\"#9370db\",mediumseagreen:\"#3cb371\",mediumslateblue:\"#7b68ee\",mediumspringgreen:\"#00fa9a\",mediumturquoise:\"#48d1cc\",mediumvioletred:\"#c71585\",midnightblue:\"#191970\",mintcream:\"#f5fffa\",mistyrose:\"#ffe4e1\",\nmoccasin:\"#ffe4b5\",navajowhite:\"#ffdead\",navy:\"#000080\",oldlace:\"#fdf5e6\",olive:\"#808000\",olivedrab:\"#6b8e23\",orange:\"#ffa500\",orangered:\"#ff4500\",orchid:\"#da70d6\",palegoldenrod:\"#eee8aa\",palegreen:\"#98fb98\",paleturquoise:\"#afeeee\",palevioletred:\"#db7093\",papayawhip:\"#ffefd5\",peachpuff:\"#ffdab9\",peru:\"#cd853f\",pink:\"#ffc0cb\",plum:\"#dda0dd\",powderblue:\"#b0e0e6\",purple:\"#800080\",red:\"#ff0000\",rosybrown:\"#bc8f8f\",royalblue:\"#4169e1\",saddlebrown:\"#8b4513\",salmon:\"#fa8072\",sandybrown:\"#f4a460\",seagreen:\"#2e8b57\",\nseashell:\"#fff5ee\",sienna:\"#a0522d\",silver:\"#c0c0c0\",skyblue:\"#87ceeb\",slateblue:\"#6a5acd\",slategray:\"#708090\",slategrey:\"#708090\",snow:\"#fffafa\",springgreen:\"#00ff7f\",steelblue:\"#4682b4\",tan:\"#d2b48c\",teal:\"#008080\",thistle:\"#d8bfd8\",tomato:\"#ff6347\",turquoise:\"#40e0d0\",violet:\"#ee82ee\",wheat:\"#f5deb3\",white:\"#ffffff\",whitesmoke:\"#f5f5f5\",yellow:\"#ffff00\",yellowgreen:\"#9acd32\"};var ia=\"backgroundColor borderTopColor borderRightColor borderBottomColor borderLeftColor color outlineColor\".split(\" \"),ja=/#([0-9a-fA-F])([0-9a-fA-F])([0-9a-fA-F])/,ka=/^#(?:[0-9a-f]{3}){1,2}$/i,la=/^(?:rgba)?\\((\\d{1,3}),\\s?(\\d{1,3}),\\s?(\\d{1,3}),\\s?(0|1|0\\.\\d*)\\)$/i,ma=/^(?:rgb)?\\((0|[1-9]\\d{0,2}),\\s?(0|[1-9]\\d{0,2}),\\s?(0|[1-9]\\d{0,2})\\)$/i;function m(a,b){this.code=a;this.a=p[a]||r;this.message=b||\"\";a=this.a.replace(/((?:^|\\s+)[a-z])/g,function(c){return c.toUpperCase().replace(/^[\\s\\xa0]+/g,\"\")});b=a.length-5;if(0>b||a.indexOf(\"Error\",b)!=b)a+=\"Error\";this.name=a;a=Error(this.message);a.name=this.name;this.stack=a.stack||\"\"}ca(m,Error);var r=\"unknown error\",p={15:\"element not selectable\",11:\"element not visible\"};p[31]=r;p[30]=r;p[24]=\"invalid cookie domain\";p[29]=\"invalid element coordinates\";p[12]=\"invalid element state\";\np[32]=\"invalid selector\";p[51]=\"invalid selector\";p[52]=\"invalid selector\";p[17]=\"javascript error\";p[405]=\"unsupported operation\";p[34]=\"move target out of bounds\";p[27]=\"no such alert\";p[7]=\"no such element\";p[8]=\"no such frame\";p[23]=\"no such window\";p[28]=\"script timeout\";p[33]=\"session not created\";p[10]=\"stale element reference\";p[21]=\"timeout\";p[25]=\"unable to set cookie\";p[26]=\"unexpected alert open\";p[13]=r;p[9]=\"unknown command\";var u=String.prototype.trim?function(a){return a.trim()}:function(a){return/^[\\s\\xa0]*([\\s\\S]*?)[\\s\\xa0]*$/.exec(a)[1]};\nfunction na(a,b){var c=0;a=u(String(a)).split(\".\");b=u(String(b)).split(\".\");for(var e=Math.max(a.length,b.length),d=0;0==c&&d\u003Ce;d++){var f=a[d]||\"\",h=b[d]||\"\";do{f=/(\\d*)(\\D*)(.*)/.exec(f)||[\"\",\"\",\"\",\"\"];h=/(\\d*)(\\D*)(.*)/.exec(h)||[\"\",\"\",\"\",\"\"];if(0==f[0].length&&0==h[0].length)break;c=v(0==f[1].length?0:parseInt(f[1],10),0==h[1].length?0:parseInt(h[1],10))||v(0==f[2].length,0==h[2].length)||v(f[2],h[2]);f=f[3];h=h[3]}while(0==c)}return c}function v(a,b){return a\u003Cb?-1:a>b?1:0};var w;a:{var oa=g.navigator;if(oa){var sa=oa.userAgent;if(sa){w=sa;break a}}w=\"\"}function x(a){return-1!=w.indexOf(a)};function y(){return x(\"Firefox\")||x(\"FxiOS\")}function A(){return(x(\"Chrome\")||x(\"CriOS\"))&&!x(\"Edge\")};function ta(a){return String(a).replace(/\\-([a-z])/g,function(b,c){return c.toUpperCase()})};function B(){return x(\"iPhone\")&&!x(\"iPod\")&&!x(\"iPad\")};function ua(a,b){var c=va;return Object.prototype.hasOwnProperty.call(c,a)?c[a]:c[a]=b(a)};var wa=x(\"Opera\"),C=x(\"Trident\")||x(\"MSIE\"),xa=x(\"Edge\"),ya=x(\"Gecko\")&&!(-1!=w.toLowerCase().indexOf(\"webkit\")&&!x(\"Edge\"))&&!(x(\"Trident\")||x(\"MSIE\"))&&!x(\"Edge\"),za=-1!=w.toLowerCase().indexOf(\"webkit\")&&!x(\"Edge\");function Aa(){var a=g.document;return a?a.documentMode:void 0}var E;\na:{var F=\"\",G=function(){var a=w;if(ya)return/rv:([^\\);]+)(\\)|;)/.exec(a);if(xa)return/Edge\\/([\\d\\.]+)/.exec(a);if(C)return/\\b(?:MSIE|rv)[: ]([^\\);]+)(\\)|;)/.exec(a);if(za)return/WebKit\\/(\\S+)/.exec(a);if(wa)return/(?:Version)[ \\/]?(\\S+)/.exec(a)}();G&&(F=G?G[1]:\"\");if(C){var H=Aa();if(null!=H&&H>parseFloat(F)){E=String(H);break a}}E=F}var va={};function Ba(a){return ua(a,function(){return 0\u003C=na(E,a)})}var I;I=g.document&&C?Aa():void 0;var Ca=y(),Da=B()||x(\"iPod\"),Ea=x(\"iPad\"),Fa=x(\"Android\")&&!(A()||y()||x(\"Opera\")||x(\"Silk\")),Ga=A(),Ha=x(\"Safari\")&&!(A()||x(\"Coast\")||x(\"Opera\")||x(\"Edge\")||x(\"Edg/\")||x(\"OPR\")||y()||x(\"Silk\")||x(\"Android\"))&&!(B()||x(\"iPad\")||x(\"iPod\"));function J(a){return(a=a.exec(w))?a[1]:\"\"}(function(){if(Ca)return J(/Firefox\\/([0-9.]+)/);if(C||xa||wa)return E;if(Ga)return B()||x(\"iPad\")||x(\"iPod\")?J(/CriOS\\/([0-9.]+)/):J(/Chrome\\/([0-9.]+)/);if(Ha&&!(B()||x(\"iPad\")||x(\"iPod\")))return J(/Version\\/([0-9.]+)/);if(Da||Ea){var a=/Version\\/(\\S+).*Mobile\\/(\\S+)/.exec(w);if(a)return a[1]+\".\"+a[2]}else if(Fa)return(a=J(/Android\\s+([0-9.]+)/))?a:J(/Version\\/([0-9.]+)/);return\"\"})();var K;if(K=C)K=!(9\u003C=Number(I));var Ia=K;function L(a,b){this.x=void 0!==a?a:0;this.y=void 0!==b?b:0}L.prototype.ceil=function(){this.x=Math.ceil(this.x);this.y=Math.ceil(this.y);return this};L.prototype.floor=function(){this.x=Math.floor(this.x);this.y=Math.floor(this.y);return this};L.prototype.round=function(){this.x=Math.round(this.x);this.y=Math.round(this.y);return this};function M(a,b){this.width=a;this.height=b}M.prototype.aspectRatio=function(){return this.width/this.height};M.prototype.ceil=function(){this.width=Math.ceil(this.width);this.height=Math.ceil(this.height);return this};M.prototype.floor=function(){this.width=Math.floor(this.width);this.height=Math.floor(this.height);return this};M.prototype.round=function(){this.width=Math.round(this.width);this.height=Math.round(this.height);return this};function N(a){return 9==a.nodeType?a:a.ownerDocument||a.document}function Ja(a,b){a&&(a=a.parentNode);for(var c=0;a;){if(b(a))return a;a=a.parentNode;c++}return null}function Ka(a){this.a=a||g.document||document};function P(a,b){b&&\"string\"!==typeof b&&(b=b.toString());return a instanceof HTMLFormElement?!!a&&1==a.nodeType&&(!b||\"FORM\"==b):!!a&&1==a.nodeType&&(!b||a.tagName.toUpperCase()==b)};function Q(a,b,c,e){this.f=a;this.a=b;this.b=c;this.c=e}Q.prototype.ceil=function(){this.f=Math.ceil(this.f);this.a=Math.ceil(this.a);this.b=Math.ceil(this.b);this.c=Math.ceil(this.c);return this};Q.prototype.floor=function(){this.f=Math.floor(this.f);this.a=Math.floor(this.a);this.b=Math.floor(this.b);this.c=Math.floor(this.c);return this};Q.prototype.round=function(){this.f=Math.round(this.f);this.a=Math.round(this.a);this.b=Math.round(this.b);this.c=Math.round(this.c);return this};function R(a,b,c,e){this.a=a;this.b=b;this.width=c;this.height=e}R.prototype.ceil=function(){this.a=Math.ceil(this.a);this.b=Math.ceil(this.b);this.width=Math.ceil(this.width);this.height=Math.ceil(this.height);return this};R.prototype.floor=function(){this.a=Math.floor(this.a);this.b=Math.floor(this.b);this.width=Math.floor(this.width);this.height=Math.floor(this.height);return this};\nR.prototype.round=function(){this.a=Math.round(this.a);this.b=Math.round(this.b);this.width=Math.round(this.width);this.height=Math.round(this.height);return this};var La=\"function\"===typeof ShadowRoot;function S(a){for(a=a.parentNode;a&&1!=a.nodeType&&9!=a.nodeType&&11!=a.nodeType;)a=a.parentNode;return P(a)?a:null}\nfunction T(a,b){b=ta(b);if(\"float\"==b||\"cssFloat\"==b||\"styleFloat\"==b)b=Ia?\"styleFloat\":\"cssFloat\";a:{var c=b;var e=N(a);if(e.defaultView&&e.defaultView.getComputedStyle&&(e=e.defaultView.getComputedStyle(a,null))){c=e[c]||e.getPropertyValue(c)||\"\";break a}c=\"\"}a=c||Ma(a,b);if(null===a)a=null;else if(0\u003C=da(ia,b)){b:{var d=a.match(la);if(d&&(b=Number(d[1]),c=Number(d[2]),e=Number(d[3]),d=Number(d[4]),0\u003C=b&&255>=b&&0\u003C=c&&255>=c&&0\u003C=e&&255>=e&&0\u003C=d&&1>=d)){b=[b,c,e,d];break b}b=null}if(!b)b:{if(e=a.match(ma))if(b=\nNumber(e[1]),c=Number(e[2]),e=Number(e[3]),0\u003C=b&&255>=b&&0\u003C=c&&255>=c&&0\u003C=e&&255>=e){b=[b,c,e,1];break b}b=null}if(!b)b:{b=a.toLowerCase();c=ha[b.toLowerCase()];if(!c&&(c=\"#\"==b.charAt(0)?b:\"#\"+b,4==c.length&&(c=c.replace(ja,\"#$1$1$2$2$3$3\")),!ka.test(c))){b=null;break b}b=[parseInt(c.substr(1,2),16),parseInt(c.substr(3,2),16),parseInt(c.substr(5,2),16),1]}a=b?\"rgba(\"+b.join(\", \")+\")\":a}return a}\nfunction Ma(a,b){var c=a.currentStyle||a.style,e=c[b];void 0===e&&\"function\"==aa(c.getPropertyValue)&&(e=c.getPropertyValue(b));return\"inherit\"!=e?void 0!==e?e:null:(a=S(a))?Ma(a,b):null}\nfunction U(a,b,c){function e(h){var n=V(h);return 0\u003Cn.height&&0\u003Cn.width?!0:P(h,\"PATH\")&&(0\u003Cn.height||0\u003Cn.width)?(h=T(h,\"stroke-width\"),!!h&&0\u003CparseInt(h,10)):\"hidden\"!=T(h,\"overflow\")&&ea(h.childNodes,function(D){return 3==D.nodeType||P(D)&&e(D)})}function d(h){return Na(h)==W&&fa(h.childNodes,function(n){return!P(n)||d(n)||!e(n)})}if(!P(a))throw Error(\"Argument to isShown must be of type Element\");if(P(a,\"BODY\"))return!0;if(P(a,\"OPTION\")||P(a,\"OPTGROUP\"))return a=Ja(a,function(h){return P(h,\"SELECT\")}),\n!!a&&U(a,!0,c);var f=Oa(a);if(f)return!!f.image&&0\u003Cf.rect.width&&0\u003Cf.rect.height&&U(f.image,b,c);if(P(a,\"INPUT\")&&\"hidden\"==a.type.toLowerCase()||P(a,\"NOSCRIPT\"))return!1;f=T(a,\"visibility\");return\"collapse\"!=f&&\"hidden\"!=f&&c(a)&&(b||0!=Pa(a))&&e(a)?!d(a):!1}var W=\"hidden\";\nfunction Na(a){function b(k){function l(ba){if(ba==h)return!0;var pa=T(ba,\"display\");return 0==pa.lastIndexOf(\"inline\",0)||\"contents\"==pa||\"absolute\"==qa&&\"static\"==T(ba,\"position\")?!1:!0}var qa=T(k,\"position\");if(\"fixed\"==qa)return ra=!0,k==h?null:h;for(k=S(k);k&&!l(k);)k=S(k);return k}function c(k){var l=k;if(\"visible\"==D)if(k==h&&n)l=n;else if(k==n)return{x:\"visible\",y:\"visible\"};l={x:T(l,\"overflow-x\"),y:T(l,\"overflow-y\")};k==h&&(l.x=\"visible\"==l.x?\"auto\":l.x,l.y=\"visible\"==l.y?\"auto\":l.y);return l}\nfunction e(k){if(k==h){var l=(new Ka(f)).a;k=l.scrollingElement?l.scrollingElement:za||\"CSS1Compat\"!=l.compatMode?l.body||l.documentElement:l.documentElement;l=l.parentWindow||l.defaultView;k=C&&Ba(\"10\")&&l.pageYOffset!=k.scrollTop?new L(k.scrollLeft,k.scrollTop):new L(l.pageXOffset||k.scrollLeft,l.pageYOffset||k.scrollTop)}else k=new L(k.scrollLeft,k.scrollTop);return k}var d=Qa(a),f=N(a),h=f.documentElement,n=f.body,D=T(h,\"overflow\"),ra;for(a=b(a);a;a=b(a)){var q=c(a);if(\"visible\"!=q.x||\"visible\"!=\nq.y){var t=V(a);if(0==t.width||0==t.height)return W;var z=d.a\u003Ct.a,O=d.b\u003Ct.b;if(z&&\"hidden\"==q.x||O&&\"hidden\"==q.y)return W;if(z&&\"visible\"!=q.x||O&&\"visible\"!=q.y){z=e(a);O=d.b\u003Ct.b-z.y;if(d.a\u003Ct.a-z.x&&\"visible\"!=q.x||O&&\"visible\"!=q.x)return W;d=Na(a);return d==W?W:\"scroll\"}z=d.c>=t.a+t.width;t=d.f>=t.b+t.height;if(z&&\"hidden\"==q.x||t&&\"hidden\"==q.y)return W;if(z&&\"visible\"!=q.x||t&&\"visible\"!=q.y){if(ra&&(q=e(a),d.c>=h.scrollWidth-q.x||d.a>=h.scrollHeight-q.y))return W;d=Na(a);return d==W?W:\"scroll\"}}}return\"none\"}\nfunction V(a){var b=Oa(a);if(b)return b.rect;if(P(a,\"HTML\"))return a=N(a),a=((a?a.parentWindow||a.defaultView:window)||window).document,a=\"CSS1Compat\"==a.compatMode?a.documentElement:a.body,a=new M(a.clientWidth,a.clientHeight),new R(0,0,a.width,a.height);try{var c=a.getBoundingClientRect()}catch(e){return new R(0,0,0,0)}b=new R(c.left,c.top,c.right-c.left,c.bottom-c.top);C&&a.ownerDocument.body&&(a=N(a),b.a-=a.documentElement.clientLeft+a.body.clientLeft,b.b-=a.documentElement.clientTop+a.body.clientTop);\nreturn b}\nfunction Oa(a){var b=P(a,\"MAP\");if(!b&&!P(a,\"AREA\"))return null;var c=b?a:P(a.parentNode,\"MAP\")?a.parentNode:null,e=null,d=null;if(c&&c.name){e='*[usemap=\"#'+c.name+'\"]';c=N(c);var f;if(f=\"function\"!=aa(c.querySelector)&&C&&(C?0\u003C=na(I,8):Ba(8))){f=c.querySelector;var h=typeof f;f=!(\"object\"==h&&null!=f||\"function\"==h)}if(f)throw Error(\"CSS selection is not supported\");if(!e)throw new m(32,\"No selector specified\");e=u(e);try{var n=c.querySelector(e)}catch(D){throw new m(32,\"An invalid or illegal selector was specified\");}if(e=\nn&&1==n.nodeType?n:null)d=V(e),b||\"default\"==a.shape.toLowerCase()||(a=Ra(a),b=Math.min(Math.max(a.a,0),d.width),n=Math.min(Math.max(a.b,0),d.height),d=new R(b+d.a,n+d.b,Math.min(a.width,d.width-b),Math.min(a.height,d.height-n)))}return{image:e,rect:d||new R(0,0,0,0)}}\nfunction Ra(a){var b=a.shape.toLowerCase();a=a.coords.split(\",\");if(\"rect\"==b&&4==a.length){b=a[0];var c=a[1];return new R(b,c,a[2]-b,a[3]-c)}if(\"circle\"==b&&3==a.length)return b=a[2],new R(a[0]-b,a[1]-b,2*b,2*b);if(\"poly\"==b&&2\u003Ca.length){b=a[0];c=a[1];for(var e=b,d=c,f=2;f+1\u003Ca.length;f+=2)b=Math.min(b,a[f]),e=Math.max(e,a[f]),c=Math.min(c,a[f+1]),d=Math.max(d,a[f+1]);return new R(b,c,e-b,d-c)}return new R(0,0,0,0)}function Qa(a){a=V(a);return new Q(a.b,a.a+a.width,a.b+a.height,a.a)}\nfunction Pa(a){if(Ia){if(\"relative\"==T(a,\"position\"))return 1;a=T(a,\"filter\");return(a=a.match(/^alpha\\(opacity=(\\d*)\\)/)||a.match(/^progid:DXImageTransform.Microsoft.Alpha\\(Opacity=(\\d*)\\)/))?Number(a[1])/100:1}return Sa(a)}function Sa(a){var b=1,c=T(a,\"opacity\");c&&(b=Number(c));(a=S(a))&&(b*=Sa(a));return b};function Ta(a,b){function c(e){if(P(e)&&\"none\"==T(e,\"display\"))return!1;var d;if((d=e.parentNode)&&d.shadowRoot&&void 0!==e.assignedSlot)d=e.assignedSlot?e.assignedSlot.parentNode:null;else if(e.getDestinationInsertionPoints){var f=e.getDestinationInsertionPoints();0\u003Cf.length&&(d=f[f.length-1])}if(La&&d instanceof ShadowRoot){if(d.host.shadowRoot&&d.host.shadowRoot!==d)return!1;d=d.host}return!d||9!=d.nodeType&&11!=d.nodeType?d&&P(d,\"DETAILS\")&&!d.open&&!P(e,\"SUMMARY\")?!1:!!d&&c(d):!0}return U(a,\n!!b,c)}var X=[\"_\"],Y=g;X[0]in Y||\"undefined\"==typeof Y.execScript||Y.execScript(\"var \"+X[0]);for(var Z;X.length&&(Z=X.shift());)X.length||void 0===Ta?Y[Z]&&Y[Z]!==Object.prototype[Z]?Y=Y[Z]:Y=Y[Z]={}:Y[Z]=Ta;; return this._.apply(null,arguments);}).apply({navigator:typeof window!='undefined'?window.navigator:null,document:typeof window!='undefined'?window.document:null}, arguments);}).apply(null, arguments)"
}
[1762305284.429][INFO]: Waiting for pending navigations...
[1762305284.429][DEBUG]: DevTools WebSocket Command: Runtime.evaluate (id=29) (session_id=020896624AC3A50119819791F246C3B0) 0D5EDC095436449006366D111B2AD7EB {
   "expression": "1"
}
[1762305284.430][DEBUG]: DevTools WebSocket Response: Runtime.evaluate (id=29) (session_id=020896624AC3A50119819791F246C3B0) 0D5EDC095436449006366D111B2AD7EB {
   "result": {
      "description": "1",
      "type": "number",
      "value": 1
   }
}
[1762305284.430][INFO]: Done waiting for pending navigations. Status: ok
[1762305284.430][DEBUG]: DevTools WebSocket Command: Page.getFrameTree (id=30) (session_id=020896624AC3A50119819791F246C3B0) 0D5EDC095436449006366D111B2AD7EB {
}
[1762305284.430][DEBUG]: DevTools WebSocket Response: Page.getFrameTree (id=30) (session_id=020896624AC3A50119819791F246C3B0) 0D5EDC095436449006366D111B2AD7EB {
   "frameTree": {
      "childFrames": [ {
         "frame": {
            "adFrameStatus": {
               "adFrameType": "none",
               "explanations": [  ]
            },
            "crossOriginIsolatedContextType": "NotIsolated",
            "domainAndRegistry": "",
            "gatedAPIFeatures": [  ],
            "id": "7C884AFF19772ED3553A15E2C3C15B2C",
            "loaderId": "24415C887EEE12ADD46BD66C1FB5664E",
            "mimeType": "text/html",
            "name": "__tcfapiLocator",
            "parentId": "0D5EDC095436449006366D111B2AD7EB",
            "secureContextType": "Secure",
            "securityOrigin": "://",
            "securityOriginDetails": {
               "isLocalhost": false
            },
            "url": "about:blank"
         }
      } ],
      "frame": {
         "adFrameStatus": {
            "adFrameType": "none"
         },
         "crossOriginIsolatedContextType": "NotIsolated",
         "domainAndRegistry": "ecosia.org",
         "gatedAPIFeatures": [  ],
         "id": "0D5EDC095436449006366D111B2AD7EB",
         "loaderId": "017A3C7A6DB955E281BA06348EE64563",
         "mimeType": "text/html",
         "secureContextType": "Secure",
         "securityOrigin": "https://www.ecosia.org",
         "securityOriginDetails": {
            "isLocalhost": false
         },
         "url": "https://www.ecosia.org/"
      }
   }
}
[1762305284.430][DEBUG]: DevTools WebSocket Command: DOM.resolveNode (id=31) (session_id=020896624AC3A50119819791F246C3B0) 0D5EDC095436449006366D111B2AD7EB {
   "backendNodeId": 32,
   "objectGroup": "92315415-a8a1-49cb-a8b5-791369547280"
}
[1762305284.430][DEBUG]: DevTools WebSocket Response: DOM.resolveNode (id=31) (session_id=020896624AC3A50119819791F246C3B0) 0D5EDC095436449006366D111B2AD7EB {
   "object": {
      "className": "HTMLBodyElement",
      "description": "body",
      "objectId": "1465936456213613148.1.2",
      "subtype": "node",
      "type": "object"
   }
}
[1762305284.430][DEBUG]: DevTools WebSocket Command: Page.getFrameTree (id=32) (session_id=020896624AC3A50119819791F246C3B0) 0D5EDC095436449006366D111B2AD7EB {
}
[1762305284.430][DEBUG]: DevTools WebSocket Response: Page.getFrameTree (id=32) (session_id=020896624AC3A50119819791F246C3B0) 0D5EDC095436449006366D111B2AD7EB {
   "frameTree": {
      "childFrames": [ {
         "frame": {
            "adFrameStatus": {
               "adFrameType": "none",
               "explanations": [  ]
            },
            "crossOriginIsolatedContextType": "NotIsolated",
            "domainAndRegistry": "",
            "gatedAPIFeatures": [  ],
            "id": "7C884AFF19772ED3553A15E2C3C15B2C",
            "loaderId": "24415C887EEE12ADD46BD66C1FB5664E",
            "mimeType": "text/html",
            "name": "__tcfapiLocator",
            "parentId": "0D5EDC095436449006366D111B2AD7EB",
            "secureContextType": "Secure",
            "securityOrigin": "://",
            "securityOriginDetails": {
               "isLocalhost": false
            },
            "url": "about:blank"
         }
      } ],
      "frame": {
         "adFrameStatus": {
            "adFrameType": "none"
         },
         "crossOriginIsolatedContextType": "NotIsolated",
         "domainAndRegistry": "ecosia.org",
         "gatedAPIFeatures": [  ],
         "id": "0D5EDC095436449006366D111B2AD7EB",
         "loaderId": "017A3C7A6DB955E281BA06348EE64563",
         "mimeType": "text/html",
         "secureContextType": "Secure",
         "securityOrigin": "https://www.ecosia.org",
         "securityOriginDetails": {
            "isLocalhost": false
         },
         "url": "https://www.ecosia.org/"
      }
   }
}
[1762305284.431][DEBUG]: DevTools WebSocket Command: Runtime.callFunctionOn (id=33) (session_id=020896624AC3A50119819791F246C3B0) 0D5EDC095436449006366D111B2AD7EB {
   "arguments": [ {
      "objectId": "1465936456213613148.1.2"
   } ],
   "awaitPromise": true,
   "functionDeclaration": "function(){ return (function() { // Copyright 2012 The Chromium Authors\n// Use of this source code is governed by a BSD-style license that can be\n// found in the LICENSE file.\n\n/**\n * Enum for WebD...",
   "objectGroup": "92315415-a8a1-49cb-a8b5-791369547280",
   "serializationOptions": {
      "serialization": "deep"
   },
   "uniqueContextId": "1764549309517658738.-925398802202643774"
}
[1762305284.433][DEBUG]: DevTools WebSocket Response: Runtime.callFunctionOn (id=33) (session_id=020896624AC3A50119819791F246C3B0) 0D5EDC095436449006366D111B2AD7EB {
   "result": {
      "className": "Array",
      "deepSerializedValue": {
         "type": "array",
         "value": [ {
            "type": "string",
            "value": "{\"status\":0,\"value\":true}"
         } ]
      },
      "description": "Array(1)",
      "objectId": "1465936456213613148.1.3",
      "subtype": "array",
      "type": "object"
   }
}
[1762305284.433][DEBUG]: DevTools WebSocket Command: Runtime.releaseObjectGroup (id=34) (session_id=020896624AC3A50119819791F246C3B0) 0D5EDC095436449006366D111B2AD7EB {
   "objectGroup": "92315415-a8a1-49cb-a8b5-791369547280"
}
[1762305284.433][INFO]: Waiting for pending navigations...
[1762305284.433][DEBUG]: DevTools WebSocket Command: Runtime.evaluate (id=35) (session_id=020896624AC3A50119819791F246C3B0) 0D5EDC095436449006366D111B2AD7EB {
   "expression": "1"
}
[1762305284.433][DEBUG]: DevTools WebSocket Response: Runtime.releaseObjectGroup (id=34) (session_id=020896624AC3A50119819791F246C3B0) 0D5EDC095436449006366D111B2AD7EB {
}
[1762305284.433][DEBUG]: DevTools WebSocket Response: Runtime.evaluate (id=35) (session_id=020896624AC3A50119819791F246C3B0) 0D5EDC095436449006366D111B2AD7EB {
   "result": {
      "description": "1",
      "type": "number",
      "value": 1
   }
}
[1762305284.433][INFO]: Done waiting for pending navigations. Status: ok
[1762305284.433][INFO]: [4c8a8d7329e980191e11d5349f9c329c] RESPONSE ExecuteScript true
[1762305284.438][INFO]: [4c8a8d7329e980191e11d5349f9c329c] COMMAND GetTitle {
}
[1762305284.438][INFO]: Waiting for pending navigations...
[1762305284.438][DEBUG]: DevTools WebSocket Command: Runtime.evaluate (id=36) (session_id=020896624AC3A50119819791F246C3B0) 0D5EDC095436449006366D111B2AD7EB {
   "expression": "1"
}
[1762305284.438][DEBUG]: DevTools WebSocket Response: Runtime.evaluate (id=36) (session_id=020896624AC3A50119819791F246C3B0) 0D5EDC095436449006366D111B2AD7EB {
   "result": {
      "description": "1",
      "type": "number",
      "value": 1
   }
}
[1762305284.438][INFO]: Done waiting for pending navigations. Status: ok
[1762305284.438][DEBUG]: DevTools WebSocket Command: Page.getFrameTree (id=37) (session_id=020896624AC3A50119819791F246C3B0) 0D5EDC095436449006366D111B2AD7EB {
}
[1762305284.438][DEBUG]: DevTools WebSocket Response: Page.getFrameTree (id=37) (session_id=020896624AC3A50119819791F246C3B0) 0D5EDC095436449006366D111B2AD7EB {
   "frameTree": {
      "childFrames": [ {
         "frame": {
            "adFrameStatus": {
               "adFrameType": "none",
               "explanations": [  ]
            },
            "crossOriginIsolatedContextType": "NotIsolated",
            "domainAndRegistry": "",
            "gatedAPIFeatures": [  ],
            "id": "7C884AFF19772ED3553A15E2C3C15B2C",
            "loaderId": "24415C887EEE12ADD46BD66C1FB5664E",
            "mimeType": "text/html",
            "name": "__tcfapiLocator",
            "parentId": "0D5EDC095436449006366D111B2AD7EB",
            "secureContextType": "Secure",
            "securityOrigin": "://",
            "securityOriginDetails": {
               "isLocalhost": false
            },
            "url": "about:blank"
         }
      } ],
      "frame": {
         "adFrameStatus": {
            "adFrameType": "none"
         },
         "crossOriginIsolatedContextType": "NotIsolated",
         "domainAndRegistry": "ecosia.org",
         "gatedAPIFeatures": [  ],
         "id": "0D5EDC095436449006366D111B2AD7EB",
         "loaderId": "017A3C7A6DB955E281BA06348EE64563",
         "mimeType": "text/html",
         "secureContextType": "Secure",
         "securityOrigin": "https://www.ecosia.org",
         "securityOriginDetails": {
            "isLocalhost": false
         },
         "url": "https://www.ecosia.org/"
      }
   }
}
[1762305284.438][DEBUG]: DevTools WebSocket Command: Page.getFrameTree (id=38) (session_id=020896624AC3A50119819791F246C3B0) 0D5EDC095436449006366D111B2AD7EB {
}
[1762305284.438][DEBUG]: DevTools WebSocket Response: Page.getFrameTree (id=38) (session_id=020896624AC3A50119819791F246C3B0) 0D5EDC095436449006366D111B2AD7EB {
   "frameTree": {
      "childFrames": [ {
         "frame": {
            "adFrameStatus": {
               "adFrameType": "none",
               "explanations": [  ]
            },
            "crossOriginIsolatedContextType": "NotIsolated",
            "domainAndRegistry": "",
            "gatedAPIFeatures": [  ],
            "id": "7C884AFF19772ED3553A15E2C3C15B2C",
            "loaderId": "24415C887EEE12ADD46BD66C1FB5664E",
            "mimeType": "text/html",
            "name": "__tcfapiLocator",
            "parentId": "0D5EDC095436449006366D111B2AD7EB",
            "secureContextType": "Secure",
            "securityOrigin": "://",
            "securityOriginDetails": {
               "isLocalhost": false
            },
            "url": "about:blank"
         }
      } ],
      "frame": {
         "adFrameStatus": {
            "adFrameType": "none"
         },
         "crossOriginIsolatedContextType": "NotIsolated",
         "domainAndRegistry": "ecosia.org",
         "gatedAPIFeatures": [  ],
         "id": "0D5EDC095436449006366D111B2AD7EB",
         "loaderId": "017A3C7A6DB955E281BA06348EE64563",
         "mimeType": "text/html",
         "secureContextType": "Secure",
         "securityOrigin": "https://www.ecosia.org",
         "securityOriginDetails": {
            "isLocalhost": false
         },
         "url": "https://www.ecosia.org/"
      }
   }
}
[1762305284.438][DEBUG]: DevTools WebSocket Command: Runtime.callFunctionOn (id=39) (session_id=020896624AC3A50119819791F246C3B0) 0D5EDC095436449006366D111B2AD7EB {
   "arguments": [  ],
   "awaitPromise": true,
   "functionDeclaration": "function(){ return (function() { // Copyright 2012 The Chromium Authors\n// Use of this source code is governed by a BSD-style license that can be\n// found in the LICENSE file.\n\n/**\n * Enum for WebD...",
   "serializationOptions": {
      "serialization": "deep"
   },
   "uniqueContextId": "1764549309517658738.-925398802202643774"
}
[1762305284.439][DEBUG]: DevTools WebSocket Response: Runtime.callFunctionOn (id=39) (session_id=020896624AC3A50119819791F246C3B0) 0D5EDC095436449006366D111B2AD7EB {
   "result": {
      "className": "Array",
      "deepSerializedValue": {
         "type": "array",
         "value": [ {
            "type": "string",
            "value": "{\"status\":0,\"value\":\"Ecosia, el buscador que planta árboles\"}"
         } ]
      },
      "description": "Array(1)",
      "objectId": "1465936456213613148.1.4",
      "subtype": "array",
      "type": "object"
   }
}
[1762305284.439][INFO]: Waiting for pending navigations...
[1762305284.439][DEBUG]: DevTools WebSocket Command: Runtime.evaluate (id=40) (session_id=020896624AC3A50119819791F246C3B0) 0D5EDC095436449006366D111B2AD7EB {
   "expression": "1"
}
[1762305284.439][DEBUG]: DevTools WebSocket Response: Runtime.evaluate (id=40) (session_id=020896624AC3A50119819791F246C3B0) 0D5EDC095436449006366D111B2AD7EB {
   "result": {
      "description": "1",
      "type": "number",
      "value": 1
   }
}
[1762305284.439][INFO]: Done waiting for pending navigations. Status: ok
[1762305284.439][INFO]: [4c8a8d7329e980191e11d5349f9c329c] RESPONSE GetTitle "Ecosia, el buscador que planta árboles"
[1762305284.444][INFO]: [4c8a8d7329e980191e11d5349f9c329c] COMMAND FindElements {
   "using": "css selector",
   "value": "input[type=search]"
}
[1762305284.444][INFO]: Waiting for pending navigations...
[1762305284.444][DEBUG]: DevTools WebSocket Command: Runtime.evaluate (id=41) (session_id=020896624AC3A50119819791F246C3B0) 0D5EDC095436449006366D111B2AD7EB {
   "expression": "1"
}
[1762305284.444][DEBUG]: DevTools WebSocket Response: Runtime.evaluate (id=41) (session_id=020896624AC3A50119819791F246C3B0) 0D5EDC095436449006366D111B2AD7EB {
   "result": {
      "description": "1",
      "type": "number",
      "value": 1
   }
}
[1762305284.444][INFO]: Done waiting for pending navigations. Status: ok
[1762305284.444][DEBUG]: DevTools WebSocket Command: Page.getFrameTree (id=42) (session_id=020896624AC3A50119819791F246C3B0) 0D5EDC095436449006366D111B2AD7EB {
}
[1762305284.444][DEBUG]: DevTools WebSocket Response: Page.getFrameTree (id=42) (session_id=020896624AC3A50119819791F246C3B0) 0D5EDC095436449006366D111B2AD7EB {
   "frameTree": {
      "childFrames": [ {
         "frame": {
            "adFrameStatus": {
               "adFrameType": "none",
               "explanations": [  ]
            },
            "crossOriginIsolatedContextType": "NotIsolated",
            "domainAndRegistry": "",
            "gatedAPIFeatures": [  ],
            "id": "7C884AFF19772ED3553A15E2C3C15B2C",
            "loaderId": "24415C887EEE12ADD46BD66C1FB5664E",
            "mimeType": "text/html",
            "name": "__tcfapiLocator",
            "parentId": "0D5EDC095436449006366D111B2AD7EB",
            "secureContextType": "Secure",
            "securityOrigin": "://",
            "securityOriginDetails": {
               "isLocalhost": false
            },
            "url": "about:blank"
         }
      } ],
      "frame": {
         "adFrameStatus": {
            "adFrameType": "none"
         },
         "crossOriginIsolatedContextType": "NotIsolated",
         "domainAndRegistry": "ecosia.org",
         "gatedAPIFeatures": [  ],
         "id": "0D5EDC095436449006366D111B2AD7EB",
         "loaderId": "017A3C7A6DB955E281BA06348EE64563",
         "mimeType": "text/html",
         "secureContextType": "Secure",
         "securityOrigin": "https://www.ecosia.org",
         "securityOriginDetails": {
            "isLocalhost": false
         },
         "url": "https://www.ecosia.org/"
      }
   }
}
[1762305284.444][DEBUG]: DevTools WebSocket Command: Page.getFrameTree (id=43) (session_id=020896624AC3A50119819791F246C3B0) 0D5EDC095436449006366D111B2AD7EB {
}
[1762305284.444][DEBUG]: DevTools WebSocket Response: Page.getFrameTree (id=43) (session_id=020896624AC3A50119819791F246C3B0) 0D5EDC095436449006366D111B2AD7EB {
   "frameTree": {
      "childFrames": [ {
         "frame": {
            "adFrameStatus": {
               "adFrameType": "none",
               "explanations": [  ]
            },
            "crossOriginIsolatedContextType": "NotIsolated",
            "domainAndRegistry": "",
            "gatedAPIFeatures": [  ],
            "id": "7C884AFF19772ED3553A15E2C3C15B2C",
            "loaderId": "24415C887EEE12ADD46BD66C1FB5664E",
            "mimeType": "text/html",
            "name": "__tcfapiLocator",
            "parentId": "0D5EDC095436449006366D111B2AD7EB",
            "secureContextType": "Secure",
            "securityOrigin": "://",
            "securityOriginDetails": {
               "isLocalhost": false
            },
            "url": "about:blank"
         }
      } ],
      "frame": {
         "adFrameStatus": {
            "adFrameType": "none"
         },
         "crossOriginIsolatedContextType": "NotIsolated",
         "domainAndRegistry": "ecosia.org",
         "gatedAPIFeatures": [  ],
         "id": "0D5EDC095436449006366D111B2AD7EB",
         "loaderId": "017A3C7A6DB955E281BA06348EE64563",
         "mimeType": "text/html",
         "secureContextType": "Secure",
         "securityOrigin": "https://www.ecosia.org",
         "securityOriginDetails": {
            "isLocalhost": false
         },
         "url": "https://www.ecosia.org/"
      }
   }
}
[1762305284.445][DEBUG]: DevTools WebSocket Command: Runtime.callFunctionOn (id=44) (session_id=020896624AC3A50119819791F246C3B0) 0D5EDC095436449006366D111B2AD7EB {
   "arguments": [  ],
   "awaitPromise": true,
   "functionDeclaration": "function(){ return (function() { // Copyright 2012 The Chromium Authors\n// Use of this source code is governed by a BSD-style license that can be\n// found in the LICENSE file.\n\n/**\n * Enum for WebD...",
   "serializationOptions": {
      "serialization": "deep"
   },
   "uniqueContextId": "1764549309517658738.-925398802202643774"
}
[1762305284.449][DEBUG]: DevTools WebSocket Response: Runtime.callFunctionOn (id=44) (session_id=020896624AC3A50119819791F246C3B0) 0D5EDC095436449006366D111B2AD7EB {
   "result": {
      "className": "Array",
      "deepSerializedValue": {
         "type": "array",
         "value": [ {
            "type": "string",
            "value": "{\"status\":0,\"value\":[{\"element-6066-11e4-a52e-4f735466cecf\":0}]}"
         }, {
            "type": "node",
            "value": {
               "attributes": {
                  "aria-autocomplete": "both",
                  "aria-controls": "search-form-suggestion-list",
                  "aria-expanded": "false",
                  "aria-haspopup": "listbox",
                  "aria-label": "Buscar en la web",
                  "autocapitalize": "off",
                  "autocomplete": "off",
                  "autocorrect": "off",
                  "class": "search-form__input",
                  "data-test-id": "search-form-input",
                  "data-v-4159ee44": "",
                  "name": "q",
                  "placeholder": "Busca en la web...",
                  "required": "required",
                  "role": "combobox",
                  "spellcheck": "false",
                  "type": "search",
                  "value": ""
               },
               "backendNodeId": 2,
               "childNodeCount": 0,
               "loaderId": "017A3C7A6DB955E281BA06348EE64563",
               "localName": "input",
               "namespaceURI": "http://www.w3.org/1999/xhtml",
               "nodeType": 1,
               "shadowRoot": {
                  "type": "node",
                  "value": {
                     "backendNodeId": 33,
                     "childNodeCount": 2,
                     "loaderId": "017A3C7A6DB955E281BA06348EE64563",
                     "mode": "closed",
                     "nodeType": 11
                  }
               }
            }
         } ]
      },
      "description": "Array(2)",
      "objectId": "1465936456213613148.1.5",
      "subtype": "array",
      "type": "object"
   }
}
[1762305284.449][INFO]: Waiting for pending navigations...
[1762305284.449][DEBUG]: DevTools WebSocket Command: Runtime.evaluate (id=45) (session_id=020896624AC3A50119819791F246C3B0) 0D5EDC095436449006366D111B2AD7EB {
   "expression": "1"
}
[1762305284.449][DEBUG]: DevTools WebSocket Response: Runtime.evaluate (id=45) (session_id=020896624AC3A50119819791F246C3B0) 0D5EDC095436449006366D111B2AD7EB {
   "result": {
      "description": "1",
      "type": "number",
      "value": 1
   }
}
[1762305284.449][INFO]: Done waiting for pending navigations. Status: ok
[1762305284.449][INFO]: [4c8a8d7329e980191e11d5349f9c329c] RESPONSE FindElements [ {
   "element-6066-11e4-a52e-4f735466cecf": "f.0D5EDC095436449006366D111B2AD7EB.d.017A3C7A6DB955E281BA06348EE64563.e.2"
} ]
[1762305284.451][INFO]: [4c8a8d7329e980191e11d5349f9c329c] COMMAND ExecuteScript {
   "args": [ {
      "ELEMENT": "f.0D5EDC095436449006366D111B2AD7EB.d.017A3C7A6DB955E281BA06348EE64563.e.2",
      "element-6066-11e4-a52e-4f735466cecf": "f.0D5EDC095436449006366D111B2AD7EB.d.017A3C7A6DB955E281BA06348EE64563.e.2"
   } ],
   "script": "/* isDisplayed */return (function(){return (function(){var g=this||self;\nfunction aa(a){var b=typeof a;if(\"object\"==b)if(a){if(a instanceof Array)return\"array\";if(a instanceof Object)return b;var c=Object.prototype.toString.call(a);if(\"[object Window]\"==c)return\"object\";if(\"[object Array]\"==c||\"number\"==typeof a.length&&\"undefined\"!=typeof a.splice&&\"undefined\"!=typeof a.propertyIsEnumerable&&!a.propertyIsEnumerable(\"splice\"))return\"array\";if(\"[object Function]\"==c||\"undefined\"!=typeof a.call&&\"undefined\"!=typeof a.propertyIsEnumerable&&!a.propertyIsEnumerable(\"call\"))return\"function\"}else return\"null\";else if(\"function\"==\nb&&\"undefined\"==typeof a.call)return\"object\";return b}function ca(a,b){function c(){}c.prototype=b.prototype;a.prototype=new c;a.prototype.constructor=a};var da=Array.prototype.indexOf?function(a,b){return Array.prototype.indexOf.call(a,b,void 0)}:function(a,b){if(\"string\"===typeof a)return\"string\"!==typeof b||1!=b.length?-1:a.indexOf(b,0);for(var c=0;c\u003Ca.length;c++)if(c in a&&a[c]===b)return c;return-1},ea=Array.prototype.some?function(a,b){return Array.prototype.some.call(a,b,void 0)}:function(a,b){for(var c=a.length,e=\"string\"===typeof a?a.split(\"\"):a,d=0;d\u003Cc;d++)if(d in e&&b.call(void 0,e[d],d,a))return!0;return!1},fa=Array.prototype.every?function(a,\nb){return Array.prototype.every.call(a,b,void 0)}:function(a,b){for(var c=a.length,e=\"string\"===typeof a?a.split(\"\"):a,d=0;d\u003Cc;d++)if(d in e&&!b.call(void 0,e[d],d,a))return!1;return!0};var ha={aliceblue:\"#f0f8ff\",antiquewhite:\"#faebd7\",aqua:\"#00ffff\",aquamarine:\"#7fffd4\",azure:\"#f0ffff\",beige:\"#f5f5dc\",bisque:\"#ffe4c4\",black:\"#000000\",blanchedalmond:\"#ffebcd\",blue:\"#0000ff\",blueviolet:\"#8a2be2\",brown:\"#a52a2a\",burlywood:\"#deb887\",cadetblue:\"#5f9ea0\",chartreuse:\"#7fff00\",chocolate:\"#d2691e\",coral:\"#ff7f50\",cornflowerblue:\"#6495ed\",cornsilk:\"#fff8dc\",crimson:\"#dc143c\",cyan:\"#00ffff\",darkblue:\"#00008b\",darkcyan:\"#008b8b\",darkgoldenrod:\"#b8860b\",darkgray:\"#a9a9a9\",darkgreen:\"#006400\",\ndarkgrey:\"#a9a9a9\",darkkhaki:\"#bdb76b\",darkmagenta:\"#8b008b\",darkolivegreen:\"#556b2f\",darkorange:\"#ff8c00\",darkorchid:\"#9932cc\",darkred:\"#8b0000\",darksalmon:\"#e9967a\",darkseagreen:\"#8fbc8f\",darkslateblue:\"#483d8b\",darkslategray:\"#2f4f4f\",darkslategrey:\"#2f4f4f\",darkturquoise:\"#00ced1\",darkviolet:\"#9400d3\",deeppink:\"#ff1493\",deepskyblue:\"#00bfff\",dimgray:\"#696969\",dimgrey:\"#696969\",dodgerblue:\"#1e90ff\",firebrick:\"#b22222\",floralwhite:\"#fffaf0\",forestgreen:\"#228b22\",fuchsia:\"#ff00ff\",gainsboro:\"#dcdcdc\",\nghostwhite:\"#f8f8ff\",gold:\"#ffd700\",goldenrod:\"#daa520\",gray:\"#808080\",green:\"#008000\",greenyellow:\"#adff2f\",grey:\"#808080\",honeydew:\"#f0fff0\",hotpink:\"#ff69b4\",indianred:\"#cd5c5c\",indigo:\"#4b0082\",ivory:\"#fffff0\",khaki:\"#f0e68c\",lavender:\"#e6e6fa\",lavenderblush:\"#fff0f5\",lawngreen:\"#7cfc00\",lemonchiffon:\"#fffacd\",lightblue:\"#add8e6\",lightcoral:\"#f08080\",lightcyan:\"#e0ffff\",lightgoldenrodyellow:\"#fafad2\",lightgray:\"#d3d3d3\",lightgreen:\"#90ee90\",lightgrey:\"#d3d3d3\",lightpink:\"#ffb6c1\",lightsalmon:\"#ffa07a\",\nlightseagreen:\"#20b2aa\",lightskyblue:\"#87cefa\",lightslategray:\"#778899\",lightslategrey:\"#778899\",lightsteelblue:\"#b0c4de\",lightyellow:\"#ffffe0\",lime:\"#00ff00\",limegreen:\"#32cd32\",linen:\"#faf0e6\",magenta:\"#ff00ff\",maroon:\"#800000\",mediumaquamarine:\"#66cdaa\",mediumblue:\"#0000cd\",mediumorchid:\"#ba55d3\",mediumpurple:\"#9370db\",mediumseagreen:\"#3cb371\",mediumslateblue:\"#7b68ee\",mediumspringgreen:\"#00fa9a\",mediumturquoise:\"#48d1cc\",mediumvioletred:\"#c71585\",midnightblue:\"#191970\",mintcream:\"#f5fffa\",mistyrose:\"#ffe4e1\",\nmoccasin:\"#ffe4b5\",navajowhite:\"#ffdead\",navy:\"#000080\",oldlace:\"#fdf5e6\",olive:\"#808000\",olivedrab:\"#6b8e23\",orange:\"#ffa500\",orangered:\"#ff4500\",orchid:\"#da70d6\",palegoldenrod:\"#eee8aa\",palegreen:\"#98fb98\",paleturquoise:\"#afeeee\",palevioletred:\"#db7093\",papayawhip:\"#ffefd5\",peachpuff:\"#ffdab9\",peru:\"#cd853f\",pink:\"#ffc0cb\",plum:\"#dda0dd\",powderblue:\"#b0e0e6\",purple:\"#800080\",red:\"#ff0000\",rosybrown:\"#bc8f8f\",royalblue:\"#4169e1\",saddlebrown:\"#8b4513\",salmon:\"#fa8072\",sandybrown:\"#f4a460\",seagreen:\"#2e8b57\",\nseashell:\"#fff5ee\",sienna:\"#a0522d\",silver:\"#c0c0c0\",skyblue:\"#87ceeb\",slateblue:\"#6a5acd\",slategray:\"#708090\",slategrey:\"#708090\",snow:\"#fffafa\",springgreen:\"#00ff7f\",steelblue:\"#4682b4\",tan:\"#d2b48c\",teal:\"#008080\",thistle:\"#d8bfd8\",tomato:\"#ff6347\",turquoise:\"#40e0d0\",violet:\"#ee82ee\",wheat:\"#f5deb3\",white:\"#ffffff\",whitesmoke:\"#f5f5f5\",yellow:\"#ffff00\",yellowgreen:\"#9acd32\"};var ia=\"backgroundColor borderTopColor borderRightColor borderBottomColor borderLeftColor color outlineColor\".split(\" \"),ja=/#([0-9a-fA-F])([0-9a-fA-F])([0-9a-fA-F])/,ka=/^#(?:[0-9a-f]{3}){1,2}$/i,la=/^(?:rgba)?\\((\\d{1,3}),\\s?(\\d{1,3}),\\s?(\\d{1,3}),\\s?(0|1|0\\.\\d*)\\)$/i,ma=/^(?:rgb)?\\((0|[1-9]\\d{0,2}),\\s?(0|[1-9]\\d{0,2}),\\s?(0|[1-9]\\d{0,2})\\)$/i;function m(a,b){this.code=a;this.a=p[a]||r;this.message=b||\"\";a=this.a.replace(/((?:^|\\s+)[a-z])/g,function(c){return c.toUpperCase().replace(/^[\\s\\xa0]+/g,\"\")});b=a.length-5;if(0>b||a.indexOf(\"Error\",b)!=b)a+=\"Error\";this.name=a;a=Error(this.message);a.name=this.name;this.stack=a.stack||\"\"}ca(m,Error);var r=\"unknown error\",p={15:\"element not selectable\",11:\"element not visible\"};p[31]=r;p[30]=r;p[24]=\"invalid cookie domain\";p[29]=\"invalid element coordinates\";p[12]=\"invalid element state\";\np[32]=\"invalid selector\";p[51]=\"invalid selector\";p[52]=\"invalid selector\";p[17]=\"javascript error\";p[405]=\"unsupported operation\";p[34]=\"move target out of bounds\";p[27]=\"no such alert\";p[7]=\"no such element\";p[8]=\"no such frame\";p[23]=\"no such window\";p[28]=\"script timeout\";p[33]=\"session not created\";p[10]=\"stale element reference\";p[21]=\"timeout\";p[25]=\"unable to set cookie\";p[26]=\"unexpected alert open\";p[13]=r;p[9]=\"unknown command\";var u=String.prototype.trim?function(a){return a.trim()}:function(a){return/^[\\s\\xa0]*([\\s\\S]*?)[\\s\\xa0]*$/.exec(a)[1]};\nfunction na(a,b){var c=0;a=u(String(a)).split(\".\");b=u(String(b)).split(\".\");for(var e=Math.max(a.length,b.length),d=0;0==c&&d\u003Ce;d++){var f=a[d]||\"\",h=b[d]||\"\";do{f=/(\\d*)(\\D*)(.*)/.exec(f)||[\"\",\"\",\"\",\"\"];h=/(\\d*)(\\D*)(.*)/.exec(h)||[\"\",\"\",\"\",\"\"];if(0==f[0].length&&0==h[0].length)break;c=v(0==f[1].length?0:parseInt(f[1],10),0==h[1].length?0:parseInt(h[1],10))||v(0==f[2].length,0==h[2].length)||v(f[2],h[2]);f=f[3];h=h[3]}while(0==c)}return c}function v(a,b){return a\u003Cb?-1:a>b?1:0};var w;a:{var oa=g.navigator;if(oa){var sa=oa.userAgent;if(sa){w=sa;break a}}w=\"\"}function x(a){return-1!=w.indexOf(a)};function y(){return x(\"Firefox\")||x(\"FxiOS\")}function A(){return(x(\"Chrome\")||x(\"CriOS\"))&&!x(\"Edge\")};function ta(a){return String(a).replace(/\\-([a-z])/g,function(b,c){return c.toUpperCase()})};function B(){return x(\"iPhone\")&&!x(\"iPod\")&&!x(\"iPad\")};function ua(a,b){var c=va;return Object.prototype.hasOwnProperty.call(c,a)?c[a]:c[a]=b(a)};var wa=x(\"Opera\"),C=x(\"Trident\")||x(\"MSIE\"),xa=x(\"Edge\"),ya=x(\"Gecko\")&&!(-1!=w.toLowerCase().indexOf(\"webkit\")&&!x(\"Edge\"))&&!(x(\"Trident\")||x(\"MSIE\"))&&!x(\"Edge\"),za=-1!=w.toLowerCase().indexOf(\"webkit\")&&!x(\"Edge\");function Aa(){var a=g.document;return a?a.documentMode:void 0}var E;\na:{var F=\"\",G=function(){var a=w;if(ya)return/rv:([^\\);]+)(\\)|;)/.exec(a);if(xa)return/Edge\\/([\\d\\.]+)/.exec(a);if(C)return/\\b(?:MSIE|rv)[: ]([^\\);]+)(\\)|;)/.exec(a);if(za)return/WebKit\\/(\\S+)/.exec(a);if(wa)return/(?:Version)[ \\/]?(\\S+)/.exec(a)}();G&&(F=G?G[1]:\"\");if(C){var H=Aa();if(null!=H&&H>parseFloat(F)){E=String(H);break a}}E=F}var va={};function Ba(a){return ua(a,function(){return 0\u003C=na(E,a)})}var I;I=g.document&&C?Aa():void 0;var Ca=y(),Da=B()||x(\"iPod\"),Ea=x(\"iPad\"),Fa=x(\"Android\")&&!(A()||y()||x(\"Opera\")||x(\"Silk\")),Ga=A(),Ha=x(\"Safari\")&&!(A()||x(\"Coast\")||x(\"Opera\")||x(\"Edge\")||x(\"Edg/\")||x(\"OPR\")||y()||x(\"Silk\")||x(\"Android\"))&&!(B()||x(\"iPad\")||x(\"iPod\"));function J(a){return(a=a.exec(w))?a[1]:\"\"}(function(){if(Ca)return J(/Firefox\\/([0-9.]+)/);if(C||xa||wa)return E;if(Ga)return B()||x(\"iPad\")||x(\"iPod\")?J(/CriOS\\/([0-9.]+)/):J(/Chrome\\/([0-9.]+)/);if(Ha&&!(B()||x(\"iPad\")||x(\"iPod\")))return J(/Version\\/([0-9.]+)/);if(Da||Ea){var a=/Version\\/(\\S+).*Mobile\\/(\\S+)/.exec(w);if(a)return a[1]+\".\"+a[2]}else if(Fa)return(a=J(/Android\\s+([0-9.]+)/))?a:J(/Version\\/([0-9.]+)/);return\"\"})();var K;if(K=C)K=!(9\u003C=Number(I));var Ia=K;function L(a,b){this.x=void 0!==a?a:0;this.y=void 0!==b?b:0}L.prototype.ceil=function(){this.x=Math.ceil(this.x);this.y=Math.ceil(this.y);return this};L.prototype.floor=function(){this.x=Math.floor(this.x);this.y=Math.floor(this.y);return this};L.prototype.round=function(){this.x=Math.round(this.x);this.y=Math.round(this.y);return this};function M(a,b){this.width=a;this.height=b}M.prototype.aspectRatio=function(){return this.width/this.height};M.prototype.ceil=function(){this.width=Math.ceil(this.width);this.height=Math.ceil(this.height);return this};M.prototype.floor=function(){this.width=Math.floor(this.width);this.height=Math.floor(this.height);return this};M.prototype.round=function(){this.width=Math.round(this.width);this.height=Math.round(this.height);return this};function N(a){return 9==a.nodeType?a:a.ownerDocument||a.document}function Ja(a,b){a&&(a=a.parentNode);for(var c=0;a;){if(b(a))return a;a=a.parentNode;c++}return null}function Ka(a){this.a=a||g.document||document};function P(a,b){b&&\"string\"!==typeof b&&(b=b.toString());return a instanceof HTMLFormElement?!!a&&1==a.nodeType&&(!b||\"FORM\"==b):!!a&&1==a.nodeType&&(!b||a.tagName.toUpperCase()==b)};function Q(a,b,c,e){this.f=a;this.a=b;this.b=c;this.c=e}Q.prototype.ceil=function(){this.f=Math.ceil(this.f);this.a=Math.ceil(this.a);this.b=Math.ceil(this.b);this.c=Math.ceil(this.c);return this};Q.prototype.floor=function(){this.f=Math.floor(this.f);this.a=Math.floor(this.a);this.b=Math.floor(this.b);this.c=Math.floor(this.c);return this};Q.prototype.round=function(){this.f=Math.round(this.f);this.a=Math.round(this.a);this.b=Math.round(this.b);this.c=Math.round(this.c);return this};function R(a,b,c,e){this.a=a;this.b=b;this.width=c;this.height=e}R.prototype.ceil=function(){this.a=Math.ceil(this.a);this.b=Math.ceil(this.b);this.width=Math.ceil(this.width);this.height=Math.ceil(this.height);return this};R.prototype.floor=function(){this.a=Math.floor(this.a);this.b=Math.floor(this.b);this.width=Math.floor(this.width);this.height=Math.floor(this.height);return this};\nR.prototype.round=function(){this.a=Math.round(this.a);this.b=Math.round(this.b);this.width=Math.round(this.width);this.height=Math.round(this.height);return this};var La=\"function\"===typeof ShadowRoot;function S(a){for(a=a.parentNode;a&&1!=a.nodeType&&9!=a.nodeType&&11!=a.nodeType;)a=a.parentNode;return P(a)?a:null}\nfunction T(a,b){b=ta(b);if(\"float\"==b||\"cssFloat\"==b||\"styleFloat\"==b)b=Ia?\"styleFloat\":\"cssFloat\";a:{var c=b;var e=N(a);if(e.defaultView&&e.defaultView.getComputedStyle&&(e=e.defaultView.getComputedStyle(a,null))){c=e[c]||e.getPropertyValue(c)||\"\";break a}c=\"\"}a=c||Ma(a,b);if(null===a)a=null;else if(0\u003C=da(ia,b)){b:{var d=a.match(la);if(d&&(b=Number(d[1]),c=Number(d[2]),e=Number(d[3]),d=Number(d[4]),0\u003C=b&&255>=b&&0\u003C=c&&255>=c&&0\u003C=e&&255>=e&&0\u003C=d&&1>=d)){b=[b,c,e,d];break b}b=null}if(!b)b:{if(e=a.match(ma))if(b=\nNumber(e[1]),c=Number(e[2]),e=Number(e[3]),0\u003C=b&&255>=b&&0\u003C=c&&255>=c&&0\u003C=e&&255>=e){b=[b,c,e,1];break b}b=null}if(!b)b:{b=a.toLowerCase();c=ha[b.toLowerCase()];if(!c&&(c=\"#\"==b.charAt(0)?b:\"#\"+b,4==c.length&&(c=c.replace(ja,\"#$1$1$2$2$3$3\")),!ka.test(c))){b=null;break b}b=[parseInt(c.substr(1,2),16),parseInt(c.substr(3,2),16),parseInt(c.substr(5,2),16),1]}a=b?\"rgba(\"+b.join(\", \")+\")\":a}return a}\nfunction Ma(a,b){var c=a.currentStyle||a.style,e=c[b];void 0===e&&\"function\"==aa(c.getPropertyValue)&&(e=c.getPropertyValue(b));return\"inherit\"!=e?void 0!==e?e:null:(a=S(a))?Ma(a,b):null}\nfunction U(a,b,c){function e(h){var n=V(h);return 0\u003Cn.height&&0\u003Cn.width?!0:P(h,\"PATH\")&&(0\u003Cn.height||0\u003Cn.width)?(h=T(h,\"stroke-width\"),!!h&&0\u003CparseInt(h,10)):\"hidden\"!=T(h,\"overflow\")&&ea(h.childNodes,function(D){return 3==D.nodeType||P(D)&&e(D)})}function d(h){return Na(h)==W&&fa(h.childNodes,function(n){return!P(n)||d(n)||!e(n)})}if(!P(a))throw Error(\"Argument to isShown must be of type Element\");if(P(a,\"BODY\"))return!0;if(P(a,\"OPTION\")||P(a,\"OPTGROUP\"))return a=Ja(a,function(h){return P(h,\"SELECT\")}),\n!!a&&U(a,!0,c);var f=Oa(a);if(f)return!!f.image&&0\u003Cf.rect.width&&0\u003Cf.rect.height&&U(f.image,b,c);if(P(a,\"INPUT\")&&\"hidden\"==a.type.toLowerCase()||P(a,\"NOSCRIPT\"))return!1;f=T(a,\"visibility\");return\"collapse\"!=f&&\"hidden\"!=f&&c(a)&&(b||0!=Pa(a))&&e(a)?!d(a):!1}var W=\"hidden\";\nfunction Na(a){function b(k){function l(ba){if(ba==h)return!0;var pa=T(ba,\"display\");return 0==pa.lastIndexOf(\"inline\",0)||\"contents\"==pa||\"absolute\"==qa&&\"static\"==T(ba,\"position\")?!1:!0}var qa=T(k,\"position\");if(\"fixed\"==qa)return ra=!0,k==h?null:h;for(k=S(k);k&&!l(k);)k=S(k);return k}function c(k){var l=k;if(\"visible\"==D)if(k==h&&n)l=n;else if(k==n)return{x:\"visible\",y:\"visible\"};l={x:T(l,\"overflow-x\"),y:T(l,\"overflow-y\")};k==h&&(l.x=\"visible\"==l.x?\"auto\":l.x,l.y=\"visible\"==l.y?\"auto\":l.y);return l}\nfunction e(k){if(k==h){var l=(new Ka(f)).a;k=l.scrollingElement?l.scrollingElement:za||\"CSS1Compat\"!=l.compatMode?l.body||l.documentElement:l.documentElement;l=l.parentWindow||l.defaultView;k=C&&Ba(\"10\")&&l.pageYOffset!=k.scrollTop?new L(k.scrollLeft,k.scrollTop):new L(l.pageXOffset||k.scrollLeft,l.pageYOffset||k.scrollTop)}else k=new L(k.scrollLeft,k.scrollTop);return k}var d=Qa(a),f=N(a),h=f.documentElement,n=f.body,D=T(h,\"overflow\"),ra;for(a=b(a);a;a=b(a)){var q=c(a);if(\"visible\"!=q.x||\"visible\"!=\nq.y){var t=V(a);if(0==t.width||0==t.height)return W;var z=d.a\u003Ct.a,O=d.b\u003Ct.b;if(z&&\"hidden\"==q.x||O&&\"hidden\"==q.y)return W;if(z&&\"visible\"!=q.x||O&&\"visible\"!=q.y){z=e(a);O=d.b\u003Ct.b-z.y;if(d.a\u003Ct.a-z.x&&\"visible\"!=q.x||O&&\"visible\"!=q.x)return W;d=Na(a);return d==W?W:\"scroll\"}z=d.c>=t.a+t.width;t=d.f>=t.b+t.height;if(z&&\"hidden\"==q.x||t&&\"hidden\"==q.y)return W;if(z&&\"visible\"!=q.x||t&&\"visible\"!=q.y){if(ra&&(q=e(a),d.c>=h.scrollWidth-q.x||d.a>=h.scrollHeight-q.y))return W;d=Na(a);return d==W?W:\"scroll\"}}}return\"none\"}\nfunction V(a){var b=Oa(a);if(b)return b.rect;if(P(a,\"HTML\"))return a=N(a),a=((a?a.parentWindow||a.defaultView:window)||window).document,a=\"CSS1Compat\"==a.compatMode?a.documentElement:a.body,a=new M(a.clientWidth,a.clientHeight),new R(0,0,a.width,a.height);try{var c=a.getBoundingClientRect()}catch(e){return new R(0,0,0,0)}b=new R(c.left,c.top,c.right-c.left,c.bottom-c.top);C&&a.ownerDocument.body&&(a=N(a),b.a-=a.documentElement.clientLeft+a.body.clientLeft,b.b-=a.documentElement.clientTop+a.body.clientTop);\nreturn b}\nfunction Oa(a){var b=P(a,\"MAP\");if(!b&&!P(a,\"AREA\"))return null;var c=b?a:P(a.parentNode,\"MAP\")?a.parentNode:null,e=null,d=null;if(c&&c.name){e='*[usemap=\"#'+c.name+'\"]';c=N(c);var f;if(f=\"function\"!=aa(c.querySelector)&&C&&(C?0\u003C=na(I,8):Ba(8))){f=c.querySelector;var h=typeof f;f=!(\"object\"==h&&null!=f||\"function\"==h)}if(f)throw Error(\"CSS selection is not supported\");if(!e)throw new m(32,\"No selector specified\");e=u(e);try{var n=c.querySelector(e)}catch(D){throw new m(32,\"An invalid or illegal selector was specified\");}if(e=\nn&&1==n.nodeType?n:null)d=V(e),b||\"default\"==a.shape.toLowerCase()||(a=Ra(a),b=Math.min(Math.max(a.a,0),d.width),n=Math.min(Math.max(a.b,0),d.height),d=new R(b+d.a,n+d.b,Math.min(a.width,d.width-b),Math.min(a.height,d.height-n)))}return{image:e,rect:d||new R(0,0,0,0)}}\nfunction Ra(a){var b=a.shape.toLowerCase();a=a.coords.split(\",\");if(\"rect\"==b&&4==a.length){b=a[0];var c=a[1];return new R(b,c,a[2]-b,a[3]-c)}if(\"circle\"==b&&3==a.length)return b=a[2],new R(a[0]-b,a[1]-b,2*b,2*b);if(\"poly\"==b&&2\u003Ca.length){b=a[0];c=a[1];for(var e=b,d=c,f=2;f+1\u003Ca.length;f+=2)b=Math.min(b,a[f]),e=Math.max(e,a[f]),c=Math.min(c,a[f+1]),d=Math.max(d,a[f+1]);return new R(b,c,e-b,d-c)}return new R(0,0,0,0)}function Qa(a){a=V(a);return new Q(a.b,a.a+a.width,a.b+a.height,a.a)}\nfunction Pa(a){if(Ia){if(\"relative\"==T(a,\"position\"))return 1;a=T(a,\"filter\");return(a=a.match(/^alpha\\(opacity=(\\d*)\\)/)||a.match(/^progid:DXImageTransform.Microsoft.Alpha\\(Opacity=(\\d*)\\)/))?Number(a[1])/100:1}return Sa(a)}function Sa(a){var b=1,c=T(a,\"opacity\");c&&(b=Number(c));(a=S(a))&&(b*=Sa(a));return b};function Ta(a,b){function c(e){if(P(e)&&\"none\"==T(e,\"display\"))return!1;var d;if((d=e.parentNode)&&d.shadowRoot&&void 0!==e.assignedSlot)d=e.assignedSlot?e.assignedSlot.parentNode:null;else if(e.getDestinationInsertionPoints){var f=e.getDestinationInsertionPoints();0\u003Cf.length&&(d=f[f.length-1])}if(La&&d instanceof ShadowRoot){if(d.host.shadowRoot&&d.host.shadowRoot!==d)return!1;d=d.host}return!d||9!=d.nodeType&&11!=d.nodeType?d&&P(d,\"DETAILS\")&&!d.open&&!P(e,\"SUMMARY\")?!1:!!d&&c(d):!0}return U(a,\n!!b,c)}var X=[\"_\"],Y=g;X[0]in Y||\"undefined\"==typeof Y.execScript||Y.execScript(\"var \"+X[0]);for(var Z;X.length&&(Z=X.shift());)X.length||void 0===Ta?Y[Z]&&Y[Z]!==Object.prototype[Z]?Y=Y[Z]:Y=Y[Z]={}:Y[Z]=Ta;; return this._.apply(null,arguments);}).apply({navigator:typeof window!='undefined'?window.navigator:null,document:typeof window!='undefined'?window.document:null}, arguments);}).apply(null, arguments)"
}
[1762305284.451][INFO]: Waiting for pending navigations...
[1762305284.451][DEBUG]: DevTools WebSocket Command: Runtime.evaluate (id=46) (session_id=020896624AC3A50119819791F246C3B0) 0D5EDC095436449006366D111B2AD7EB {
   "expression": "1"
}
[1762305284.451][DEBUG]: DevTools WebSocket Response: Runtime.evaluate (id=46) (session_id=020896624AC3A50119819791F246C3B0) 0D5EDC095436449006366D111B2AD7EB {
   "result": {
      "description": "1",
      "type": "number",
      "value": 1
   }
}
[1762305284.451][INFO]: Done waiting for pending navigations. Status: ok
[1762305284.451][DEBUG]: DevTools WebSocket Command: Page.getFrameTree (id=47) (session_id=020896624AC3A50119819791F246C3B0) 0D5EDC095436449006366D111B2AD7EB {
}
[1762305284.452][DEBUG]: DevTools WebSocket Response: Page.getFrameTree (id=47) (session_id=020896624AC3A50119819791F246C3B0) 0D5EDC095436449006366D111B2AD7EB {
   "frameTree": {
      "childFrames": [ {
         "frame": {
            "adFrameStatus": {
               "adFrameType": "none",
               "explanations": [  ]
            },
            "crossOriginIsolatedContextType": "NotIsolated",
            "domainAndRegistry": "",
            "gatedAPIFeatures": [  ],
            "id": "7C884AFF19772ED3553A15E2C3C15B2C",
            "loaderId": "24415C887EEE12ADD46BD66C1FB5664E",
            "mimeType": "text/html",
            "name": "__tcfapiLocator",
            "parentId": "0D5EDC095436449006366D111B2AD7EB",
            "secureContextType": "Secure",
            "securityOrigin": "://",
            "securityOriginDetails": {
               "isLocalhost": false
            },
            "url": "about:blank"
         }
      } ],
      "frame": {
         "adFrameStatus": {
            "adFrameType": "none"
         },
         "crossOriginIsolatedContextType": "NotIsolated",
         "domainAndRegistry": "ecosia.org",
         "gatedAPIFeatures": [  ],
         "id": "0D5EDC095436449006366D111B2AD7EB",
         "loaderId": "017A3C7A6DB955E281BA06348EE64563",
         "mimeType": "text/html",
         "secureContextType": "Secure",
         "securityOrigin": "https://www.ecosia.org",
         "securityOriginDetails": {
            "isLocalhost": false
         },
         "url": "https://www.ecosia.org/"
      }
   }
}
[1762305284.452][DEBUG]: DevTools WebSocket Command: DOM.resolveNode (id=48) (session_id=020896624AC3A50119819791F246C3B0) 0D5EDC095436449006366D111B2AD7EB {
   "backendNodeId": 2,
   "objectGroup": "b6ee9f68-cc90-4a32-84fe-ddbeaa3ee582"
}
[1762305284.452][DEBUG]: DevTools WebSocket Response: DOM.resolveNode (id=48) (session_id=020896624AC3A50119819791F246C3B0) 0D5EDC095436449006366D111B2AD7EB {
   "object": {
      "className": "HTMLInputElement",
      "description": "input.search-form__input",
      "objectId": "1465936456213613148.1.6",
      "subtype": "node",
      "type": "object"
   }
}
[1762305284.452][DEBUG]: DevTools WebSocket Command: Page.getFrameTree (id=49) (session_id=020896624AC3A50119819791F246C3B0) 0D5EDC095436449006366D111B2AD7EB {
}
[1762305284.452][DEBUG]: DevTools WebSocket Response: Page.getFrameTree (id=49) (session_id=020896624AC3A50119819791F246C3B0) 0D5EDC095436449006366D111B2AD7EB {
   "frameTree": {
      "childFrames": [ {
         "frame": {
            "adFrameStatus": {
               "adFrameType": "none",
               "explanations": [  ]
            },
            "crossOriginIsolatedContextType": "NotIsolated",
            "domainAndRegistry": "",
            "gatedAPIFeatures": [  ],
            "id": "7C884AFF19772ED3553A15E2C3C15B2C",
            "loaderId": "24415C887EEE12ADD46BD66C1FB5664E",
            "mimeType": "text/html",
            "name": "__tcfapiLocator",
            "parentId": "0D5EDC095436449006366D111B2AD7EB",
            "secureContextType": "Secure",
            "securityOrigin": "://",
            "securityOriginDetails": {
               "isLocalhost": false
            },
            "url": "about:blank"
         }
      } ],
      "frame": {
         "adFrameStatus": {
            "adFrameType": "none"
         },
         "crossOriginIsolatedContextType": "NotIsolated",
         "domainAndRegistry": "ecosia.org",
         "gatedAPIFeatures": [  ],
         "id": "0D5EDC095436449006366D111B2AD7EB",
         "loaderId": "017A3C7A6DB955E281BA06348EE64563",
         "mimeType": "text/html",
         "secureContextType": "Secure",
         "securityOrigin": "https://www.ecosia.org",
         "securityOriginDetails": {
            "isLocalhost": false
         },
         "url": "https://www.ecosia.org/"
      }
   }
}
[1762305284.452][DEBUG]: DevTools WebSocket Command: Runtime.callFunctionOn (id=50) (session_id=020896624AC3A50119819791F246C3B0) 0D5EDC095436449006366D111B2AD7EB {
   "arguments": [ {
      "objectId": "1465936456213613148.1.6"
   } ],
   "awaitPromise": true,
   "functionDeclaration": "function(){ return (function() { // Copyright 2012 The Chromium Authors\n// Use of this source code is governed by a BSD-style license that can be\n// found in the LICENSE file.\n\n/**\n * Enum for WebD...",
   "objectGroup": "b6ee9f68-cc90-4a32-84fe-ddbeaa3ee582",
   "serializationOptions": {
      "serialization": "deep"
   },
   "uniqueContextId": "1764549309517658738.-925398802202643774"
}
[1762305284.455][DEBUG]: DevTools WebSocket Response: Runtime.callFunctionOn (id=50) (session_id=020896624AC3A50119819791F246C3B0) 0D5EDC095436449006366D111B2AD7EB {
   "result": {
      "className": "Array",
      "deepSerializedValue": {
         "type": "array",
         "value": [ {
            "type": "string",
            "value": "{\"status\":0,\"value\":true}"
         } ]
      },
      "description": "Array(1)",
      "objectId": "1465936456213613148.1.7",
      "subtype": "array",
      "type": "object"
   }
}
[1762305284.455][DEBUG]: DevTools WebSocket Command: Runtime.releaseObjectGroup (id=51) (session_id=020896624AC3A50119819791F246C3B0) 0D5EDC095436449006366D111B2AD7EB {
   "objectGroup": "b6ee9f68-cc90-4a32-84fe-ddbeaa3ee582"
}
[1762305284.455][INFO]: Waiting for pending navigations...
[1762305284.455][DEBUG]: DevTools WebSocket Command: Runtime.evaluate (id=52) (session_id=020896624AC3A50119819791F246C3B0) 0D5EDC095436449006366D111B2AD7EB {
   "expression": "1"
}
[1762305284.455][DEBUG]: DevTools WebSocket Response: Runtime.releaseObjectGroup (id=51) (session_id=020896624AC3A50119819791F246C3B0) 0D5EDC095436449006366D111B2AD7EB {
}
[1762305284.455][DEBUG]: DevTools WebSocket Response: Runtime.evaluate (id=52) (session_id=020896624AC3A50119819791F246C3B0) 0D5EDC095436449006366D111B2AD7EB {
   "result": {
      "description": "1",
      "type": "number",
      "value": 1
   }
}
[1762305284.455][INFO]: Done waiting for pending navigations. Status: ok
[1762305284.455][INFO]: [4c8a8d7329e980191e11d5349f9c329c] RESPONSE ExecuteScript true
[1762305284.458][INFO]: [4c8a8d7329e980191e11d5349f9c329c] COMMAND FindElements {
   "using": "css selector",
   "value": "input[type=search]"
}
[1762305284.458][INFO]: Waiting for pending navigations...
[1762305284.458][DEBUG]: DevTools WebSocket Command: Runtime.evaluate (id=53) (session_id=020896624AC3A50119819791F246C3B0) 0D5EDC095436449006366D111B2AD7EB {
   "expression": "1"
}
[1762305284.458][DEBUG]: DevTools WebSocket Response: Runtime.evaluate (id=53) (session_id=020896624AC3A50119819791F246C3B0) 0D5EDC095436449006366D111B2AD7EB {
   "result": {
      "description": "1",
      "type": "number",
      "value": 1
   }
}
[1762305284.458][INFO]: Done waiting for pending navigations. Status: ok
[1762305284.458][DEBUG]: DevTools WebSocket Command: Page.getFrameTree (id=54) (session_id=020896624AC3A50119819791F246C3B0) 0D5EDC095436449006366D111B2AD7EB {
}
[1762305284.459][DEBUG]: DevTools WebSocket Response: Page.getFrameTree (id=54) (session_id=020896624AC3A50119819791F246C3B0) 0D5EDC095436449006366D111B2AD7EB {
   "frameTree": {
      "childFrames": [ {
         "frame": {
            "adFrameStatus": {
               "adFrameType": "none",
               "explanations": [  ]
            },
            "crossOriginIsolatedContextType": "NotIsolated",
            "domainAndRegistry": "",
            "gatedAPIFeatures": [  ],
            "id": "7C884AFF19772ED3553A15E2C3C15B2C",
            "loaderId": "24415C887EEE12ADD46BD66C1FB5664E",
            "mimeType": "text/html",
            "name": "__tcfapiLocator",
            "parentId": "0D5EDC095436449006366D111B2AD7EB",
            "secureContextType": "Secure",
            "securityOrigin": "://",
            "securityOriginDetails": {
               "isLocalhost": false
            },
            "url": "about:blank"
         }
      } ],
      "frame": {
         "adFrameStatus": {
            "adFrameType": "none"
         },
         "crossOriginIsolatedContextType": "NotIsolated",
         "domainAndRegistry": "ecosia.org",
         "gatedAPIFeatures": [  ],
         "id": "0D5EDC095436449006366D111B2AD7EB",
         "loaderId": "017A3C7A6DB955E281BA06348EE64563",
         "mimeType": "text/html",
         "secureContextType": "Secure",
         "securityOrigin": "https://www.ecosia.org",
         "securityOriginDetails": {
            "isLocalhost": false
         },
         "url": "https://www.ecosia.org/"
      }
   }
}
[1762305284.459][DEBUG]: DevTools WebSocket Command: Page.getFrameTree (id=55) (session_id=020896624AC3A50119819791F246C3B0) 0D5EDC095436449006366D111B2AD7EB {
}
[1762305284.459][DEBUG]: DevTools WebSocket Response: Page.getFrameTree (id=55) (session_id=020896624AC3A50119819791F246C3B0) 0D5EDC095436449006366D111B2AD7EB {
   "frameTree": {
      "childFrames": [ {
         "frame": {
            "adFrameStatus": {
               "adFrameType": "none",
               "explanations": [  ]
            },
            "crossOriginIsolatedContextType": "NotIsolated",
            "domainAndRegistry": "",
            "gatedAPIFeatures": [  ],
            "id": "7C884AFF19772ED3553A15E2C3C15B2C",
            "loaderId": "24415C887EEE12ADD46BD66C1FB5664E",
            "mimeType": "text/html",
            "name": "__tcfapiLocator",
            "parentId": "0D5EDC095436449006366D111B2AD7EB",
            "secureContextType": "Secure",
            "securityOrigin": "://",
            "securityOriginDetails": {
               "isLocalhost": false
            },
            "url": "about:blank"
         }
      } ],
      "frame": {
         "adFrameStatus": {
            "adFrameType": "none"
         },
         "crossOriginIsolatedContextType": "NotIsolated",
         "domainAndRegistry": "ecosia.org",
         "gatedAPIFeatures": [  ],
         "id": "0D5EDC095436449006366D111B2AD7EB",
         "loaderId": "017A3C7A6DB955E281BA06348EE64563",
         "mimeType": "text/html",
         "secureContextType": "Secure",
         "securityOrigin": "https://www.ecosia.org",
         "securityOriginDetails": {
            "isLocalhost": false
         },
         "url": "https://www.ecosia.org/"
      }
   }
}
[1762305284.459][DEBUG]: DevTools WebSocket Command: Runtime.callFunctionOn (id=56) (session_id=020896624AC3A50119819791F246C3B0) 0D5EDC095436449006366D111B2AD7EB {
   "arguments": [  ],
   "awaitPromise": true,
   "functionDeclaration": "function(){ return (function() { // Copyright 2012 The Chromium Authors\n// Use of this source code is governed by a BSD-style license that can be\n// found in the LICENSE file.\n\n/**\n * Enum for WebD...",
   "serializationOptions": {
      "serialization": "deep"
   },
   "uniqueContextId": "1764549309517658738.-925398802202643774"
}
[1762305284.461][DEBUG]: DevTools WebSocket Response: Runtime.callFunctionOn (id=56) (session_id=020896624AC3A50119819791F246C3B0) 0D5EDC095436449006366D111B2AD7EB {
   "result": {
      "className": "Array",
      "deepSerializedValue": {
         "type": "array",
         "value": [ {
            "type": "string",
            "value": "{\"status\":0,\"value\":[{\"element-6066-11e4-a52e-4f735466cecf\":0}]}"
         }, {
            "type": "node",
            "value": {
               "attributes": {
                  "aria-autocomplete": "both",
                  "aria-controls": "search-form-suggestion-list",
                  "aria-expanded": "false",
                  "aria-haspopup": "listbox",
                  "aria-label": "Buscar en la web",
                  "autocapitalize": "off",
                  "autocomplete": "off",
                  "autocorrect": "off",
                  "class": "search-form__input",
                  "data-test-id": "search-form-input",
                  "data-v-4159ee44": "",
                  "name": "q",
                  "placeholder": "Busca en la web...",
                  "required": "required",
                  "role": "combobox",
                  "spellcheck": "false",
                  "type": "search",
                  "value": ""
               },
               "backendNodeId": 2,
               "childNodeCount": 0,
               "loaderId": "017A3C7A6DB955E281BA06348EE64563",
               "localName": "input",
               "namespaceURI": "http://www.w3.org/1999/xhtml",
               "nodeType": 1,
               "shadowRoot": {
                  "type": "node",
                  "value": {
                     "backendNodeId": 33,
                     "childNodeCount": 2,
                     "loaderId": "017A3C7A6DB955E281BA06348EE64563",
                     "mode": "closed",
                     "nodeType": 11
                  }
               }
            }
         } ]
      },
      "description": "Array(2)",
      "objectId": "1465936456213613148.1.8",
      "subtype": "array",
      "type": "object"
   }
}
[1762305284.461][INFO]: Waiting for pending navigations...
[1762305284.461][DEBUG]: DevTools WebSocket Command: Runtime.evaluate (id=57) (session_id=020896624AC3A50119819791F246C3B0) 0D5EDC095436449006366D111B2AD7EB {
   "expression": "1"
}
[1762305284.461][DEBUG]: DevTools WebSocket Response: Runtime.evaluate (id=57) (session_id=020896624AC3A50119819791F246C3B0) 0D5EDC095436449006366D111B2AD7EB {
   "result": {
      "description": "1",
      "type": "number",
      "value": 1
   }
}
[1762305284.461][INFO]: Done waiting for pending navigations. Status: ok
[1762305284.461][INFO]: [4c8a8d7329e980191e11d5349f9c329c] RESPONSE FindElements [ {
   "element-6066-11e4-a52e-4f735466cecf": "f.0D5EDC095436449006366D111B2AD7EB.d.017A3C7A6DB955E281BA06348EE64563.e.2"
} ]
[1762305284.463][INFO]: [4c8a8d7329e980191e11d5349f9c329c] COMMAND ClearElement {
   "id": "f.0D5EDC095436449006366D111B2AD7EB.d.017A3C7A6DB955E281BA06348EE64563.e.2"
}
[1762305284.463][INFO]: Waiting for pending navigations...
[1762305284.463][DEBUG]: DevTools WebSocket Command: Runtime.evaluate (id=58) (session_id=020896624AC3A50119819791F246C3B0) 0D5EDC095436449006366D111B2AD7EB {
   "expression": "1"
}
[1762305284.463][DEBUG]: DevTools WebSocket Response: Runtime.evaluate (id=58) (session_id=020896624AC3A50119819791F246C3B0) 0D5EDC095436449006366D111B2AD7EB {
   "result": {
      "description": "1",
      "type": "number",
      "value": 1
   }
}
[1762305284.463][INFO]: Done waiting for pending navigations. Status: ok
[1762305284.463][DEBUG]: DevTools WebSocket Command: Page.getFrameTree (id=59) (session_id=020896624AC3A50119819791F246C3B0) 0D5EDC095436449006366D111B2AD7EB {
}
[1762305284.463][DEBUG]: DevTools WebSocket Response: Page.getFrameTree (id=59) (session_id=020896624AC3A50119819791F246C3B0) 0D5EDC095436449006366D111B2AD7EB {
   "frameTree": {
      "childFrames": [ {
         "frame": {
            "adFrameStatus": {
               "adFrameType": "none",
               "explanations": [  ]
            },
            "crossOriginIsolatedContextType": "NotIsolated",
            "domainAndRegistry": "",
            "gatedAPIFeatures": [  ],
            "id": "7C884AFF19772ED3553A15E2C3C15B2C",
            "loaderId": "24415C887EEE12ADD46BD66C1FB5664E",
            "mimeType": "text/html",
            "name": "__tcfapiLocator",
            "parentId": "0D5EDC095436449006366D111B2AD7EB",
            "secureContextType": "Secure",
            "securityOrigin": "://",
            "securityOriginDetails": {
               "isLocalhost": false
            },
            "url": "about:blank"
         }
      } ],
      "frame": {
         "adFrameStatus": {
            "adFrameType": "none"
         },
         "crossOriginIsolatedContextType": "NotIsolated",
         "domainAndRegistry": "ecosia.org",
         "gatedAPIFeatures": [  ],
         "id": "0D5EDC095436449006366D111B2AD7EB",
         "loaderId": "017A3C7A6DB955E281BA06348EE64563",
         "mimeType": "text/html",
         "secureContextType": "Secure",
         "securityOrigin": "https://www.ecosia.org",
         "securityOriginDetails": {
            "isLocalhost": false
         },
         "url": "https://www.ecosia.org/"
      }
   }
}
[1762305284.463][DEBUG]: DevTools WebSocket Command: DOM.resolveNode (id=60) (session_id=020896624AC3A50119819791F246C3B0) 0D5EDC095436449006366D111B2AD7EB {
   "backendNodeId": 2,
   "objectGroup": "9408e73b-d7d1-4601-acdc-db98c72824dd"
}
[1762305284.463][DEBUG]: DevTools WebSocket Response: DOM.resolveNode (id=60) (session_id=020896624AC3A50119819791F246C3B0) 0D5EDC095436449006366D111B2AD7EB {
   "object": {
      "className": "HTMLInputElement",
      "description": "input.search-form__input",
      "objectId": "1465936456213613148.1.9",
      "subtype": "node",
      "type": "object"
   }
}
[1762305284.463][DEBUG]: DevTools WebSocket Command: Page.getFrameTree (id=61) (session_id=020896624AC3A50119819791F246C3B0) 0D5EDC095436449006366D111B2AD7EB {
}
[1762305284.463][DEBUG]: DevTools WebSocket Response: Page.getFrameTree (id=61) (session_id=020896624AC3A50119819791F246C3B0) 0D5EDC095436449006366D111B2AD7EB {
   "frameTree": {
      "childFrames": [ {
         "frame": {
            "adFrameStatus": {
               "adFrameType": "none",
               "explanations": [  ]
            },
            "crossOriginIsolatedContextType": "NotIsolated",
            "domainAndRegistry": "",
            "gatedAPIFeatures": [  ],
            "id": "7C884AFF19772ED3553A15E2C3C15B2C",
            "loaderId": "24415C887EEE12ADD46BD66C1FB5664E",
            "mimeType": "text/html",
            "name": "__tcfapiLocator",
            "parentId": "0D5EDC095436449006366D111B2AD7EB",
            "secureContextType": "Secure",
            "securityOrigin": "://",
            "securityOriginDetails": {
               "isLocalhost": false
            },
            "url": "about:blank"
         }
      } ],
      "frame": {
         "adFrameStatus": {
            "adFrameType": "none"
         },
         "crossOriginIsolatedContextType": "NotIsolated",
         "domainAndRegistry": "ecosia.org",
         "gatedAPIFeatures": [  ],
         "id": "0D5EDC095436449006366D111B2AD7EB",
         "loaderId": "017A3C7A6DB955E281BA06348EE64563",
         "mimeType": "text/html",
         "secureContextType": "Secure",
         "securityOrigin": "https://www.ecosia.org",
         "securityOriginDetails": {
            "isLocalhost": false
         },
         "url": "https://www.ecosia.org/"
      }
   }
}
[1762305284.463][DEBUG]: DevTools WebSocket Command: Runtime.callFunctionOn (id=62) (session_id=020896624AC3A50119819791F246C3B0) 0D5EDC095436449006366D111B2AD7EB {
   "arguments": [ {
      "objectId": "1465936456213613148.1.9"
   } ],
   "awaitPromise": true,
   "functionDeclaration": "function(){ return (function() { // Copyright 2012 The Chromium Authors\n// Use of this source code is governed by a BSD-style license that can be\n// found in the LICENSE file.\n\n/**\n * Enum for WebD...",
   "objectGroup": "9408e73b-d7d1-4601-acdc-db98c72824dd",
   "serializationOptions": {
      "serialization": "deep"
   },
   "uniqueContextId": "1764549309517658738.-925398802202643774"
}
[1762305284.464][DEBUG]: DevTools WebSocket Response: Runtime.callFunctionOn (id=62) (session_id=020896624AC3A50119819791F246C3B0) 0D5EDC095436449006366D111B2AD7EB {
   "result": {
      "className": "Array",
      "deepSerializedValue": {
         "type": "array",
         "value": [ {
            "type": "string",
            "value": "{\"status\":0,\"value\":\"INPUT\"}"
         } ]
      },
      "description": "Array(1)",
      "objectId": "1465936456213613148.1.10",
      "subtype": "array",
      "type": "object"
   }
}
[1762305284.464][DEBUG]: DevTools WebSocket Command: Runtime.releaseObjectGroup (id=63) (session_id=020896624AC3A50119819791F246C3B0) 0D5EDC095436449006366D111B2AD7EB {
   "objectGroup": "9408e73b-d7d1-4601-acdc-db98c72824dd"
}
[1762305284.464][DEBUG]: DevTools WebSocket Command: Page.getFrameTree (id=64) (session_id=020896624AC3A50119819791F246C3B0) 0D5EDC095436449006366D111B2AD7EB {
}
[1762305284.464][DEBUG]: DevTools WebSocket Response: Runtime.releaseObjectGroup (id=63) (session_id=020896624AC3A50119819791F246C3B0) 0D5EDC095436449006366D111B2AD7EB {
}
[1762305284.465][DEBUG]: DevTools WebSocket Response: Page.getFrameTree (id=64) (session_id=020896624AC3A50119819791F246C3B0) 0D5EDC095436449006366D111B2AD7EB {
   "frameTree": {
      "childFrames": [ {
         "frame": {
            "adFrameStatus": {
               "adFrameType": "none",
               "explanations": [  ]
            },
            "crossOriginIsolatedContextType": "NotIsolated",
            "domainAndRegistry": "",
            "gatedAPIFeatures": [  ],
            "id": "7C884AFF19772ED3553A15E2C3C15B2C",
            "loaderId": "24415C887EEE12ADD46BD66C1FB5664E",
            "mimeType": "text/html",
            "name": "__tcfapiLocator",
            "parentId": "0D5EDC095436449006366D111B2AD7EB",
            "secureContextType": "Secure",
            "securityOrigin": "://",
            "securityOriginDetails": {
               "isLocalhost": false
            },
            "url": "about:blank"
         }
      } ],
      "frame": {
         "adFrameStatus": {
            "adFrameType": "none"
         },
         "crossOriginIsolatedContextType": "NotIsolated",
         "domainAndRegistry": "ecosia.org",
         "gatedAPIFeatures": [  ],
         "id": "0D5EDC095436449006366D111B2AD7EB",
         "loaderId": "017A3C7A6DB955E281BA06348EE64563",
         "mimeType": "text/html",
         "secureContextType": "Secure",
         "securityOrigin": "https://www.ecosia.org",
         "securityOriginDetails": {
            "isLocalhost": false
         },
         "url": "https://www.ecosia.org/"
      }
   }
}
[1762305284.465][DEBUG]: DevTools WebSocket Command: DOM.resolveNode (id=65) (session_id=020896624AC3A50119819791F246C3B0) 0D5EDC095436449006366D111B2AD7EB {
   "backendNodeId": 2,
   "objectGroup": "682c647d-bd0e-4c4e-b9fc-7f8fca8a0855"
}
[1762305284.465][DEBUG]: DevTools WebSocket Response: DOM.resolveNode (id=65) (session_id=020896624AC3A50119819791F246C3B0) 0D5EDC095436449006366D111B2AD7EB {
   "object": {
      "className": "HTMLInputElement",
      "description": "input.search-form__input",
      "objectId": "1465936456213613148.1.11",
      "subtype": "node",
      "type": "object"
   }
}
[1762305284.465][DEBUG]: DevTools WebSocket Command: Page.getFrameTree (id=66) (session_id=020896624AC3A50119819791F246C3B0) 0D5EDC095436449006366D111B2AD7EB {
}
[1762305284.465][DEBUG]: DevTools WebSocket Response: Page.getFrameTree (id=66) (session_id=020896624AC3A50119819791F246C3B0) 0D5EDC095436449006366D111B2AD7EB {
   "frameTree": {
      "childFrames": [ {
         "frame": {
            "adFrameStatus": {
               "adFrameType": "none",
               "explanations": [  ]
            },
            "crossOriginIsolatedContextType": "NotIsolated",
            "domainAndRegistry": "",
            "gatedAPIFeatures": [  ],
            "id": "7C884AFF19772ED3553A15E2C3C15B2C",
            "loaderId": "24415C887EEE12ADD46BD66C1FB5664E",
            "mimeType": "text/html",
            "name": "__tcfapiLocator",
            "parentId": "0D5EDC095436449006366D111B2AD7EB",
            "secureContextType": "Secure",
            "securityOrigin": "://",
            "securityOriginDetails": {
               "isLocalhost": false
            },
            "url": "about:blank"
         }
      } ],
      "frame": {
         "adFrameStatus": {
            "adFrameType": "none"
         },
         "crossOriginIsolatedContextType": "NotIsolated",
         "domainAndRegistry": "ecosia.org",
         "gatedAPIFeatures": [  ],
         "id": "0D5EDC095436449006366D111B2AD7EB",
         "loaderId": "017A3C7A6DB955E281BA06348EE64563",
         "mimeType": "text/html",
         "secureContextType": "Secure",
         "securityOrigin": "https://www.ecosia.org",
         "securityOriginDetails": {
            "isLocalhost": false
         },
         "url": "https://www.ecosia.org/"
      }
   }
}
[1762305284.465][DEBUG]: DevTools WebSocket Command: Runtime.callFunctionOn (id=67) (session_id=020896624AC3A50119819791F246C3B0) 0D5EDC095436449006366D111B2AD7EB {
   "arguments": [ {
      "objectId": "1465936456213613148.1.11"
   } ],
   "awaitPromise": true,
   "functionDeclaration": "function(){ return (function() { // Copyright 2012 The Chromium Authors\n// Use of this source code is governed by a BSD-style license that can be\n// found in the LICENSE file.\n\n/**\n * Enum for WebD...",
   "objectGroup": "682c647d-bd0e-4c4e-b9fc-7f8fca8a0855",
   "serializationOptions": {
      "serialization": "deep"
   },
   "uniqueContextId": "1764549309517658738.-925398802202643774"
}
[1762305284.469][DEBUG]: DevTools WebSocket Response: Runtime.callFunctionOn (id=67) (session_id=020896624AC3A50119819791F246C3B0) 0D5EDC095436449006366D111B2AD7EB {
   "result": {
      "className": "Array",
      "deepSerializedValue": {
         "type": "array",
         "value": [ {
            "type": "string",
            "value": "{\"status\":0,\"value\":\"search\"}"
         } ]
      },
      "description": "Array(1)",
      "objectId": "1465936456213613148.1.12",
      "subtype": "array",
      "type": "object"
   }
}
[1762305284.469][DEBUG]: DevTools WebSocket Command: Runtime.releaseObjectGroup (id=68) (session_id=020896624AC3A50119819791F246C3B0) 0D5EDC095436449006366D111B2AD7EB {
   "objectGroup": "682c647d-bd0e-4c4e-b9fc-7f8fca8a0855"
}
[1762305284.469][DEBUG]: DevTools WebSocket Command: Page.getFrameTree (id=69) (session_id=020896624AC3A50119819791F246C3B0) 0D5EDC095436449006366D111B2AD7EB {
}
[1762305284.469][DEBUG]: DevTools WebSocket Response: Runtime.releaseObjectGroup (id=68) (session_id=020896624AC3A50119819791F246C3B0) 0D5EDC095436449006366D111B2AD7EB {
}
[1762305284.469][DEBUG]: DevTools WebSocket Response: Page.getFrameTree (id=69) (session_id=020896624AC3A50119819791F246C3B0) 0D5EDC095436449006366D111B2AD7EB {
   "frameTree": {
      "childFrames": [ {
         "frame": {
            "adFrameStatus": {
               "adFrameType": "none",
               "explanations": [  ]
            },
            "crossOriginIsolatedContextType": "NotIsolated",
            "domainAndRegistry": "",
            "gatedAPIFeatures": [  ],
            "id": "7C884AFF19772ED3553A15E2C3C15B2C",
            "loaderId": "24415C887EEE12ADD46BD66C1FB5664E",
            "mimeType": "text/html",
            "name": "__tcfapiLocator",
            "parentId": "0D5EDC095436449006366D111B2AD7EB",
            "secureContextType": "Secure",
            "securityOrigin": "://",
            "securityOriginDetails": {
               "isLocalhost": false
            },
            "url": "about:blank"
         }
      } ],
      "frame": {
         "adFrameStatus": {
            "adFrameType": "none"
         },
         "crossOriginIsolatedContextType": "NotIsolated",
         "domainAndRegistry": "ecosia.org",
         "gatedAPIFeatures": [  ],
         "id": "0D5EDC095436449006366D111B2AD7EB",
         "loaderId": "017A3C7A6DB955E281BA06348EE64563",
         "mimeType": "text/html",
         "secureContextType": "Secure",
         "securityOrigin": "https://www.ecosia.org",
         "securityOriginDetails": {
            "isLocalhost": false
         },
         "url": "https://www.ecosia.org/"
      }
   }
}
[1762305284.469][DEBUG]: DevTools WebSocket Command: DOM.resolveNode (id=70) (session_id=020896624AC3A50119819791F246C3B0) 0D5EDC095436449006366D111B2AD7EB {
   "backendNodeId": 2,
   "objectGroup": "47f2c436-1e93-4942-b1cb-5228e5e7a1d9"
}
[1762305284.469][DEBUG]: DevTools WebSocket Response: DOM.resolveNode (id=70) (session_id=020896624AC3A50119819791F246C3B0) 0D5EDC095436449006366D111B2AD7EB {
   "object": {
      "className": "HTMLInputElement",
      "description": "input.search-form__input",
      "objectId": "1465936456213613148.1.13",
      "subtype": "node",
      "type": "object"
   }
}
[1762305284.469][DEBUG]: DevTools WebSocket Command: Page.getFrameTree (id=71) (session_id=020896624AC3A50119819791F246C3B0) 0D5EDC095436449006366D111B2AD7EB {
}
[1762305284.469][DEBUG]: DevTools WebSocket Response: Page.getFrameTree (id=71) (session_id=020896624AC3A50119819791F246C3B0) 0D5EDC095436449006366D111B2AD7EB {
   "frameTree": {
      "childFrames": [ {
         "frame": {
            "adFrameStatus": {
               "adFrameType": "none",
               "explanations": [  ]
            },
            "crossOriginIsolatedContextType": "NotIsolated",
            "domainAndRegistry": "",
            "gatedAPIFeatures": [  ],
            "id": "7C884AFF19772ED3553A15E2C3C15B2C",
            "loaderId": "24415C887EEE12ADD46BD66C1FB5664E",
            "mimeType": "text/html",
            "name": "__tcfapiLocator",
            "parentId": "0D5EDC095436449006366D111B2AD7EB",
            "secureContextType": "Secure",
            "securityOrigin": "://",
            "securityOriginDetails": {
               "isLocalhost": false
            },
            "url": "about:blank"
         }
      } ],
      "frame": {
         "adFrameStatus": {
            "adFrameType": "none"
         },
         "crossOriginIsolatedContextType": "NotIsolated",
         "domainAndRegistry": "ecosia.org",
         "gatedAPIFeatures": [  ],
         "id": "0D5EDC095436449006366D111B2AD7EB",
         "loaderId": "017A3C7A6DB955E281BA06348EE64563",
         "mimeType": "text/html",
         "secureContextType": "Secure",
         "securityOrigin": "https://www.ecosia.org",
         "securityOriginDetails": {
            "isLocalhost": false
         },
         "url": "https://www.ecosia.org/"
      }
   }
}
[1762305284.469][DEBUG]: DevTools WebSocket Command: Runtime.callFunctionOn (id=72) (session_id=020896624AC3A50119819791F246C3B0) 0D5EDC095436449006366D111B2AD7EB {
   "arguments": [ {
      "objectId": "1465936456213613148.1.13"
   } ],
   "awaitPromise": true,
   "functionDeclaration": "function(){ return (function() { // Copyright 2012 The Chromium Authors\n// Use of this source code is governed by a BSD-style license that can be\n// found in the LICENSE file.\n\n/**\n * Enum for WebD...",
   "objectGroup": "47f2c436-1e93-4942-b1cb-5228e5e7a1d9",
   "serializationOptions": {
      "serialization": "deep"
   },
   "uniqueContextId": "1764549309517658738.-925398802202643774"
}
[1762305284.471][DEBUG]: DevTools WebSocket Response: Runtime.callFunctionOn (id=72) (session_id=020896624AC3A50119819791F246C3B0) 0D5EDC095436449006366D111B2AD7EB {
   "result": {
      "className": "Array",
      "deepSerializedValue": {
         "type": "array",
         "value": [ {
            "type": "string",
            "value": "{\"status\":0,\"value\":false}"
         } ]
      },
      "description": "Array(1)",
      "objectId": "1465936456213613148.1.14",
      "subtype": "array",
      "type": "object"
   }
}
[1762305284.471][DEBUG]: DevTools WebSocket Command: Runtime.releaseObjectGroup (id=73) (session_id=020896624AC3A50119819791F246C3B0) 0D5EDC095436449006366D111B2AD7EB {
   "objectGroup": "47f2c436-1e93-4942-b1cb-5228e5e7a1d9"
}
[1762305284.471][DEBUG]: DevTools WebSocket Command: Page.getFrameTree (id=74) (session_id=020896624AC3A50119819791F246C3B0) 0D5EDC095436449006366D111B2AD7EB {
}
[1762305284.471][DEBUG]: DevTools WebSocket Response: Runtime.releaseObjectGroup (id=73) (session_id=020896624AC3A50119819791F246C3B0) 0D5EDC095436449006366D111B2AD7EB {
}
[1762305284.471][DEBUG]: DevTools WebSocket Response: Page.getFrameTree (id=74) (session_id=020896624AC3A50119819791F246C3B0) 0D5EDC095436449006366D111B2AD7EB {
   "frameTree": {
      "childFrames": [ {
         "frame": {
            "adFrameStatus": {
               "adFrameType": "none",
               "explanations": [  ]
            },
            "crossOriginIsolatedContextType": "NotIsolated",
            "domainAndRegistry": "",
            "gatedAPIFeatures": [  ],
            "id": "7C884AFF19772ED3553A15E2C3C15B2C",
            "loaderId": "24415C887EEE12ADD46BD66C1FB5664E",
            "mimeType": "text/html",
            "name": "__tcfapiLocator",
            "parentId": "0D5EDC095436449006366D111B2AD7EB",
            "secureContextType": "Secure",
            "securityOrigin": "://",
            "securityOriginDetails": {
               "isLocalhost": false
            },
            "url": "about:blank"
         }
      } ],
      "frame": {
         "adFrameStatus": {
            "adFrameType": "none"
         },
         "crossOriginIsolatedContextType": "NotIsolated",
         "domainAndRegistry": "ecosia.org",
         "gatedAPIFeatures": [  ],
         "id": "0D5EDC095436449006366D111B2AD7EB",
         "loaderId": "017A3C7A6DB955E281BA06348EE64563",
         "mimeType": "text/html",
         "secureContextType": "Secure",
         "securityOrigin": "https://www.ecosia.org",
         "securityOriginDetails": {
            "isLocalhost": false
         },
         "url": "https://www.ecosia.org/"
      }
   }
}
[1762305284.471][DEBUG]: DevTools WebSocket Command: DOM.resolveNode (id=75) (session_id=020896624AC3A50119819791F246C3B0) 0D5EDC095436449006366D111B2AD7EB {
   "backendNodeId": 2,
   "objectGroup": "94833678-fe91-44da-95e6-9d21552e0ea9"
}
[1762305284.471][DEBUG]: DevTools WebSocket Response: DOM.resolveNode (id=75) (session_id=020896624AC3A50119819791F246C3B0) 0D5EDC095436449006366D111B2AD7EB {
   "object": {
      "className": "HTMLInputElement",
      "description": "input.search-form__input",
      "objectId": "1465936456213613148.1.15",
      "subtype": "node",
      "type": "object"
   }
}
[1762305284.471][DEBUG]: DevTools WebSocket Command: Page.getFrameTree (id=76) (session_id=020896624AC3A50119819791F246C3B0) 0D5EDC095436449006366D111B2AD7EB {
}
[1762305284.471][DEBUG]: DevTools WebSocket Response: Page.getFrameTree (id=76) (session_id=020896624AC3A50119819791F246C3B0) 0D5EDC095436449006366D111B2AD7EB {
   "frameTree": {
      "childFrames": [ {
         "frame": {
            "adFrameStatus": {
               "adFrameType": "none",
               "explanations": [  ]
            },
            "crossOriginIsolatedContextType": "NotIsolated",
            "domainAndRegistry": "",
            "gatedAPIFeatures": [  ],
            "id": "7C884AFF19772ED3553A15E2C3C15B2C",
            "loaderId": "24415C887EEE12ADD46BD66C1FB5664E",
            "mimeType": "text/html",
            "name": "__tcfapiLocator",
            "parentId": "0D5EDC095436449006366D111B2AD7EB",
            "secureContextType": "Secure",
            "securityOrigin": "://",
            "securityOriginDetails": {
               "isLocalhost": false
            },
            "url": "about:blank"
         }
      } ],
      "frame": {
         "adFrameStatus": {
            "adFrameType": "none"
         },
         "crossOriginIsolatedContextType": "NotIsolated",
         "domainAndRegistry": "ecosia.org",
         "gatedAPIFeatures": [  ],
         "id": "0D5EDC095436449006366D111B2AD7EB",
         "loaderId": "017A3C7A6DB955E281BA06348EE64563",
         "mimeType": "text/html",
         "secureContextType": "Secure",
         "securityOrigin": "https://www.ecosia.org",
         "securityOriginDetails": {
            "isLocalhost": false
         },
         "url": "https://www.ecosia.org/"
      }
   }
}
[1762305284.472][DEBUG]: DevTools WebSocket Command: Runtime.callFunctionOn (id=77) (session_id=020896624AC3A50119819791F246C3B0) 0D5EDC095436449006366D111B2AD7EB {
   "arguments": [ {
      "objectId": "1465936456213613148.1.15"
   } ],
   "awaitPromise": true,
   "functionDeclaration": "function(){ return (function() { // Copyright 2012 The Chromium Authors\n// Use of this source code is governed by a BSD-style license that can be\n// found in the LICENSE file.\n\n/**\n * Enum for WebD...",
   "objectGroup": "94833678-fe91-44da-95e6-9d21552e0ea9",
   "serializationOptions": {
      "serialization": "deep"
   },
   "uniqueContextId": "1764549309517658738.-925398802202643774"
}
[1762305284.475][DEBUG]: DevTools WebSocket Response: Runtime.callFunctionOn (id=77) (session_id=020896624AC3A50119819791F246C3B0) 0D5EDC095436449006366D111B2AD7EB {
   "result": {
      "className": "Array",
      "deepSerializedValue": {
         "type": "array",
         "value": [ {
            "type": "string",
            "value": "{\"status\":0,\"value\":true}"
         } ]
      },
      "description": "Array(1)",
      "objectId": "1465936456213613148.1.16",
      "subtype": "array",
      "type": "object"
   }
}
[1762305284.475][DEBUG]: DevTools WebSocket Command: Runtime.releaseObjectGroup (id=78) (session_id=020896624AC3A50119819791F246C3B0) 0D5EDC095436449006366D111B2AD7EB {
   "objectGroup": "94833678-fe91-44da-95e6-9d21552e0ea9"
}
[1762305284.475][INFO]: 
	=== NOTE: ===
	The Clear command in ChromeDriver 2.43 and above
	has been updated to conform to the current standard,
	including raising blur event after clearing.

[1762305284.475][DEBUG]: DevTools WebSocket Command: Page.getFrameTree (id=79) (session_id=020896624AC3A50119819791F246C3B0) 0D5EDC095436449006366D111B2AD7EB {
}
[1762305284.475][DEBUG]: DevTools WebSocket Response: Runtime.releaseObjectGroup (id=78) (session_id=020896624AC3A50119819791F246C3B0) 0D5EDC095436449006366D111B2AD7EB {
}
[1762305284.476][DEBUG]: DevTools WebSocket Response: Page.getFrameTree (id=79) (session_id=020896624AC3A50119819791F246C3B0) 0D5EDC095436449006366D111B2AD7EB {
   "frameTree": {
      "childFrames": [ {
         "frame": {
            "adFrameStatus": {
               "adFrameType": "none",
               "explanations": [  ]
            },
            "crossOriginIsolatedContextType": "NotIsolated",
            "domainAndRegistry": "",
            "gatedAPIFeatures": [  ],
            "id": "7C884AFF19772ED3553A15E2C3C15B2C",
            "loaderId": "24415C887EEE12ADD46BD66C1FB5664E",
            "mimeType": "text/html",
            "name": "__tcfapiLocator",
            "parentId": "0D5EDC095436449006366D111B2AD7EB",
            "secureContextType": "Secure",
            "securityOrigin": "://",
            "securityOriginDetails": {
               "isLocalhost": false
            },
            "url": "about:blank"
         }
      } ],
      "frame": {
         "adFrameStatus": {
            "adFrameType": "none"
         },
         "crossOriginIsolatedContextType": "NotIsolated",
         "domainAndRegistry": "ecosia.org",
         "gatedAPIFeatures": [  ],
         "id": "0D5EDC095436449006366D111B2AD7EB",
         "loaderId": "017A3C7A6DB955E281BA06348EE64563",
         "mimeType": "text/html",
         "secureContextType": "Secure",
         "securityOrigin": "https://www.ecosia.org",
         "securityOriginDetails": {
            "isLocalhost": false
         },
         "url": "https://www.ecosia.org/"
      }
   }
}
[1762305284.476][DEBUG]: DevTools WebSocket Command: DOM.resolveNode (id=80) (session_id=020896624AC3A50119819791F246C3B0) 0D5EDC095436449006366D111B2AD7EB {
   "backendNodeId": 2,
   "objectGroup": "98d82561-8a49-43e5-8a07-19acf088c2c4"
}
[1762305284.476][DEBUG]: DevTools WebSocket Response: DOM.resolveNode (id=80) (session_id=020896624AC3A50119819791F246C3B0) 0D5EDC095436449006366D111B2AD7EB {
   "object": {
      "className": "HTMLInputElement",
      "description": "input.search-form__input",
      "objectId": "1465936456213613148.1.17",
      "subtype": "node",
      "type": "object"
   }
}
[1762305284.476][DEBUG]: DevTools WebSocket Command: Page.getFrameTree (id=81) (session_id=020896624AC3A50119819791F246C3B0) 0D5EDC095436449006366D111B2AD7EB {
}
[1762305284.476][DEBUG]: DevTools WebSocket Response: Page.getFrameTree (id=81) (session_id=020896624AC3A50119819791F246C3B0) 0D5EDC095436449006366D111B2AD7EB {
   "frameTree": {
      "childFrames": [ {
         "frame": {
            "adFrameStatus": {
               "adFrameType": "none",
               "explanations": [  ]
            },
            "crossOriginIsolatedContextType": "NotIsolated",
            "domainAndRegistry": "",
            "gatedAPIFeatures": [  ],
            "id": "7C884AFF19772ED3553A15E2C3C15B2C",
            "loaderId": "24415C887EEE12ADD46BD66C1FB5664E",
            "mimeType": "text/html",
            "name": "__tcfapiLocator",
            "parentId": "0D5EDC095436449006366D111B2AD7EB",
            "secureContextType": "Secure",
            "securityOrigin": "://",
            "securityOriginDetails": {
               "isLocalhost": false
            },
            "url": "about:blank"
         }
      } ],
      "frame": {
         "adFrameStatus": {
            "adFrameType": "none"
         },
         "crossOriginIsolatedContextType": "NotIsolated",
         "domainAndRegistry": "ecosia.org",
         "gatedAPIFeatures": [  ],
         "id": "0D5EDC095436449006366D111B2AD7EB",
         "loaderId": "017A3C7A6DB955E281BA06348EE64563",
         "mimeType": "text/html",
         "secureContextType": "Secure",
         "securityOrigin": "https://www.ecosia.org",
         "securityOriginDetails": {
            "isLocalhost": false
         },
         "url": "https://www.ecosia.org/"
      }
   }
}
[1762305284.476][DEBUG]: DevTools WebSocket Command: Runtime.callFunctionOn (id=82) (session_id=020896624AC3A50119819791F246C3B0) 0D5EDC095436449006366D111B2AD7EB {
   "arguments": [ {
      "objectId": "1465936456213613148.1.17"
   } ],
   "awaitPromise": true,
   "functionDeclaration": "function(){ return (function() { // Copyright 2012 The Chromium Authors\n// Use of this source code is governed by a BSD-style license that can be\n// found in the LICENSE file.\n\n/**\n * Enum for WebD...",
   "objectGroup": "98d82561-8a49-43e5-8a07-19acf088c2c4",
   "serializationOptions": {
      "serialization": "deep"
   },
   "uniqueContextId": "1764549309517658738.-925398802202643774"
}
[1762305284.481][DEBUG]: DevTools WebSocket Response: Runtime.callFunctionOn (id=82) (session_id=020896624AC3A50119819791F246C3B0) 0D5EDC095436449006366D111B2AD7EB {
   "result": {
      "className": "Array",
      "deepSerializedValue": {
         "type": "array",
         "value": [ {
            "type": "string",
            "value": "{\"status\":0,\"value\":null}"
         } ]
      },
      "description": "Array(1)",
      "objectId": "1465936456213613148.1.18",
      "subtype": "array",
      "type": "object"
   }
}
[1762305284.481][DEBUG]: DevTools WebSocket Command: Runtime.releaseObjectGroup (id=83) (session_id=020896624AC3A50119819791F246C3B0) 0D5EDC095436449006366D111B2AD7EB {
   "objectGroup": "98d82561-8a49-43e5-8a07-19acf088c2c4"
}
[1762305284.481][INFO]: Waiting for pending navigations...
[1762305284.481][DEBUG]: DevTools WebSocket Command: Runtime.evaluate (id=84) (session_id=020896624AC3A50119819791F246C3B0) 0D5EDC095436449006366D111B2AD7EB {
   "expression": "1"
}
[1762305284.481][DEBUG]: DevTools WebSocket Response: Runtime.releaseObjectGroup (id=83) (session_id=020896624AC3A50119819791F246C3B0) 0D5EDC095436449006366D111B2AD7EB {
}
[1762305284.482][DEBUG]: DevTools WebSocket Response: Runtime.evaluate (id=84) (session_id=020896624AC3A50119819791F246C3B0) 0D5EDC095436449006366D111B2AD7EB {
   "result": {
      "description": "1",
      "type": "number",
      "value": 1
   }
}
[1762305284.482][INFO]: Done waiting for pending navigations. Status: ok
[1762305284.482][INFO]: [4c8a8d7329e980191e11d5349f9c329c] RESPONSE ClearElement
[1762305284.483][INFO]: [4c8a8d7329e980191e11d5349f9c329c] COMMAND GetElementProperty {
   "id": "f.0D5EDC095436449006366D111B2AD7EB.d.017A3C7A6DB955E281BA06348EE64563.e.2",
   "name": "value"
}
[1762305284.483][INFO]: Waiting for pending navigations...
[1762305284.483][DEBUG]: DevTools WebSocket Command: Runtime.evaluate (id=85) (session_id=020896624AC3A50119819791F246C3B0) 0D5EDC095436449006366D111B2AD7EB {
   "expression": "1"
}
[1762305284.483][DEBUG]: DevTools WebSocket Response: Runtime.evaluate (id=85) (session_id=020896624AC3A50119819791F246C3B0) 0D5EDC095436449006366D111B2AD7EB {
   "result": {
      "description": "1",
      "type": "number",
      "value": 1
   }
}
[1762305284.483][INFO]: Done waiting for pending navigations. Status: ok
[1762305284.483][DEBUG]: DevTools WebSocket Command: Page.getFrameTree (id=86) (session_id=020896624AC3A50119819791F246C3B0) 0D5EDC095436449006366D111B2AD7EB {
}
[1762305284.483][DEBUG]: DevTools WebSocket Response: Page.getFrameTree (id=86) (session_id=020896624AC3A50119819791F246C3B0) 0D5EDC095436449006366D111B2AD7EB {
   "frameTree": {
      "childFrames": [ {
         "frame": {
            "adFrameStatus": {
               "adFrameType": "none",
               "explanations": [  ]
            },
            "crossOriginIsolatedContextType": "NotIsolated",
            "domainAndRegistry": "",
            "gatedAPIFeatures": [  ],
            "id": "7C884AFF19772ED3553A15E2C3C15B2C",
            "loaderId": "24415C887EEE12ADD46BD66C1FB5664E",
            "mimeType": "text/html",
            "name": "__tcfapiLocator",
            "parentId": "0D5EDC095436449006366D111B2AD7EB",
            "secureContextType": "Secure",
            "securityOrigin": "://",
            "securityOriginDetails": {
               "isLocalhost": false
            },
            "url": "about:blank"
         }
      } ],
      "frame": {
         "adFrameStatus": {
            "adFrameType": "none"
         },
         "crossOriginIsolatedContextType": "NotIsolated",
         "domainAndRegistry": "ecosia.org",
         "gatedAPIFeatures": [  ],
         "id": "0D5EDC095436449006366D111B2AD7EB",
         "loaderId": "017A3C7A6DB955E281BA06348EE64563",
         "mimeType": "text/html",
         "secureContextType": "Secure",
         "securityOrigin": "https://www.ecosia.org",
         "securityOriginDetails": {
            "isLocalhost": false
         },
         "url": "https://www.ecosia.org/"
      }
   }
}
[1762305284.483][DEBUG]: DevTools WebSocket Command: DOM.resolveNode (id=87) (session_id=020896624AC3A50119819791F246C3B0) 0D5EDC095436449006366D111B2AD7EB {
   "backendNodeId": 2,
   "objectGroup": "2448353a-3080-428e-b1af-81c954aae83f"
}
[1762305284.483][DEBUG]: DevTools WebSocket Response: DOM.resolveNode (id=87) (session_id=020896624AC3A50119819791F246C3B0) 0D5EDC095436449006366D111B2AD7EB {
   "object": {
      "className": "HTMLInputElement",
      "description": "input.search-form__input",
      "objectId": "1465936456213613148.1.19",
      "subtype": "node",
      "type": "object"
   }
}
[1762305284.483][DEBUG]: DevTools WebSocket Command: Page.getFrameTree (id=88) (session_id=020896624AC3A50119819791F246C3B0) 0D5EDC095436449006366D111B2AD7EB {
}
[1762305284.484][DEBUG]: DevTools WebSocket Response: Page.getFrameTree (id=88) (session_id=020896624AC3A50119819791F246C3B0) 0D5EDC095436449006366D111B2AD7EB {
   "frameTree": {
      "childFrames": [ {
         "frame": {
            "adFrameStatus": {
               "adFrameType": "none",
               "explanations": [  ]
            },
            "crossOriginIsolatedContextType": "NotIsolated",
            "domainAndRegistry": "",
            "gatedAPIFeatures": [  ],
            "id": "7C884AFF19772ED3553A15E2C3C15B2C",
            "loaderId": "24415C887EEE12ADD46BD66C1FB5664E",
            "mimeType": "text/html",
            "name": "__tcfapiLocator",
            "parentId": "0D5EDC095436449006366D111B2AD7EB",
            "secureContextType": "Secure",
            "securityOrigin": "://",
            "securityOriginDetails": {
               "isLocalhost": false
            },
            "url": "about:blank"
         }
      } ],
      "frame": {
         "adFrameStatus": {
            "adFrameType": "none"
         },
         "crossOriginIsolatedContextType": "NotIsolated",
         "domainAndRegistry": "ecosia.org",
         "gatedAPIFeatures": [  ],
         "id": "0D5EDC095436449006366D111B2AD7EB",
         "loaderId": "017A3C7A6DB955E281BA06348EE64563",
         "mimeType": "text/html",
         "secureContextType": "Secure",
         "securityOrigin": "https://www.ecosia.org",
         "securityOriginDetails": {
            "isLocalhost": false
         },
         "url": "https://www.ecosia.org/"
      }
   }
}
[1762305284.484][DEBUG]: DevTools WebSocket Command: Runtime.callFunctionOn (id=89) (session_id=020896624AC3A50119819791F246C3B0) 0D5EDC095436449006366D111B2AD7EB {
   "arguments": [ {
      "objectId": "1465936456213613148.1.19"
   } ],
   "awaitPromise": true,
   "functionDeclaration": "function(){ return (function() { // Copyright 2012 The Chromium Authors\n// Use of this source code is governed by a BSD-style license that can be\n// found in the LICENSE file.\n\n/**\n * Enum for WebD...",
   "objectGroup": "2448353a-3080-428e-b1af-81c954aae83f",
   "serializationOptions": {
      "serialization": "deep"
   },
   "uniqueContextId": "1764549309517658738.-925398802202643774"
}
[1762305284.484][DEBUG]: DevTools WebSocket Response: Runtime.callFunctionOn (id=89) (session_id=020896624AC3A50119819791F246C3B0) 0D5EDC095436449006366D111B2AD7EB {
   "result": {
      "className": "Array",
      "deepSerializedValue": {
         "type": "array",
         "value": [ {
            "type": "string",
            "value": "{\"status\":0,\"value\":\"\"}"
         } ]
      },
      "description": "Array(1)",
      "objectId": "1465936456213613148.1.20",
      "subtype": "array",
      "type": "object"
   }
}
[1762305284.484][DEBUG]: DevTools WebSocket Command: Runtime.releaseObjectGroup (id=90) (session_id=020896624AC3A50119819791F246C3B0) 0D5EDC095436449006366D111B2AD7EB {
   "objectGroup": "2448353a-3080-428e-b1af-81c954aae83f"
}
[1762305284.484][INFO]: Waiting for pending navigations...
[1762305284.485][DEBUG]: DevTools WebSocket Command: Runtime.evaluate (id=91) (session_id=020896624AC3A50119819791F246C3B0) 0D5EDC095436449006366D111B2AD7EB {
   "expression": "1"
}
[1762305284.485][DEBUG]: DevTools WebSocket Response: Runtime.releaseObjectGroup (id=90) (session_id=020896624AC3A50119819791F246C3B0) 0D5EDC095436449006366D111B2AD7EB {
}
[1762305284.485][DEBUG]: DevTools WebSocket Response: Runtime.evaluate (id=91) (session_id=020896624AC3A50119819791F246C3B0) 0D5EDC095436449006366D111B2AD7EB {
   "result": {
      "description": "1",
      "type": "number",
      "value": 1
   }
}
[1762305284.485][INFO]: Done waiting for pending navigations. Status: ok
[1762305284.485][INFO]: [4c8a8d7329e980191e11d5349f9c329c] RESPONSE GetElementProperty ""
[1762305284.486][INFO]: [4c8a8d7329e980191e11d5349f9c329c] COMMAND TypeElement {
   "id": "f.0D5EDC095436449006366D111B2AD7EB.d.017A3C7A6DB955E281BA06348EE64563.e.2",
   "text": "nightwatch",
   "value": [ "n", "i", "g", "h", "t", "w", "a", "t", "c", "h" ]
}
[1762305284.486][INFO]: Waiting for pending navigations...
[1762305284.486][DEBUG]: DevTools WebSocket Command: Runtime.evaluate (id=92) (session_id=020896624AC3A50119819791F246C3B0) 0D5EDC095436449006366D111B2AD7EB {
   "expression": "1"
}
[1762305284.487][DEBUG]: DevTools WebSocket Response: Runtime.evaluate (id=92) (session_id=020896624AC3A50119819791F246C3B0) 0D5EDC095436449006366D111B2AD7EB {
   "result": {
      "description": "1",
      "type": "number",
      "value": 1
   }
}
[1762305284.487][INFO]: Done waiting for pending navigations. Status: ok
[1762305284.487][DEBUG]: DevTools WebSocket Command: Page.getFrameTree (id=93) (session_id=020896624AC3A50119819791F246C3B0) 0D5EDC095436449006366D111B2AD7EB {
}
[1762305284.487][DEBUG]: DevTools WebSocket Response: Page.getFrameTree (id=93) (session_id=020896624AC3A50119819791F246C3B0) 0D5EDC095436449006366D111B2AD7EB {
   "frameTree": {
      "childFrames": [ {
         "frame": {
            "adFrameStatus": {
               "adFrameType": "none",
               "explanations": [  ]
            },
            "crossOriginIsolatedContextType": "NotIsolated",
            "domainAndRegistry": "",
            "gatedAPIFeatures": [  ],
            "id": "7C884AFF19772ED3553A15E2C3C15B2C",
            "loaderId": "24415C887EEE12ADD46BD66C1FB5664E",
            "mimeType": "text/html",
            "name": "__tcfapiLocator",
            "parentId": "0D5EDC095436449006366D111B2AD7EB",
            "secureContextType": "Secure",
            "securityOrigin": "://",
            "securityOriginDetails": {
               "isLocalhost": false
            },
            "url": "about:blank"
         }
      } ],
      "frame": {
         "adFrameStatus": {
            "adFrameType": "none"
         },
         "crossOriginIsolatedContextType": "NotIsolated",
         "domainAndRegistry": "ecosia.org",
         "gatedAPIFeatures": [  ],
         "id": "0D5EDC095436449006366D111B2AD7EB",
         "loaderId": "017A3C7A6DB955E281BA06348EE64563",
         "mimeType": "text/html",
         "secureContextType": "Secure",
         "securityOrigin": "https://www.ecosia.org",
         "securityOriginDetails": {
            "isLocalhost": false
         },
         "url": "https://www.ecosia.org/"
      }
   }
}
[1762305284.487][DEBUG]: DevTools WebSocket Command: DOM.resolveNode (id=94) (session_id=020896624AC3A50119819791F246C3B0) 0D5EDC095436449006366D111B2AD7EB {
   "backendNodeId": 2,
   "objectGroup": "c7950b5a-ad8f-4c90-891b-f61d1e655a90"
}
[1762305284.487][DEBUG]: DevTools WebSocket Response: DOM.resolveNode (id=94) (session_id=020896624AC3A50119819791F246C3B0) 0D5EDC095436449006366D111B2AD7EB {
   "object": {
      "className": "HTMLInputElement",
      "description": "input.search-form__input",
      "objectId": "1465936456213613148.1.21",
      "subtype": "node",
      "type": "object"
   }
}
[1762305284.487][DEBUG]: DevTools WebSocket Command: Page.getFrameTree (id=95) (session_id=020896624AC3A50119819791F246C3B0) 0D5EDC095436449006366D111B2AD7EB {
}
[1762305284.487][DEBUG]: DevTools WebSocket Response: Page.getFrameTree (id=95) (session_id=020896624AC3A50119819791F246C3B0) 0D5EDC095436449006366D111B2AD7EB {
   "frameTree": {
      "childFrames": [ {
         "frame": {
            "adFrameStatus": {
               "adFrameType": "none",
               "explanations": [  ]
            },
            "crossOriginIsolatedContextType": "NotIsolated",
            "domainAndRegistry": "",
            "gatedAPIFeatures": [  ],
            "id": "7C884AFF19772ED3553A15E2C3C15B2C",
            "loaderId": "24415C887EEE12ADD46BD66C1FB5664E",
            "mimeType": "text/html",
            "name": "__tcfapiLocator",
            "parentId": "0D5EDC095436449006366D111B2AD7EB",
            "secureContextType": "Secure",
            "securityOrigin": "://",
            "securityOriginDetails": {
               "isLocalhost": false
            },
            "url": "about:blank"
         }
      } ],
      "frame": {
         "adFrameStatus": {
            "adFrameType": "none"
         },
         "crossOriginIsolatedContextType": "NotIsolated",
         "domainAndRegistry": "ecosia.org",
         "gatedAPIFeatures": [  ],
         "id": "0D5EDC095436449006366D111B2AD7EB",
         "loaderId": "017A3C7A6DB955E281BA06348EE64563",
         "mimeType": "text/html",
         "secureContextType": "Secure",
         "securityOrigin": "https://www.ecosia.org",
         "securityOriginDetails": {
            "isLocalhost": false
         },
         "url": "https://www.ecosia.org/"
      }
   }
}
[1762305284.488][DEBUG]: DevTools WebSocket Command: Runtime.callFunctionOn (id=96) (session_id=020896624AC3A50119819791F246C3B0) 0D5EDC095436449006366D111B2AD7EB {
   "arguments": [ {
      "objectId": "1465936456213613148.1.21"
   } ],
   "awaitPromise": true,
   "functionDeclaration": "function(){ return (function() { // Copyright 2012 The Chromium Authors\n// Use of this source code is governed by a BSD-style license that can be\n// found in the LICENSE file.\n\n/**\n * Enum for WebD...",
   "objectGroup": "c7950b5a-ad8f-4c90-891b-f61d1e655a90",
   "serializationOptions": {
      "serialization": "deep"
   },
   "uniqueContextId": "1764549309517658738.-925398802202643774"
}
[1762305284.491][DEBUG]: DevTools WebSocket Response: Runtime.callFunctionOn (id=96) (session_id=020896624AC3A50119819791F246C3B0) 0D5EDC095436449006366D111B2AD7EB {
   "result": {
      "className": "Array",
      "deepSerializedValue": {
         "type": "array",
         "value": [ {
            "type": "string",
            "value": "{\"status\":0,\"value\":\"INPUT\"}"
         } ]
      },
      "description": "Array(1)",
      "objectId": "1465936456213613148.1.22",
      "subtype": "array",
      "type": "object"
   }
}
[1762305284.491][DEBUG]: DevTools WebSocket Command: Runtime.releaseObjectGroup (id=97) (session_id=020896624AC3A50119819791F246C3B0) 0D5EDC095436449006366D111B2AD7EB {
   "objectGroup": "c7950b5a-ad8f-4c90-891b-f61d1e655a90"
}
[1762305284.491][DEBUG]: DevTools WebSocket Command: Page.getFrameTree (id=98) (session_id=020896624AC3A50119819791F246C3B0) 0D5EDC095436449006366D111B2AD7EB {
}
[1762305284.491][DEBUG]: DevTools WebSocket Response: Runtime.releaseObjectGroup (id=97) (session_id=020896624AC3A50119819791F246C3B0) 0D5EDC095436449006366D111B2AD7EB {
}
[1762305284.491][DEBUG]: DevTools WebSocket Response: Page.getFrameTree (id=98) (session_id=020896624AC3A50119819791F246C3B0) 0D5EDC095436449006366D111B2AD7EB {
   "frameTree": {
      "childFrames": [ {
         "frame": {
            "adFrameStatus": {
               "adFrameType": "none",
               "explanations": [  ]
            },
            "crossOriginIsolatedContextType": "NotIsolated",
            "domainAndRegistry": "",
            "gatedAPIFeatures": [  ],
            "id": "7C884AFF19772ED3553A15E2C3C15B2C",
            "loaderId": "24415C887EEE12ADD46BD66C1FB5664E",
            "mimeType": "text/html",
            "name": "__tcfapiLocator",
            "parentId": "0D5EDC095436449006366D111B2AD7EB",
            "secureContextType": "Secure",
            "securityOrigin": "://",
            "securityOriginDetails": {
               "isLocalhost": false
            },
            "url": "about:blank"
         }
      } ],
      "frame": {
         "adFrameStatus": {
            "adFrameType": "none"
         },
         "crossOriginIsolatedContextType": "NotIsolated",
         "domainAndRegistry": "ecosia.org",
         "gatedAPIFeatures": [  ],
         "id": "0D5EDC095436449006366D111B2AD7EB",
         "loaderId": "017A3C7A6DB955E281BA06348EE64563",
         "mimeType": "text/html",
         "secureContextType": "Secure",
         "securityOrigin": "https://www.ecosia.org",
         "securityOriginDetails": {
            "isLocalhost": false
         },
         "url": "https://www.ecosia.org/"
      }
   }
}
[1762305284.491][DEBUG]: DevTools WebSocket Command: DOM.resolveNode (id=99) (session_id=020896624AC3A50119819791F246C3B0) 0D5EDC095436449006366D111B2AD7EB {
   "backendNodeId": 2,
   "objectGroup": "781d30a1-451e-4d7d-86a4-122d7b44f819"
}
[1762305284.492][DEBUG]: DevTools WebSocket Response: DOM.resolveNode (id=99) (session_id=020896624AC3A50119819791F246C3B0) 0D5EDC095436449006366D111B2AD7EB {
   "object": {
      "className": "HTMLInputElement",
      "description": "input.search-form__input",
      "objectId": "1465936456213613148.1.23",
      "subtype": "node",
      "type": "object"
   }
}
[1762305284.492][DEBUG]: DevTools WebSocket Command: Page.getFrameTree (id=100) (session_id=020896624AC3A50119819791F246C3B0) 0D5EDC095436449006366D111B2AD7EB {
}
[1762305284.492][DEBUG]: DevTools WebSocket Response: Page.getFrameTree (id=100) (session_id=020896624AC3A50119819791F246C3B0) 0D5EDC095436449006366D111B2AD7EB {
   "frameTree": {
      "childFrames": [ {
         "frame": {
            "adFrameStatus": {
               "adFrameType": "none",
               "explanations": [  ]
            },
            "crossOriginIsolatedContextType": "NotIsolated",
            "domainAndRegistry": "",
            "gatedAPIFeatures": [  ],
            "id": "7C884AFF19772ED3553A15E2C3C15B2C",
            "loaderId": "24415C887EEE12ADD46BD66C1FB5664E",
            "mimeType": "text/html",
            "name": "__tcfapiLocator",
            "parentId": "0D5EDC095436449006366D111B2AD7EB",
            "secureContextType": "Secure",
            "securityOrigin": "://",
            "securityOriginDetails": {
               "isLocalhost": false
            },
            "url": "about:blank"
         }
      } ],
      "frame": {
         "adFrameStatus": {
            "adFrameType": "none"
         },
         "crossOriginIsolatedContextType": "NotIsolated",
         "domainAndRegistry": "ecosia.org",
         "gatedAPIFeatures": [  ],
         "id": "0D5EDC095436449006366D111B2AD7EB",
         "loaderId": "017A3C7A6DB955E281BA06348EE64563",
         "mimeType": "text/html",
         "secureContextType": "Secure",
         "securityOrigin": "https://www.ecosia.org",
         "securityOriginDetails": {
            "isLocalhost": false
         },
         "url": "https://www.ecosia.org/"
      }
   }
}
[1762305284.492][DEBUG]: DevTools WebSocket Command: Runtime.callFunctionOn (id=101) (session_id=020896624AC3A50119819791F246C3B0) 0D5EDC095436449006366D111B2AD7EB {
   "arguments": [ {
      "objectId": "1465936456213613148.1.23"
   } ],
   "awaitPromise": true,
   "functionDeclaration": "function(){ return (function() { // Copyright 2012 The Chromium Authors\n// Use of this source code is governed by a BSD-style license that can be\n// found in the LICENSE file.\n\n/**\n * Enum for WebD...",
   "objectGroup": "781d30a1-451e-4d7d-86a4-122d7b44f819",
   "serializationOptions": {
      "serialization": "deep"
   },
   "uniqueContextId": "1764549309517658738.-925398802202643774"
}
[1762305284.493][DEBUG]: DevTools WebSocket Response: Runtime.callFunctionOn (id=101) (session_id=020896624AC3A50119819791F246C3B0) 0D5EDC095436449006366D111B2AD7EB {
   "result": {
      "className": "Array",
      "deepSerializedValue": {
         "type": "array",
         "value": [ {
            "type": "string",
            "value": "{\"status\":0,\"value\":\"search\"}"
         } ]
      },
      "description": "Array(1)",
      "objectId": "1465936456213613148.1.24",
      "subtype": "array",
      "type": "object"
   }
}
[1762305284.493][DEBUG]: DevTools WebSocket Command: Runtime.releaseObjectGroup (id=102) (session_id=020896624AC3A50119819791F246C3B0) 0D5EDC095436449006366D111B2AD7EB {
   "objectGroup": "781d30a1-451e-4d7d-86a4-122d7b44f819"
}
[1762305284.493][DEBUG]: DevTools WebSocket Command: Page.getFrameTree (id=103) (session_id=020896624AC3A50119819791F246C3B0) 0D5EDC095436449006366D111B2AD7EB {
}
[1762305284.493][DEBUG]: DevTools WebSocket Response: Runtime.releaseObjectGroup (id=102) (session_id=020896624AC3A50119819791F246C3B0) 0D5EDC095436449006366D111B2AD7EB {
}
[1762305284.494][DEBUG]: DevTools WebSocket Response: Page.getFrameTree (id=103) (session_id=020896624AC3A50119819791F246C3B0) 0D5EDC095436449006366D111B2AD7EB {
   "frameTree": {
      "childFrames": [ {
         "frame": {
            "adFrameStatus": {
               "adFrameType": "none",
               "explanations": [  ]
            },
            "crossOriginIsolatedContextType": "NotIsolated",
            "domainAndRegistry": "",
            "gatedAPIFeatures": [  ],
            "id": "7C884AFF19772ED3553A15E2C3C15B2C",
            "loaderId": "24415C887EEE12ADD46BD66C1FB5664E",
            "mimeType": "text/html",
            "name": "__tcfapiLocator",
            "parentId": "0D5EDC095436449006366D111B2AD7EB",
            "secureContextType": "Secure",
            "securityOrigin": "://",
            "securityOriginDetails": {
               "isLocalhost": false
            },
            "url": "about:blank"
         }
      } ],
      "frame": {
         "adFrameStatus": {
            "adFrameType": "none"
         },
         "crossOriginIsolatedContextType": "NotIsolated",
         "domainAndRegistry": "ecosia.org",
         "gatedAPIFeatures": [  ],
         "id": "0D5EDC095436449006366D111B2AD7EB",
         "loaderId": "017A3C7A6DB955E281BA06348EE64563",
         "mimeType": "text/html",
         "secureContextType": "Secure",
         "securityOrigin": "https://www.ecosia.org",
         "securityOriginDetails": {
            "isLocalhost": false
         },
         "url": "https://www.ecosia.org/"
      }
   }
}
[1762305284.494][DEBUG]: DevTools WebSocket Command: DOM.resolveNode (id=104) (session_id=020896624AC3A50119819791F246C3B0) 0D5EDC095436449006366D111B2AD7EB {
   "backendNodeId": 2,
   "objectGroup": "2c948c44-80fe-4ee7-a09a-80682725e6b1"
}
[1762305284.494][DEBUG]: DevTools WebSocket Response: DOM.resolveNode (id=104) (session_id=020896624AC3A50119819791F246C3B0) 0D5EDC095436449006366D111B2AD7EB {
   "object": {
      "className": "HTMLInputElement",
      "description": "input.search-form__input",
      "objectId": "1465936456213613148.1.25",
      "subtype": "node",
      "type": "object"
   }
}
[1762305284.494][DEBUG]: DevTools WebSocket Command: Page.getFrameTree (id=105) (session_id=020896624AC3A50119819791F246C3B0) 0D5EDC095436449006366D111B2AD7EB {
}
[1762305284.494][DEBUG]: DevTools WebSocket Response: Page.getFrameTree (id=105) (session_id=020896624AC3A50119819791F246C3B0) 0D5EDC095436449006366D111B2AD7EB {
   "frameTree": {
      "childFrames": [ {
         "frame": {
            "adFrameStatus": {
               "adFrameType": "none",
               "explanations": [  ]
            },
            "crossOriginIsolatedContextType": "NotIsolated",
            "domainAndRegistry": "",
            "gatedAPIFeatures": [  ],
            "id": "7C884AFF19772ED3553A15E2C3C15B2C",
            "loaderId": "24415C887EEE12ADD46BD66C1FB5664E",
            "mimeType": "text/html",
            "name": "__tcfapiLocator",
            "parentId": "0D5EDC095436449006366D111B2AD7EB",
            "secureContextType": "Secure",
            "securityOrigin": "://",
            "securityOriginDetails": {
               "isLocalhost": false
            },
            "url": "about:blank"
         }
      } ],
      "frame": {
         "adFrameStatus": {
            "adFrameType": "none"
         },
         "crossOriginIsolatedContextType": "NotIsolated",
         "domainAndRegistry": "ecosia.org",
         "gatedAPIFeatures": [  ],
         "id": "0D5EDC095436449006366D111B2AD7EB",
         "loaderId": "017A3C7A6DB955E281BA06348EE64563",
         "mimeType": "text/html",
         "secureContextType": "Secure",
         "securityOrigin": "https://www.ecosia.org",
         "securityOriginDetails": {
            "isLocalhost": false
         },
         "url": "https://www.ecosia.org/"
      }
   }
}
[1762305284.494][DEBUG]: DevTools WebSocket Command: Runtime.callFunctionOn (id=106) (session_id=020896624AC3A50119819791F246C3B0) 0D5EDC095436449006366D111B2AD7EB {
   "arguments": [ {
      "objectId": "1465936456213613148.1.25"
   } ],
   "awaitPromise": true,
   "functionDeclaration": "function(){ return (function() { // Copyright 2012 The Chromium Authors\n// Use of this source code is governed by a BSD-style license that can be\n// found in the LICENSE file.\n\n/**\n * Enum for WebD...",
   "objectGroup": "2c948c44-80fe-4ee7-a09a-80682725e6b1",
   "serializationOptions": {
      "serialization": "deep"
   },
   "uniqueContextId": "1764549309517658738.-925398802202643774"
}
[1762305284.495][DEBUG]: DevTools WebSocket Response: Runtime.callFunctionOn (id=106) (session_id=020896624AC3A50119819791F246C3B0) 0D5EDC095436449006366D111B2AD7EB {
   "result": {
      "className": "Array",
      "deepSerializedValue": {
         "type": "array",
         "value": [ {
            "type": "string",
            "value": "{\"status\":0,\"value\":false}"
         } ]
      },
      "description": "Array(1)",
      "objectId": "1465936456213613148.1.26",
      "subtype": "array",
      "type": "object"
   }
}
[1762305284.495][DEBUG]: DevTools WebSocket Command: Runtime.releaseObjectGroup (id=107) (session_id=020896624AC3A50119819791F246C3B0) 0D5EDC095436449006366D111B2AD7EB {
   "objectGroup": "2c948c44-80fe-4ee7-a09a-80682725e6b1"
}
[1762305284.495][DEBUG]: DevTools WebSocket Command: Page.getFrameTree (id=108) (session_id=020896624AC3A50119819791F246C3B0) 0D5EDC095436449006366D111B2AD7EB {
}
[1762305284.495][DEBUG]: DevTools WebSocket Response: Runtime.releaseObjectGroup (id=107) (session_id=020896624AC3A50119819791F246C3B0) 0D5EDC095436449006366D111B2AD7EB {
}
[1762305284.495][DEBUG]: DevTools WebSocket Response: Page.getFrameTree (id=108) (session_id=020896624AC3A50119819791F246C3B0) 0D5EDC095436449006366D111B2AD7EB {
   "frameTree": {
      "childFrames": [ {
         "frame": {
            "adFrameStatus": {
               "adFrameType": "none",
               "explanations": [  ]
            },
            "crossOriginIsolatedContextType": "NotIsolated",
            "domainAndRegistry": "",
            "gatedAPIFeatures": [  ],
            "id": "7C884AFF19772ED3553A15E2C3C15B2C",
            "loaderId": "24415C887EEE12ADD46BD66C1FB5664E",
            "mimeType": "text/html",
            "name": "__tcfapiLocator",
            "parentId": "0D5EDC095436449006366D111B2AD7EB",
            "secureContextType": "Secure",
            "securityOrigin": "://",
            "securityOriginDetails": {
               "isLocalhost": false
            },
            "url": "about:blank"
         }
      } ],
      "frame": {
         "adFrameStatus": {
            "adFrameType": "none"
         },
         "crossOriginIsolatedContextType": "NotIsolated",
         "domainAndRegistry": "ecosia.org",
         "gatedAPIFeatures": [  ],
         "id": "0D5EDC095436449006366D111B2AD7EB",
         "loaderId": "017A3C7A6DB955E281BA06348EE64563",
         "mimeType": "text/html",
         "secureContextType": "Secure",
         "securityOrigin": "https://www.ecosia.org",
         "securityOriginDetails": {
            "isLocalhost": false
         },
         "url": "https://www.ecosia.org/"
      }
   }
}
[1762305284.495][DEBUG]: DevTools WebSocket Command: DOM.resolveNode (id=109) (session_id=020896624AC3A50119819791F246C3B0) 0D5EDC095436449006366D111B2AD7EB {
   "backendNodeId": 2,
   "objectGroup": "9b2894a9-ea6c-4668-8c88-25afae50af0d"
}
[1762305284.495][DEBUG]: DevTools WebSocket Response: DOM.resolveNode (id=109) (session_id=020896624AC3A50119819791F246C3B0) 0D5EDC095436449006366D111B2AD7EB {
   "object": {
      "className": "HTMLInputElement",
      "description": "input.search-form__input",
      "objectId": "1465936456213613148.1.27",
      "subtype": "node",
      "type": "object"
   }
}
[1762305284.495][DEBUG]: DevTools WebSocket Command: Page.getFrameTree (id=110) (session_id=020896624AC3A50119819791F246C3B0) 0D5EDC095436449006366D111B2AD7EB {
}
[1762305284.495][DEBUG]: DevTools WebSocket Response: Page.getFrameTree (id=110) (session_id=020896624AC3A50119819791F246C3B0) 0D5EDC095436449006366D111B2AD7EB {
   "frameTree": {
      "childFrames": [ {
         "frame": {
            "adFrameStatus": {
               "adFrameType": "none",
               "explanations": [  ]
            },
            "crossOriginIsolatedContextType": "NotIsolated",
            "domainAndRegistry": "",
            "gatedAPIFeatures": [  ],
            "id": "7C884AFF19772ED3553A15E2C3C15B2C",
            "loaderId": "24415C887EEE12ADD46BD66C1FB5664E",
            "mimeType": "text/html",
            "name": "__tcfapiLocator",
            "parentId": "0D5EDC095436449006366D111B2AD7EB",
            "secureContextType": "Secure",
            "securityOrigin": "://",
            "securityOriginDetails": {
               "isLocalhost": false
            },
            "url": "about:blank"
         }
      } ],
      "frame": {
         "adFrameStatus": {
            "adFrameType": "none"
         },
         "crossOriginIsolatedContextType": "NotIsolated",
         "domainAndRegistry": "ecosia.org",
         "gatedAPIFeatures": [  ],
         "id": "0D5EDC095436449006366D111B2AD7EB",
         "loaderId": "017A3C7A6DB955E281BA06348EE64563",
         "mimeType": "text/html",
         "secureContextType": "Secure",
         "securityOrigin": "https://www.ecosia.org",
         "securityOriginDetails": {
            "isLocalhost": false
         },
         "url": "https://www.ecosia.org/"
      }
   }
}
[1762305284.496][DEBUG]: DevTools WebSocket Command: Runtime.callFunctionOn (id=111) (session_id=020896624AC3A50119819791F246C3B0) 0D5EDC095436449006366D111B2AD7EB {
   "arguments": [ {
      "objectId": "1465936456213613148.1.27"
   } ],
   "awaitPromise": true,
   "functionDeclaration": "function(){ return (function() { // Copyright 2012 The Chromium Authors\n// Use of this source code is governed by a BSD-style license that can be\n// found in the LICENSE file.\n\n/**\n * Enum for WebD...",
   "objectGroup": "9b2894a9-ea6c-4668-8c88-25afae50af0d",
   "serializationOptions": {
      "serialization": "deep"
   },
   "uniqueContextId": "1764549309517658738.-925398802202643774"
}
[1762305284.497][DEBUG]: DevTools WebSocket Response: Runtime.callFunctionOn (id=111) (session_id=020896624AC3A50119819791F246C3B0) 0D5EDC095436449006366D111B2AD7EB {
   "result": {
      "className": "Array",
      "deepSerializedValue": {
         "type": "array",
         "value": [ {
            "type": "string",
            "value": "{\"status\":0,\"value\":\"INPUT\"}"
         } ]
      },
      "description": "Array(1)",
      "objectId": "1465936456213613148.1.28",
      "subtype": "array",
      "type": "object"
   }
}
[1762305284.497][DEBUG]: DevTools WebSocket Command: Runtime.releaseObjectGroup (id=112) (session_id=020896624AC3A50119819791F246C3B0) 0D5EDC095436449006366D111B2AD7EB {
   "objectGroup": "9b2894a9-ea6c-4668-8c88-25afae50af0d"
}
[1762305284.497][DEBUG]: DevTools WebSocket Command: Runtime.evaluate (id=113) (session_id=020896624AC3A50119819791F246C3B0) 0D5EDC095436449006366D111B2AD7EB {
   "awaitPromise": false,
   "expression": "document.hasFocus()",
   "returnByValue": true
}
[1762305284.497][DEBUG]: DevTools WebSocket Response: Runtime.releaseObjectGroup (id=112) (session_id=020896624AC3A50119819791F246C3B0) 0D5EDC095436449006366D111B2AD7EB {
}
[1762305284.497][DEBUG]: DevTools WebSocket Response: Runtime.evaluate (id=113) (session_id=020896624AC3A50119819791F246C3B0) 0D5EDC095436449006366D111B2AD7EB {
   "result": {
      "type": "boolean",
      "value": true
   }
}
[1762305284.497][DEBUG]: DevTools WebSocket Command: Page.getFrameTree (id=114) (session_id=020896624AC3A50119819791F246C3B0) 0D5EDC095436449006366D111B2AD7EB {
}
[1762305284.497][DEBUG]: DevTools WebSocket Response: Page.getFrameTree (id=114) (session_id=020896624AC3A50119819791F246C3B0) 0D5EDC095436449006366D111B2AD7EB {
   "frameTree": {
      "childFrames": [ {
         "frame": {
            "adFrameStatus": {
               "adFrameType": "none",
               "explanations": [  ]
            },
            "crossOriginIsolatedContextType": "NotIsolated",
            "domainAndRegistry": "",
            "gatedAPIFeatures": [  ],
            "id": "7C884AFF19772ED3553A15E2C3C15B2C",
            "loaderId": "24415C887EEE12ADD46BD66C1FB5664E",
            "mimeType": "text/html",
            "name": "__tcfapiLocator",
            "parentId": "0D5EDC095436449006366D111B2AD7EB",
            "secureContextType": "Secure",
            "securityOrigin": "://",
            "securityOriginDetails": {
               "isLocalhost": false
            },
            "url": "about:blank"
         }
      } ],
      "frame": {
         "adFrameStatus": {
            "adFrameType": "none"
         },
         "crossOriginIsolatedContextType": "NotIsolated",
         "domainAndRegistry": "ecosia.org",
         "gatedAPIFeatures": [  ],
         "id": "0D5EDC095436449006366D111B2AD7EB",
         "loaderId": "017A3C7A6DB955E281BA06348EE64563",
         "mimeType": "text/html",
         "secureContextType": "Secure",
         "securityOrigin": "https://www.ecosia.org",
         "securityOriginDetails": {
            "isLocalhost": false
         },
         "url": "https://www.ecosia.org/"
      }
   }
}
[1762305284.497][DEBUG]: DevTools WebSocket Command: Page.getFrameTree (id=115) (session_id=020896624AC3A50119819791F246C3B0) 0D5EDC095436449006366D111B2AD7EB {
}
[1762305284.497][DEBUG]: DevTools WebSocket Response: Page.getFrameTree (id=115) (session_id=020896624AC3A50119819791F246C3B0) 0D5EDC095436449006366D111B2AD7EB {
   "frameTree": {
      "childFrames": [ {
         "frame": {
            "adFrameStatus": {
               "adFrameType": "none",
               "explanations": [  ]
            },
            "crossOriginIsolatedContextType": "NotIsolated",
            "domainAndRegistry": "",
            "gatedAPIFeatures": [  ],
            "id": "7C884AFF19772ED3553A15E2C3C15B2C",
            "loaderId": "24415C887EEE12ADD46BD66C1FB5664E",
            "mimeType": "text/html",
            "name": "__tcfapiLocator",
            "parentId": "0D5EDC095436449006366D111B2AD7EB",
            "secureContextType": "Secure",
            "securityOrigin": "://",
            "securityOriginDetails": {
               "isLocalhost": false
            },
            "url": "about:blank"
         }
      } ],
      "frame": {
         "adFrameStatus": {
            "adFrameType": "none"
         },
         "crossOriginIsolatedContextType": "NotIsolated",
         "domainAndRegistry": "ecosia.org",
         "gatedAPIFeatures": [  ],
         "id": "0D5EDC095436449006366D111B2AD7EB",
         "loaderId": "017A3C7A6DB955E281BA06348EE64563",
         "mimeType": "text/html",
         "secureContextType": "Secure",
         "securityOrigin": "https://www.ecosia.org",
         "securityOriginDetails": {
            "isLocalhost": false
         },
         "url": "https://www.ecosia.org/"
      }
   }
}
[1762305284.498][DEBUG]: DevTools WebSocket Command: Runtime.callFunctionOn (id=116) (session_id=020896624AC3A50119819791F246C3B0) 0D5EDC095436449006366D111B2AD7EB {
   "arguments": [  ],
   "awaitPromise": true,
   "functionDeclaration": "function(){ return (function() { // Copyright 2012 The Chromium Authors\n// Use of this source code is governed by a BSD-style license that can be\n// found in the LICENSE file.\n\n/**\n * Enum for WebD...",
   "serializationOptions": {
      "serialization": "deep"
   },
   "uniqueContextId": "1764549309517658738.-925398802202643774"
}
[1762305284.499][DEBUG]: DevTools WebSocket Response: Runtime.callFunctionOn (id=116) (session_id=020896624AC3A50119819791F246C3B0) 0D5EDC095436449006366D111B2AD7EB {
   "result": {
      "className": "Array",
      "deepSerializedValue": {
         "type": "array",
         "value": [ {
            "type": "string",
            "value": "{\"status\":0,\"value\":{\"element-6066-11e4-a52e-4f735466cecf\":0}}"
         }, {
            "type": "node",
            "value": {
               "attributes": {
               },
               "backendNodeId": 32,
               "childNodeCount": 20,
               "loaderId": "017A3C7A6DB955E281BA06348EE64563",
               "localName": "body",
               "namespaceURI": "http://www.w3.org/1999/xhtml",
               "nodeType": 1,
               "shadowRoot": null
            }
         } ]
      },
      "description": "Array(2)",
      "objectId": "1465936456213613148.1.29",
      "subtype": "array",
      "type": "object"
   }
}
[1762305284.499][DEBUG]: DevTools WebSocket Command: Page.getFrameTree (id=117) (session_id=020896624AC3A50119819791F246C3B0) 0D5EDC095436449006366D111B2AD7EB {
}
[1762305284.499][DEBUG]: DevTools WebSocket Response: Page.getFrameTree (id=117) (session_id=020896624AC3A50119819791F246C3B0) 0D5EDC095436449006366D111B2AD7EB {
   "frameTree": {
      "childFrames": [ {
         "frame": {
            "adFrameStatus": {
               "adFrameType": "none",
               "explanations": [  ]
            },
            "crossOriginIsolatedContextType": "NotIsolated",
            "domainAndRegistry": "",
            "gatedAPIFeatures": [  ],
            "id": "7C884AFF19772ED3553A15E2C3C15B2C",
            "loaderId": "24415C887EEE12ADD46BD66C1FB5664E",
            "mimeType": "text/html",
            "name": "__tcfapiLocator",
            "parentId": "0D5EDC095436449006366D111B2AD7EB",
            "secureContextType": "Secure",
            "securityOrigin": "://",
            "securityOriginDetails": {
               "isLocalhost": false
            },
            "url": "about:blank"
         }
      } ],
      "frame": {
         "adFrameStatus": {
            "adFrameType": "none"
         },
         "crossOriginIsolatedContextType": "NotIsolated",
         "domainAndRegistry": "ecosia.org",
         "gatedAPIFeatures": [  ],
         "id": "0D5EDC095436449006366D111B2AD7EB",
         "loaderId": "017A3C7A6DB955E281BA06348EE64563",
         "mimeType": "text/html",
         "secureContextType": "Secure",
         "securityOrigin": "https://www.ecosia.org",
         "securityOriginDetails": {
            "isLocalhost": false
         },
         "url": "https://www.ecosia.org/"
      }
   }
}
[1762305284.499][DEBUG]: DevTools WebSocket Command: DOM.resolveNode (id=118) (session_id=020896624AC3A50119819791F246C3B0) 0D5EDC095436449006366D111B2AD7EB {
   "backendNodeId": 2,
   "objectGroup": "4e11ae68-bf65-48c7-8b4c-4168c145bfb4"
}
[1762305284.499][DEBUG]: DevTools WebSocket Response: DOM.resolveNode (id=118) (session_id=020896624AC3A50119819791F246C3B0) 0D5EDC095436449006366D111B2AD7EB {
   "object": {
      "className": "HTMLInputElement",
      "description": "input.search-form__input",
      "objectId": "1465936456213613148.1.30",
      "subtype": "node",
      "type": "object"
   }
}
[1762305284.499][DEBUG]: DevTools WebSocket Command: Page.getFrameTree (id=119) (session_id=020896624AC3A50119819791F246C3B0) 0D5EDC095436449006366D111B2AD7EB {
}
[1762305284.499][DEBUG]: DevTools WebSocket Response: Page.getFrameTree (id=119) (session_id=020896624AC3A50119819791F246C3B0) 0D5EDC095436449006366D111B2AD7EB {
   "frameTree": {
      "childFrames": [ {
         "frame": {
            "adFrameStatus": {
               "adFrameType": "none",
               "explanations": [  ]
            },
            "crossOriginIsolatedContextType": "NotIsolated",
            "domainAndRegistry": "",
            "gatedAPIFeatures": [  ],
            "id": "7C884AFF19772ED3553A15E2C3C15B2C",
            "loaderId": "24415C887EEE12ADD46BD66C1FB5664E",
            "mimeType": "text/html",
            "name": "__tcfapiLocator",
            "parentId": "0D5EDC095436449006366D111B2AD7EB",
            "secureContextType": "Secure",
            "securityOrigin": "://",
            "securityOriginDetails": {
               "isLocalhost": false
            },
            "url": "about:blank"
         }
      } ],
      "frame": {
         "adFrameStatus": {
            "adFrameType": "none"
         },
         "crossOriginIsolatedContextType": "NotIsolated",
         "domainAndRegistry": "ecosia.org",
         "gatedAPIFeatures": [  ],
         "id": "0D5EDC095436449006366D111B2AD7EB",
         "loaderId": "017A3C7A6DB955E281BA06348EE64563",
         "mimeType": "text/html",
         "secureContextType": "Secure",
         "securityOrigin": "https://www.ecosia.org",
         "securityOriginDetails": {
            "isLocalhost": false
         },
         "url": "https://www.ecosia.org/"
      }
   }
}
[1762305284.500][DEBUG]: DevTools WebSocket Command: Runtime.callFunctionOn (id=120) (session_id=020896624AC3A50119819791F246C3B0) 0D5EDC095436449006366D111B2AD7EB {
   "arguments": [ {
      "objectId": "1465936456213613148.1.30"
   } ],
   "awaitPromise": true,
   "functionDeclaration": "function(){ return (function() { // Copyright 2012 The Chromium Authors\n// Use of this source code is governed by a BSD-style license that can be\n// found in the LICENSE file.\n\n/**\n * Enum for WebD...",
   "objectGroup": "4e11ae68-bf65-48c7-8b4c-4168c145bfb4",
   "serializationOptions": {
      "serialization": "deep"
   },
   "uniqueContextId": "1764549309517658738.-925398802202643774"
}
[1762305284.501][DEBUG]: DevTools WebSocket Response: Runtime.callFunctionOn (id=120) (session_id=020896624AC3A50119819791F246C3B0) 0D5EDC095436449006366D111B2AD7EB {
   "result": {
      "className": "Array",
      "deepSerializedValue": {
         "type": "array",
         "value": [ {
            "type": "string",
            "value": "{\"status\":0,\"value\":true}"
         } ]
      },
      "description": "Array(1)",
      "objectId": "1465936456213613148.1.31",
      "subtype": "array",
      "type": "object"
   }
}
[1762305284.501][DEBUG]: DevTools WebSocket Command: Runtime.releaseObjectGroup (id=121) (session_id=020896624AC3A50119819791F246C3B0) 0D5EDC095436449006366D111B2AD7EB {
   "objectGroup": "4e11ae68-bf65-48c7-8b4c-4168c145bfb4"
}
[1762305284.502][DEBUG]: DevTools WebSocket Command: Page.getFrameTree (id=122) (session_id=020896624AC3A50119819791F246C3B0) 0D5EDC095436449006366D111B2AD7EB {
}
[1762305284.502][DEBUG]: DevTools WebSocket Response: Runtime.releaseObjectGroup (id=121) (session_id=020896624AC3A50119819791F246C3B0) 0D5EDC095436449006366D111B2AD7EB {
}
[1762305284.502][DEBUG]: DevTools WebSocket Response: Page.getFrameTree (id=122) (session_id=020896624AC3A50119819791F246C3B0) 0D5EDC095436449006366D111B2AD7EB {
   "frameTree": {
      "childFrames": [ {
         "frame": {
            "adFrameStatus": {
               "adFrameType": "none",
               "explanations": [  ]
            },
            "crossOriginIsolatedContextType": "NotIsolated",
            "domainAndRegistry": "",
            "gatedAPIFeatures": [  ],
            "id": "7C884AFF19772ED3553A15E2C3C15B2C",
            "loaderId": "24415C887EEE12ADD46BD66C1FB5664E",
            "mimeType": "text/html",
            "name": "__tcfapiLocator",
            "parentId": "0D5EDC095436449006366D111B2AD7EB",
            "secureContextType": "Secure",
            "securityOrigin": "://",
            "securityOriginDetails": {
               "isLocalhost": false
            },
            "url": "about:blank"
         }
      } ],
      "frame": {
         "adFrameStatus": {
            "adFrameType": "none"
         },
         "crossOriginIsolatedContextType": "NotIsolated",
         "domainAndRegistry": "ecosia.org",
         "gatedAPIFeatures": [  ],
         "id": "0D5EDC095436449006366D111B2AD7EB",
         "loaderId": "017A3C7A6DB955E281BA06348EE64563",
         "mimeType": "text/html",
         "secureContextType": "Secure",
         "securityOrigin": "https://www.ecosia.org",
         "securityOriginDetails": {
            "isLocalhost": false
         },
         "url": "https://www.ecosia.org/"
      }
   }
}
[1762305284.502][DEBUG]: DevTools WebSocket Command: DOM.resolveNode (id=123) (session_id=020896624AC3A50119819791F246C3B0) 0D5EDC095436449006366D111B2AD7EB {
   "backendNodeId": 2,
   "objectGroup": "3e4ba354-fe57-4a95-b5b5-c6f458237890"
}
[1762305284.502][DEBUG]: DevTools WebSocket Response: DOM.resolveNode (id=123) (session_id=020896624AC3A50119819791F246C3B0) 0D5EDC095436449006366D111B2AD7EB {
   "object": {
      "className": "HTMLInputElement",
      "description": "input.search-form__input",
      "objectId": "1465936456213613148.1.32",
      "subtype": "node",
      "type": "object"
   }
}
[1762305284.502][DEBUG]: DevTools WebSocket Command: Page.getFrameTree (id=124) (session_id=020896624AC3A50119819791F246C3B0) 0D5EDC095436449006366D111B2AD7EB {
}
[1762305284.502][DEBUG]: DevTools WebSocket Response: Page.getFrameTree (id=124) (session_id=020896624AC3A50119819791F246C3B0) 0D5EDC095436449006366D111B2AD7EB {
   "frameTree": {
      "childFrames": [ {
         "frame": {
            "adFrameStatus": {
               "adFrameType": "none",
               "explanations": [  ]
            },
            "crossOriginIsolatedContextType": "NotIsolated",
            "domainAndRegistry": "",
            "gatedAPIFeatures": [  ],
            "id": "7C884AFF19772ED3553A15E2C3C15B2C",
            "loaderId": "24415C887EEE12ADD46BD66C1FB5664E",
            "mimeType": "text/html",
            "name": "__tcfapiLocator",
            "parentId": "0D5EDC095436449006366D111B2AD7EB",
            "secureContextType": "Secure",
            "securityOrigin": "://",
            "securityOriginDetails": {
               "isLocalhost": false
            },
            "url": "about:blank"
         }
      } ],
      "frame": {
         "adFrameStatus": {
            "adFrameType": "none"
         },
         "crossOriginIsolatedContextType": "NotIsolated",
         "domainAndRegistry": "ecosia.org",
         "gatedAPIFeatures": [  ],
         "id": "0D5EDC095436449006366D111B2AD7EB",
         "loaderId": "017A3C7A6DB955E281BA06348EE64563",
         "mimeType": "text/html",
         "secureContextType": "Secure",
         "securityOrigin": "https://www.ecosia.org",
         "securityOriginDetails": {
            "isLocalhost": false
         },
         "url": "https://www.ecosia.org/"
      }
   }
}
[1762305284.502][DEBUG]: DevTools WebSocket Command: Runtime.callFunctionOn (id=125) (session_id=020896624AC3A50119819791F246C3B0) 0D5EDC095436449006366D111B2AD7EB {
   "arguments": [ {
      "objectId": "1465936456213613148.1.32"
   } ],
   "awaitPromise": true,
   "functionDeclaration": "function(){ return (function() { // Copyright 2012 The Chromium Authors\n// Use of this source code is governed by a BSD-style license that can be\n// found in the LICENSE file.\n\n/**\n * Enum for WebD...",
   "objectGroup": "3e4ba354-fe57-4a95-b5b5-c6f458237890",
   "serializationOptions": {
      "serialization": "deep"
   },
   "uniqueContextId": "1764549309517658738.-925398802202643774"
}
[1762305284.505][DEBUG]: DevTools WebSocket Response: Runtime.callFunctionOn (id=125) (session_id=020896624AC3A50119819791F246C3B0) 0D5EDC095436449006366D111B2AD7EB {
   "result": {
      "className": "Array",
      "deepSerializedValue": {
         "type": "array",
         "value": [ {
            "type": "string",
            "value": "{\"status\":0,\"value\":true}"
         } ]
      },
      "description": "Array(1)",
      "objectId": "1465936456213613148.1.33",
      "subtype": "array",
      "type": "object"
   }
}
[1762305284.505][DEBUG]: DevTools WebSocket Command: Runtime.releaseObjectGroup (id=126) (session_id=020896624AC3A50119819791F246C3B0) 0D5EDC095436449006366D111B2AD7EB {
   "objectGroup": "3e4ba354-fe57-4a95-b5b5-c6f458237890"
}
[1762305284.505][DEBUG]: DevTools WebSocket Command: Page.getFrameTree (id=127) (session_id=020896624AC3A50119819791F246C3B0) 0D5EDC095436449006366D111B2AD7EB {
}
[1762305284.505][DEBUG]: DevTools WebSocket Response: Runtime.releaseObjectGroup (id=126) (session_id=020896624AC3A50119819791F246C3B0) 0D5EDC095436449006366D111B2AD7EB {
}
[1762305284.505][DEBUG]: DevTools WebSocket Response: Page.getFrameTree (id=127) (session_id=020896624AC3A50119819791F246C3B0) 0D5EDC095436449006366D111B2AD7EB {
   "frameTree": {
      "childFrames": [ {
         "frame": {
            "adFrameStatus": {
               "adFrameType": "none",
               "explanations": [  ]
            },
            "crossOriginIsolatedContextType": "NotIsolated",
            "domainAndRegistry": "",
            "gatedAPIFeatures": [  ],
            "id": "7C884AFF19772ED3553A15E2C3C15B2C",
            "loaderId": "24415C887EEE12ADD46BD66C1FB5664E",
            "mimeType": "text/html",
            "name": "__tcfapiLocator",
            "parentId": "0D5EDC095436449006366D111B2AD7EB",
            "secureContextType": "Secure",
            "securityOrigin": "://",
            "securityOriginDetails": {
               "isLocalhost": false
            },
            "url": "about:blank"
         }
      } ],
      "frame": {
         "adFrameStatus": {
            "adFrameType": "none"
         },
         "crossOriginIsolatedContextType": "NotIsolated",
         "domainAndRegistry": "ecosia.org",
         "gatedAPIFeatures": [  ],
         "id": "0D5EDC095436449006366D111B2AD7EB",
         "loaderId": "017A3C7A6DB955E281BA06348EE64563",
         "mimeType": "text/html",
         "secureContextType": "Secure",
         "securityOrigin": "https://www.ecosia.org",
         "securityOriginDetails": {
            "isLocalhost": false
         },
         "url": "https://www.ecosia.org/"
      }
   }
}
[1762305284.505][DEBUG]: DevTools WebSocket Command: DOM.resolveNode (id=128) (session_id=020896624AC3A50119819791F246C3B0) 0D5EDC095436449006366D111B2AD7EB {
   "backendNodeId": 2,
   "objectGroup": "8d14b9c9-172a-4156-bacc-3bc6894e6d5c"
}
[1762305284.505][DEBUG]: DevTools WebSocket Response: DOM.resolveNode (id=128) (session_id=020896624AC3A50119819791F246C3B0) 0D5EDC095436449006366D111B2AD7EB {
   "object": {
      "className": "HTMLInputElement",
      "description": "input.search-form__input",
      "objectId": "1465936456213613148.1.34",
      "subtype": "node",
      "type": "object"
   }
}
[1762305284.505][DEBUG]: DevTools WebSocket Command: Page.getFrameTree (id=129) (session_id=020896624AC3A50119819791F246C3B0) 0D5EDC095436449006366D111B2AD7EB {
}
[1762305284.506][DEBUG]: DevTools WebSocket Response: Page.getFrameTree (id=129) (session_id=020896624AC3A50119819791F246C3B0) 0D5EDC095436449006366D111B2AD7EB {
   "frameTree": {
      "childFrames": [ {
         "frame": {
            "adFrameStatus": {
               "adFrameType": "none",
               "explanations": [  ]
            },
            "crossOriginIsolatedContextType": "NotIsolated",
            "domainAndRegistry": "",
            "gatedAPIFeatures": [  ],
            "id": "7C884AFF19772ED3553A15E2C3C15B2C",
            "loaderId": "24415C887EEE12ADD46BD66C1FB5664E",
            "mimeType": "text/html",
            "name": "__tcfapiLocator",
            "parentId": "0D5EDC095436449006366D111B2AD7EB",
            "secureContextType": "Secure",
            "securityOrigin": "://",
            "securityOriginDetails": {
               "isLocalhost": false
            },
            "url": "about:blank"
         }
      } ],
      "frame": {
         "adFrameStatus": {
            "adFrameType": "none"
         },
         "crossOriginIsolatedContextType": "NotIsolated",
         "domainAndRegistry": "ecosia.org",
         "gatedAPIFeatures": [  ],
         "id": "0D5EDC095436449006366D111B2AD7EB",
         "loaderId": "017A3C7A6DB955E281BA06348EE64563",
         "mimeType": "text/html",
         "secureContextType": "Secure",
         "securityOrigin": "https://www.ecosia.org",
         "securityOriginDetails": {
            "isLocalhost": false
         },
         "url": "https://www.ecosia.org/"
      }
   }
}
[1762305284.506][DEBUG]: DevTools WebSocket Command: Runtime.callFunctionOn (id=130) (session_id=020896624AC3A50119819791F246C3B0) 0D5EDC095436449006366D111B2AD7EB {
   "arguments": [ {
      "objectId": "1465936456213613148.1.34"
   } ],
   "awaitPromise": true,
   "functionDeclaration": "function(){ return (function() { // Copyright 2012 The Chromium Authors\n// Use of this source code is governed by a BSD-style license that can be\n// found in the LICENSE file.\n\n/**\n * Enum for WebD...",
   "objectGroup": "8d14b9c9-172a-4156-bacc-3bc6894e6d5c",
   "serializationOptions": {
      "serialization": "deep"
   },
   "uniqueContextId": "1764549309517658738.-925398802202643774"
}
[1762305284.509][DEBUG]: DevTools WebSocket Response: Runtime.callFunctionOn (id=130) (session_id=020896624AC3A50119819791F246C3B0) 0D5EDC095436449006366D111B2AD7EB {
   "result": {
      "className": "Array",
      "deepSerializedValue": {
         "type": "array",
         "value": [ {
            "type": "string",
            "value": "{\"status\":0,\"value\":null}"
         } ]
      },
      "description": "Array(1)",
      "objectId": "1465936456213613148.1.35",
      "subtype": "array",
      "type": "object"
   }
}
[1762305284.509][DEBUG]: DevTools WebSocket Command: Runtime.releaseObjectGroup (id=131) (session_id=020896624AC3A50119819791F246C3B0) 0D5EDC095436449006366D111B2AD7EB {
   "objectGroup": "8d14b9c9-172a-4156-bacc-3bc6894e6d5c"
}
[1762305284.509][DEBUG]: DevTools WebSocket Command: Page.getFrameTree (id=132) (session_id=020896624AC3A50119819791F246C3B0) 0D5EDC095436449006366D111B2AD7EB {
}
[1762305284.510][DEBUG]: DevTools WebSocket Response: Runtime.releaseObjectGroup (id=131) (session_id=020896624AC3A50119819791F246C3B0) 0D5EDC095436449006366D111B2AD7EB {
}
[1762305284.510][DEBUG]: DevTools WebSocket Response: Page.getFrameTree (id=132) (session_id=020896624AC3A50119819791F246C3B0) 0D5EDC095436449006366D111B2AD7EB {
   "frameTree": {
      "childFrames": [ {
         "frame": {
            "adFrameStatus": {
               "adFrameType": "none",
               "explanations": [  ]
            },
            "crossOriginIsolatedContextType": "NotIsolated",
            "domainAndRegistry": "",
            "gatedAPIFeatures": [  ],
            "id": "7C884AFF19772ED3553A15E2C3C15B2C",
            "loaderId": "24415C887EEE12ADD46BD66C1FB5664E",
            "mimeType": "text/html",
            "name": "__tcfapiLocator",
            "parentId": "0D5EDC095436449006366D111B2AD7EB",
            "secureContextType": "Secure",
            "securityOrigin": "://",
            "securityOriginDetails": {
               "isLocalhost": false
            },
            "url": "about:blank"
         }
      } ],
      "frame": {
         "adFrameStatus": {
            "adFrameType": "none"
         },
         "crossOriginIsolatedContextType": "NotIsolated",
         "domainAndRegistry": "ecosia.org",
         "gatedAPIFeatures": [  ],
         "id": "0D5EDC095436449006366D111B2AD7EB",
         "loaderId": "017A3C7A6DB955E281BA06348EE64563",
         "mimeType": "text/html",
         "secureContextType": "Secure",
         "securityOrigin": "https://www.ecosia.org",
         "securityOriginDetails": {
            "isLocalhost": false
         },
         "url": "https://www.ecosia.org/"
      }
   }
}
[1762305284.510][DEBUG]: DevTools WebSocket Command: DOM.resolveNode (id=133) (session_id=020896624AC3A50119819791F246C3B0) 0D5EDC095436449006366D111B2AD7EB {
   "backendNodeId": 2,
   "objectGroup": "cf812a78-e432-4e97-af1a-01379c8258e7"
}
[1762305284.510][DEBUG]: DevTools WebSocket Response: DOM.resolveNode (id=133) (session_id=020896624AC3A50119819791F246C3B0) 0D5EDC095436449006366D111B2AD7EB {
   "object": {
      "className": "HTMLInputElement",
      "description": "input.search-form__input",
      "objectId": "1465936456213613148.1.36",
      "subtype": "node",
      "type": "object"
   }
}
[1762305284.510][DEBUG]: DevTools WebSocket Command: Page.getFrameTree (id=134) (session_id=020896624AC3A50119819791F246C3B0) 0D5EDC095436449006366D111B2AD7EB {
}
[1762305284.510][DEBUG]: DevTools WebSocket Response: Page.getFrameTree (id=134) (session_id=020896624AC3A50119819791F246C3B0) 0D5EDC095436449006366D111B2AD7EB {
   "frameTree": {
      "childFrames": [ {
         "frame": {
            "adFrameStatus": {
               "adFrameType": "none",
               "explanations": [  ]
            },
            "crossOriginIsolatedContextType": "NotIsolated",
            "domainAndRegistry": "",
            "gatedAPIFeatures": [  ],
            "id": "7C884AFF19772ED3553A15E2C3C15B2C",
            "loaderId": "24415C887EEE12ADD46BD66C1FB5664E",
            "mimeType": "text/html",
            "name": "__tcfapiLocator",
            "parentId": "0D5EDC095436449006366D111B2AD7EB",
            "secureContextType": "Secure",
            "securityOrigin": "://",
            "securityOriginDetails": {
               "isLocalhost": false
            },
            "url": "about:blank"
         }
      } ],
      "frame": {
         "adFrameStatus": {
            "adFrameType": "none"
         },
         "crossOriginIsolatedContextType": "NotIsolated",
         "domainAndRegistry": "ecosia.org",
         "gatedAPIFeatures": [  ],
         "id": "0D5EDC095436449006366D111B2AD7EB",
         "loaderId": "017A3C7A6DB955E281BA06348EE64563",
         "mimeType": "text/html",
         "secureContextType": "Secure",
         "securityOrigin": "https://www.ecosia.org",
         "securityOriginDetails": {
            "isLocalhost": false
         },
         "url": "https://www.ecosia.org/"
      }
   }
}
[1762305284.510][DEBUG]: DevTools WebSocket Command: Runtime.callFunctionOn (id=135) (session_id=020896624AC3A50119819791F246C3B0) 0D5EDC095436449006366D111B2AD7EB {
   "arguments": [ {
      "objectId": "1465936456213613148.1.36"
   } ],
   "awaitPromise": true,
   "functionDeclaration": "function(){ return (function() { // Copyright 2012 The Chromium Authors\n// Use of this source code is governed by a BSD-style license that can be\n// found in the LICENSE file.\n\n/**\n * Enum for WebD...",
   "objectGroup": "cf812a78-e432-4e97-af1a-01379c8258e7",
   "serializationOptions": {
      "serialization": "deep"
   },
   "uniqueContextId": "1764549309517658738.-925398802202643774"
}
[1762305284.511][DEBUG]: DevTools WebSocket Response: Runtime.callFunctionOn (id=135) (session_id=020896624AC3A50119819791F246C3B0) 0D5EDC095436449006366D111B2AD7EB {
   "result": {
      "className": "Array",
      "deepSerializedValue": {
         "type": "array",
         "value": [ {
            "type": "string",
            "value": "{\"status\":0,\"value\":null}"
         } ]
      },
      "description": "Array(1)",
      "objectId": "1465936456213613148.1.37",
      "subtype": "array",
      "type": "object"
   }
}
[1762305284.511][DEBUG]: DevTools WebSocket Command: Runtime.releaseObjectGroup (id=136) (session_id=020896624AC3A50119819791F246C3B0) 0D5EDC095436449006366D111B2AD7EB {
   "objectGroup": "cf812a78-e432-4e97-af1a-01379c8258e7"
}
[1762305284.512][DEBUG]: DevTools WebSocket Command: Input.dispatchKeyEvent (id=137) (session_id=020896624AC3A50119819791F246C3B0) 0D5EDC095436449006366D111B2AD7EB {
   "code": "KeyN",
   "key": "n",
   "modifiers": 0,
   "text": "n",
   "type": "rawKeyDown",
   "unmodifiedText": "n",
   "windowsVirtualKeyCode": 78
}
[1762305284.512][DEBUG]: DevTools WebSocket Command: Input.dispatchKeyEvent (id=138) (session_id=020896624AC3A50119819791F246C3B0) 0D5EDC095436449006366D111B2AD7EB {
   "code": "KeyN",
   "key": "n",
   "modifiers": 0,
   "text": "n",
   "type": "char",
   "unmodifiedText": "n",
   "windowsVirtualKeyCode": 78
}
[1762305284.512][DEBUG]: DevTools WebSocket Command: Input.dispatchKeyEvent (id=139) (session_id=020896624AC3A50119819791F246C3B0) 0D5EDC095436449006366D111B2AD7EB {
   "code": "KeyN",
   "key": "n",
   "modifiers": 0,
   "text": "n",
   "type": "keyUp",
   "unmodifiedText": "n",
   "windowsVirtualKeyCode": 78
}
[1762305284.512][DEBUG]: DevTools WebSocket Command: Input.dispatchKeyEvent (id=140) (session_id=020896624AC3A50119819791F246C3B0) 0D5EDC095436449006366D111B2AD7EB {
   "code": "KeyI",
   "key": "i",
   "modifiers": 0,
   "text": "i",
   "type": "rawKeyDown",
   "unmodifiedText": "i",
   "windowsVirtualKeyCode": 73
}
[1762305284.512][DEBUG]: DevTools WebSocket Command: Input.dispatchKeyEvent (id=141) (session_id=020896624AC3A50119819791F246C3B0) 0D5EDC095436449006366D111B2AD7EB {
   "code": "KeyI",
   "key": "i",
   "modifiers": 0,
   "text": "i",
   "type": "char",
   "unmodifiedText": "i",
   "windowsVirtualKeyCode": 73
}
[1762305284.512][DEBUG]: DevTools WebSocket Command: Input.dispatchKeyEvent (id=142) (session_id=020896624AC3A50119819791F246C3B0) 0D5EDC095436449006366D111B2AD7EB {
   "code": "KeyI",
   "key": "i",
   "modifiers": 0,
   "text": "i",
   "type": "keyUp",
   "unmodifiedText": "i",
   "windowsVirtualKeyCode": 73
}
[1762305284.512][DEBUG]: DevTools WebSocket Command: Input.dispatchKeyEvent (id=143) (session_id=020896624AC3A50119819791F246C3B0) 0D5EDC095436449006366D111B2AD7EB {
   "code": "KeyG",
   "key": "g",
   "modifiers": 0,
   "text": "g",
   "type": "rawKeyDown",
   "unmodifiedText": "g",
   "windowsVirtualKeyCode": 71
}
[1762305284.512][DEBUG]: DevTools WebSocket Command: Input.dispatchKeyEvent (id=144) (session_id=020896624AC3A50119819791F246C3B0) 0D5EDC095436449006366D111B2AD7EB {
   "code": "KeyG",
   "key": "g",
   "modifiers": 0,
   "text": "g",
   "type": "char",
   "unmodifiedText": "g",
   "windowsVirtualKeyCode": 71
}
[1762305284.512][DEBUG]: DevTools WebSocket Command: Input.dispatchKeyEvent (id=145) (session_id=020896624AC3A50119819791F246C3B0) 0D5EDC095436449006366D111B2AD7EB {
   "code": "KeyG",
   "key": "g",
   "modifiers": 0,
   "text": "g",
   "type": "keyUp",
   "unmodifiedText": "g",
   "windowsVirtualKeyCode": 71
}
[1762305284.512][DEBUG]: DevTools WebSocket Command: Input.dispatchKeyEvent (id=146) (session_id=020896624AC3A50119819791F246C3B0) 0D5EDC095436449006366D111B2AD7EB {
   "code": "KeyH",
   "key": "h",
   "modifiers": 0,
   "text": "h",
   "type": "rawKeyDown",
   "unmodifiedText": "h",
   "windowsVirtualKeyCode": 72
}
[1762305284.512][DEBUG]: DevTools WebSocket Command: Input.dispatchKeyEvent (id=147) (session_id=020896624AC3A50119819791F246C3B0) 0D5EDC095436449006366D111B2AD7EB {
   "code": "KeyH",
   "key": "h",
   "modifiers": 0,
   "text": "h",
   "type": "char",
   "unmodifiedText": "h",
   "windowsVirtualKeyCode": 72
}
[1762305284.512][DEBUG]: DevTools WebSocket Command: Input.dispatchKeyEvent (id=148) (session_id=020896624AC3A50119819791F246C3B0) 0D5EDC095436449006366D111B2AD7EB {
   "code": "KeyH",
   "key": "h",
   "modifiers": 0,
   "text": "h",
   "type": "keyUp",
   "unmodifiedText": "h",
   "windowsVirtualKeyCode": 72
}
[1762305284.512][DEBUG]: DevTools WebSocket Command: Input.dispatchKeyEvent (id=149) (session_id=020896624AC3A50119819791F246C3B0) 0D5EDC095436449006366D111B2AD7EB {
   "code": "KeyT",
   "key": "t",
   "modifiers": 0,
   "text": "t",
   "type": "rawKeyDown",
   "unmodifiedText": "t",
   "windowsVirtualKeyCode": 84
}
[1762305284.512][DEBUG]: DevTools WebSocket Command: Input.dispatchKeyEvent (id=150) (session_id=020896624AC3A50119819791F246C3B0) 0D5EDC095436449006366D111B2AD7EB {
   "code": "KeyT",
   "key": "t",
   "modifiers": 0,
   "text": "t",
   "type": "char",
   "unmodifiedText": "t",
   "windowsVirtualKeyCode": 84
}
[1762305284.512][DEBUG]: DevTools WebSocket Command: Input.dispatchKeyEvent (id=151) (session_id=020896624AC3A50119819791F246C3B0) 0D5EDC095436449006366D111B2AD7EB {
   "code": "KeyT",
   "key": "t",
   "modifiers": 0,
   "text": "t",
   "type": "keyUp",
   "unmodifiedText": "t",
   "windowsVirtualKeyCode": 84
}
[1762305284.513][DEBUG]: DevTools WebSocket Command: Input.dispatchKeyEvent (id=152) (session_id=020896624AC3A50119819791F246C3B0) 0D5EDC095436449006366D111B2AD7EB {
   "code": "KeyW",
   "key": "w",
   "modifiers": 0,
   "text": "w",
   "type": "rawKeyDown",
   "unmodifiedText": "w",
   "windowsVirtualKeyCode": 87
}
[1762305284.513][DEBUG]: DevTools WebSocket Command: Input.dispatchKeyEvent (id=153) (session_id=020896624AC3A50119819791F246C3B0) 0D5EDC095436449006366D111B2AD7EB {
   "code": "KeyW",
   "key": "w",
   "modifiers": 0,
   "text": "w",
   "type": "char",
   "unmodifiedText": "w",
   "windowsVirtualKeyCode": 87
}
[1762305284.513][DEBUG]: DevTools WebSocket Command: Input.dispatchKeyEvent (id=154) (session_id=020896624AC3A50119819791F246C3B0) 0D5EDC095436449006366D111B2AD7EB {
   "code": "KeyW",
   "key": "w",
   "modifiers": 0,
   "text": "w",
   "type": "keyUp",
   "unmodifiedText": "w",
   "windowsVirtualKeyCode": 87
}
[1762305284.513][DEBUG]: DevTools WebSocket Command: Input.dispatchKeyEvent (id=155) (session_id=020896624AC3A50119819791F246C3B0) 0D5EDC095436449006366D111B2AD7EB {
   "code": "KeyA",
   "key": "a",
   "modifiers": 0,
   "text": "a",
   "type": "rawKeyDown",
   "unmodifiedText": "a",
   "windowsVirtualKeyCode": 65
}
[1762305284.513][DEBUG]: DevTools WebSocket Command: Input.dispatchKeyEvent (id=156) (session_id=020896624AC3A50119819791F246C3B0) 0D5EDC095436449006366D111B2AD7EB {
   "code": "KeyA",
   "key": "a",
   "modifiers": 0,
   "text": "a",
   "type": "char",
   "unmodifiedText": "a",
   "windowsVirtualKeyCode": 65
}
[1762305284.513][DEBUG]: DevTools WebSocket Command: Input.dispatchKeyEvent (id=157) (session_id=020896624AC3A50119819791F246C3B0) 0D5EDC095436449006366D111B2AD7EB {
   "code": "KeyA",
   "key": "a",
   "modifiers": 0,
   "text": "a",
   "type": "keyUp",
   "unmodifiedText": "a",
   "windowsVirtualKeyCode": 65
}
[1762305284.513][DEBUG]: DevTools WebSocket Command: Input.dispatchKeyEvent (id=158) (session_id=020896624AC3A50119819791F246C3B0) 0D5EDC095436449006366D111B2AD7EB {
   "code": "KeyT",
   "key": "t",
   "modifiers": 0,
   "text": "t",
   "type": "rawKeyDown",
   "unmodifiedText": "t",
   "windowsVirtualKeyCode": 84
}
[1762305284.513][DEBUG]: DevTools WebSocket Command: Input.dispatchKeyEvent (id=159) (session_id=020896624AC3A50119819791F246C3B0) 0D5EDC095436449006366D111B2AD7EB {
   "code": "KeyT",
   "key": "t",
   "modifiers": 0,
   "text": "t",
   "type": "char",
   "unmodifiedText": "t",
   "windowsVirtualKeyCode": 84
}
[1762305284.513][DEBUG]: DevTools WebSocket Command: Input.dispatchKeyEvent (id=160) (session_id=020896624AC3A50119819791F246C3B0) 0D5EDC095436449006366D111B2AD7EB {
   "code": "KeyT",
   "key": "t",
   "modifiers": 0,
   "text": "t",
   "type": "keyUp",
   "unmodifiedText": "t",
   "windowsVirtualKeyCode": 84
}
[1762305284.513][DEBUG]: DevTools WebSocket Command: Input.dispatchKeyEvent (id=161) (session_id=020896624AC3A50119819791F246C3B0) 0D5EDC095436449006366D111B2AD7EB {
   "code": "KeyC",
   "key": "c",
   "modifiers": 0,
   "text": "c",
   "type": "rawKeyDown",
   "unmodifiedText": "c",
   "windowsVirtualKeyCode": 67
}
[1762305284.513][DEBUG]: DevTools WebSocket Command: Input.dispatchKeyEvent (id=162) (session_id=020896624AC3A50119819791F246C3B0) 0D5EDC095436449006366D111B2AD7EB {
   "code": "KeyC",
   "key": "c",
   "modifiers": 0,
   "text": "c",
   "type": "char",
   "unmodifiedText": "c",
   "windowsVirtualKeyCode": 67
}
[1762305284.513][DEBUG]: DevTools WebSocket Command: Input.dispatchKeyEvent (id=163) (session_id=020896624AC3A50119819791F246C3B0) 0D5EDC095436449006366D111B2AD7EB {
   "code": "KeyC",
   "key": "c",
   "modifiers": 0,
   "text": "c",
   "type": "keyUp",
   "unmodifiedText": "c",
   "windowsVirtualKeyCode": 67
}
[1762305284.513][DEBUG]: DevTools WebSocket Command: Input.dispatchKeyEvent (id=164) (session_id=020896624AC3A50119819791F246C3B0) 0D5EDC095436449006366D111B2AD7EB {
   "code": "KeyH",
   "key": "h",
   "modifiers": 0,
   "text": "h",
   "type": "rawKeyDown",
   "unmodifiedText": "h",
   "windowsVirtualKeyCode": 72
}
[1762305284.513][DEBUG]: DevTools WebSocket Command: Input.dispatchKeyEvent (id=165) (session_id=020896624AC3A50119819791F246C3B0) 0D5EDC095436449006366D111B2AD7EB {
   "code": "KeyH",
   "key": "h",
   "modifiers": 0,
   "text": "h",
   "type": "char",
   "unmodifiedText": "h",
   "windowsVirtualKeyCode": 72
}
[1762305284.513][DEBUG]: DevTools WebSocket Command: Input.dispatchKeyEvent (id=166) (session_id=020896624AC3A50119819791F246C3B0) 0D5EDC095436449006366D111B2AD7EB {
   "code": "KeyH",
   "key": "h",
   "modifiers": 0,
   "text": "h",
   "type": "keyUp",
   "unmodifiedText": "h",
   "windowsVirtualKeyCode": 72
}
[1762305284.513][DEBUG]: DevTools WebSocket Response: Runtime.releaseObjectGroup (id=136) (session_id=020896624AC3A50119819791F246C3B0) 0D5EDC095436449006366D111B2AD7EB {
}
[1762305284.513][DEBUG]: DevTools WebSocket Response: Input.dispatchKeyEvent (id=137) (session_id=020896624AC3A50119819791F246C3B0) 0D5EDC095436449006366D111B2AD7EB {
}
[1762305284.515][DEBUG]: DevTools WebSocket Response: Input.dispatchKeyEvent (id=138) (session_id=020896624AC3A50119819791F246C3B0) 0D5EDC095436449006366D111B2AD7EB {
}
[1762305284.515][DEBUG]: DevTools WebSocket Response: Input.dispatchKeyEvent (id=139) (session_id=020896624AC3A50119819791F246C3B0) 0D5EDC095436449006366D111B2AD7EB {
}
[1762305284.515][DEBUG]: DevTools WebSocket Response: Input.dispatchKeyEvent (id=140) (session_id=020896624AC3A50119819791F246C3B0) 0D5EDC095436449006366D111B2AD7EB {
}
[1762305284.516][DEBUG]: DevTools WebSocket Response: Input.dispatchKeyEvent (id=141) (session_id=020896624AC3A50119819791F246C3B0) 0D5EDC095436449006366D111B2AD7EB {
}
[1762305284.516][DEBUG]: DevTools WebSocket Response: Input.dispatchKeyEvent (id=142) (session_id=020896624AC3A50119819791F246C3B0) 0D5EDC095436449006366D111B2AD7EB {
}
[1762305284.516][DEBUG]: DevTools WebSocket Response: Input.dispatchKeyEvent (id=143) (session_id=020896624AC3A50119819791F246C3B0) 0D5EDC095436449006366D111B2AD7EB {
}
[1762305284.517][DEBUG]: DevTools WebSocket Response: Input.dispatchKeyEvent (id=144) (session_id=020896624AC3A50119819791F246C3B0) 0D5EDC095436449006366D111B2AD7EB {
}
[1762305284.517][DEBUG]: DevTools WebSocket Response: Input.dispatchKeyEvent (id=145) (session_id=020896624AC3A50119819791F246C3B0) 0D5EDC095436449006366D111B2AD7EB {
}
[1762305284.517][DEBUG]: DevTools WebSocket Response: Input.dispatchKeyEvent (id=146) (session_id=020896624AC3A50119819791F246C3B0) 0D5EDC095436449006366D111B2AD7EB {
}
[1762305284.518][DEBUG]: DevTools WebSocket Response: Input.dispatchKeyEvent (id=147) (session_id=020896624AC3A50119819791F246C3B0) 0D5EDC095436449006366D111B2AD7EB {
}
[1762305284.518][DEBUG]: DevTools WebSocket Response: Input.dispatchKeyEvent (id=148) (session_id=020896624AC3A50119819791F246C3B0) 0D5EDC095436449006366D111B2AD7EB {
}
[1762305284.518][DEBUG]: DevTools WebSocket Response: Input.dispatchKeyEvent (id=149) (session_id=020896624AC3A50119819791F246C3B0) 0D5EDC095436449006366D111B2AD7EB {
}
[1762305284.519][DEBUG]: DevTools WebSocket Response: Input.dispatchKeyEvent (id=150) (session_id=020896624AC3A50119819791F246C3B0) 0D5EDC095436449006366D111B2AD7EB {
}
[1762305284.519][DEBUG]: DevTools WebSocket Response: Input.dispatchKeyEvent (id=151) (session_id=020896624AC3A50119819791F246C3B0) 0D5EDC095436449006366D111B2AD7EB {
}
[1762305284.519][DEBUG]: DevTools WebSocket Response: Input.dispatchKeyEvent (id=152) (session_id=020896624AC3A50119819791F246C3B0) 0D5EDC095436449006366D111B2AD7EB {
}
[1762305284.520][DEBUG]: DevTools WebSocket Response: Input.dispatchKeyEvent (id=153) (session_id=020896624AC3A50119819791F246C3B0) 0D5EDC095436449006366D111B2AD7EB {
}
[1762305284.520][DEBUG]: DevTools WebSocket Response: Input.dispatchKeyEvent (id=154) (session_id=020896624AC3A50119819791F246C3B0) 0D5EDC095436449006366D111B2AD7EB {
}
[1762305284.520][DEBUG]: DevTools WebSocket Response: Input.dispatchKeyEvent (id=155) (session_id=020896624AC3A50119819791F246C3B0) 0D5EDC095436449006366D111B2AD7EB {
}
[1762305284.521][DEBUG]: DevTools WebSocket Response: Input.dispatchKeyEvent (id=156) (session_id=020896624AC3A50119819791F246C3B0) 0D5EDC095436449006366D111B2AD7EB {
}
[1762305284.521][DEBUG]: DevTools WebSocket Response: Input.dispatchKeyEvent (id=157) (session_id=020896624AC3A50119819791F246C3B0) 0D5EDC095436449006366D111B2AD7EB {
}
[1762305284.521][DEBUG]: DevTools WebSocket Response: Input.dispatchKeyEvent (id=158) (session_id=020896624AC3A50119819791F246C3B0) 0D5EDC095436449006366D111B2AD7EB {
}
[1762305284.522][DEBUG]: DevTools WebSocket Response: Input.dispatchKeyEvent (id=159) (session_id=020896624AC3A50119819791F246C3B0) 0D5EDC095436449006366D111B2AD7EB {
}
[1762305284.522][DEBUG]: DevTools WebSocket Response: Input.dispatchKeyEvent (id=160) (session_id=020896624AC3A50119819791F246C3B0) 0D5EDC095436449006366D111B2AD7EB {
}
[1762305284.522][DEBUG]: DevTools WebSocket Response: Input.dispatchKeyEvent (id=161) (session_id=020896624AC3A50119819791F246C3B0) 0D5EDC095436449006366D111B2AD7EB {
}
[1762305284.522][DEBUG]: DevTools WebSocket Response: Input.dispatchKeyEvent (id=162) (session_id=020896624AC3A50119819791F246C3B0) 0D5EDC095436449006366D111B2AD7EB {
}
[1762305284.523][DEBUG]: DevTools WebSocket Response: Input.dispatchKeyEvent (id=163) (session_id=020896624AC3A50119819791F246C3B0) 0D5EDC095436449006366D111B2AD7EB {
}
[1762305284.523][DEBUG]: DevTools WebSocket Response: Input.dispatchKeyEvent (id=164) (session_id=020896624AC3A50119819791F246C3B0) 0D5EDC095436449006366D111B2AD7EB {
}
[1762305284.523][DEBUG]: DevTools WebSocket Response: Input.dispatchKeyEvent (id=165) (session_id=020896624AC3A50119819791F246C3B0) 0D5EDC095436449006366D111B2AD7EB {
}
[1762305284.523][DEBUG]: DevTools WebSocket Response: Input.dispatchKeyEvent (id=166) (session_id=020896624AC3A50119819791F246C3B0) 0D5EDC095436449006366D111B2AD7EB {
}
[1762305284.523][INFO]: Waiting for pending navigations...
[1762305284.523][DEBUG]: DevTools WebSocket Command: Runtime.evaluate (id=167) (session_id=020896624AC3A50119819791F246C3B0) 0D5EDC095436449006366D111B2AD7EB {
   "expression": "1"
}
[1762305284.526][DEBUG]: DevTools WebSocket Response: Runtime.evaluate (id=167) (session_id=020896624AC3A50119819791F246C3B0) 0D5EDC095436449006366D111B2AD7EB {
   "result": {
      "description": "1",
      "type": "number",
      "value": 1
   }
}
[1762305284.526][INFO]: Done waiting for pending navigations. Status: ok
[1762305284.526][INFO]: [4c8a8d7329e980191e11d5349f9c329c] RESPONSE TypeElement
[1762305284.529][INFO]: [4c8a8d7329e980191e11d5349f9c329c] COMMAND FindElements {
   "using": "css selector",
   "value": "button[type=submit]"
}
[1762305284.529][INFO]: Waiting for pending navigations...
[1762305284.529][DEBUG]: DevTools WebSocket Command: Runtime.evaluate (id=168) (session_id=020896624AC3A50119819791F246C3B0) 0D5EDC095436449006366D111B2AD7EB {
   "expression": "1"
}
[1762305284.582][DEBUG]: DevTools WebSocket Response: Runtime.evaluate (id=168) (session_id=020896624AC3A50119819791F246C3B0) 0D5EDC095436449006366D111B2AD7EB {
   "result": {
      "description": "1",
      "type": "number",
      "value": 1
   }
}
[1762305284.582][INFO]: Done waiting for pending navigations. Status: ok
[1762305284.582][DEBUG]: DevTools WebSocket Command: Page.getFrameTree (id=169) (session_id=020896624AC3A50119819791F246C3B0) 0D5EDC095436449006366D111B2AD7EB {
}
[1762305284.584][DEBUG]: DevTools WebSocket Response: Page.getFrameTree (id=169) (session_id=020896624AC3A50119819791F246C3B0) 0D5EDC095436449006366D111B2AD7EB {
   "frameTree": {
      "childFrames": [ {
         "frame": {
            "adFrameStatus": {
               "adFrameType": "none",
               "explanations": [  ]
            },
            "crossOriginIsolatedContextType": "NotIsolated",
            "domainAndRegistry": "",
            "gatedAPIFeatures": [  ],
            "id": "7C884AFF19772ED3553A15E2C3C15B2C",
            "loaderId": "24415C887EEE12ADD46BD66C1FB5664E",
            "mimeType": "text/html",
            "name": "__tcfapiLocator",
            "parentId": "0D5EDC095436449006366D111B2AD7EB",
            "secureContextType": "Secure",
            "securityOrigin": "://",
            "securityOriginDetails": {
               "isLocalhost": false
            },
            "url": "about:blank"
         }
      } ],
      "frame": {
         "adFrameStatus": {
            "adFrameType": "none"
         },
         "crossOriginIsolatedContextType": "NotIsolated",
         "domainAndRegistry": "ecosia.org",
         "gatedAPIFeatures": [  ],
         "id": "0D5EDC095436449006366D111B2AD7EB",
         "loaderId": "017A3C7A6DB955E281BA06348EE64563",
         "mimeType": "text/html",
         "secureContextType": "Secure",
         "securityOrigin": "https://www.ecosia.org",
         "securityOriginDetails": {
            "isLocalhost": false
         },
         "url": "https://www.ecosia.org/"
      }
   }
}
[1762305284.584][DEBUG]: DevTools WebSocket Command: Page.getFrameTree (id=170) (session_id=020896624AC3A50119819791F246C3B0) 0D5EDC095436449006366D111B2AD7EB {
}
[1762305284.584][DEBUG]: DevTools WebSocket Response: Page.getFrameTree (id=170) (session_id=020896624AC3A50119819791F246C3B0) 0D5EDC095436449006366D111B2AD7EB {
   "frameTree": {
      "childFrames": [ {
         "frame": {
            "adFrameStatus": {
               "adFrameType": "none",
               "explanations": [  ]
            },
            "crossOriginIsolatedContextType": "NotIsolated",
            "domainAndRegistry": "",
            "gatedAPIFeatures": [  ],
            "id": "7C884AFF19772ED3553A15E2C3C15B2C",
            "loaderId": "24415C887EEE12ADD46BD66C1FB5664E",
            "mimeType": "text/html",
            "name": "__tcfapiLocator",
            "parentId": "0D5EDC095436449006366D111B2AD7EB",
            "secureContextType": "Secure",
            "securityOrigin": "://",
            "securityOriginDetails": {
               "isLocalhost": false
            },
            "url": "about:blank"
         }
      } ],
      "frame": {
         "adFrameStatus": {
            "adFrameType": "none"
         },
         "crossOriginIsolatedContextType": "NotIsolated",
         "domainAndRegistry": "ecosia.org",
         "gatedAPIFeatures": [  ],
         "id": "0D5EDC095436449006366D111B2AD7EB",
         "loaderId": "017A3C7A6DB955E281BA06348EE64563",
         "mimeType": "text/html",
         "secureContextType": "Secure",
         "securityOrigin": "https://www.ecosia.org",
         "securityOriginDetails": {
            "isLocalhost": false
         },
         "url": "https://www.ecosia.org/"
      }
   }
}
[1762305284.585][DEBUG]: DevTools WebSocket Command: Runtime.callFunctionOn (id=171) (session_id=020896624AC3A50119819791F246C3B0) 0D5EDC095436449006366D111B2AD7EB {
   "arguments": [  ],
   "awaitPromise": true,
   "functionDeclaration": "function(){ return (function() { // Copyright 2012 The Chromium Authors\n// Use of this source code is governed by a BSD-style license that can be\n// found in the LICENSE file.\n\n/**\n * Enum for WebD...",
   "serializationOptions": {
      "serialization": "deep"
   },
   "uniqueContextId": "1764549309517658738.-925398802202643774"
}
[1762305284.589][DEBUG]: DevTools WebSocket Response: Runtime.callFunctionOn (id=171) (session_id=020896624AC3A50119819791F246C3B0) 0D5EDC095436449006366D111B2AD7EB {
   "result": {
      "className": "Array",
      "deepSerializedValue": {
         "type": "array",
         "value": [ {
            "type": "string",
            "value": "{\"status\":0,\"value\":[{\"element-6066-11e4-a52e-4f735466cecf\":0}]}"
         }, {
            "type": "node",
            "value": {
               "attributes": {
                  "aria-label": "Buscar",
                  "class": "button search-form__submit button base-button base-button--variant-bare base-button--size-m base-button--elevation-0 base-button--text-size-m search-form__submit button button--icon-position-start ...",
                  "data-test-id": "search-form-submit",
                  "data-v-4159ee44": "",
                  "data-v-ef413702": "",
                  "icon-class": "searchf-form__submit-icon",
                  "type": "submit",
                  "variant": "bare"
               },
               "backendNodeId": 14,
               "childNodeCount": 1,
               "loaderId": "017A3C7A6DB955E281BA06348EE64563",
               "localName": "button",
               "namespaceURI": "http://www.w3.org/1999/xhtml",
               "nodeType": 1,
               "shadowRoot": null
            }
         } ]
      },
      "description": "Array(2)",
      "objectId": "1465936456213613148.1.38",
      "subtype": "array",
      "type": "object"
   }
}
[1762305284.589][INFO]: Waiting for pending navigations...
[1762305284.589][DEBUG]: DevTools WebSocket Command: Runtime.evaluate (id=172) (session_id=020896624AC3A50119819791F246C3B0) 0D5EDC095436449006366D111B2AD7EB {
   "expression": "1"
}
[1762305284.590][DEBUG]: DevTools WebSocket Response: Runtime.evaluate (id=172) (session_id=020896624AC3A50119819791F246C3B0) 0D5EDC095436449006366D111B2AD7EB {
   "result": {
      "description": "1",
      "type": "number",
      "value": 1
   }
}
[1762305284.590][INFO]: Done waiting for pending navigations. Status: ok
[1762305284.590][INFO]: [4c8a8d7329e980191e11d5349f9c329c] RESPONSE FindElements [ {
   "element-6066-11e4-a52e-4f735466cecf": "f.0D5EDC095436449006366D111B2AD7EB.d.017A3C7A6DB955E281BA06348EE64563.e.14"
} ]
[1762305284.591][INFO]: [4c8a8d7329e980191e11d5349f9c329c] COMMAND ExecuteScript {
   "args": [ {
      "ELEMENT": "f.0D5EDC095436449006366D111B2AD7EB.d.017A3C7A6DB955E281BA06348EE64563.e.14",
      "element-6066-11e4-a52e-4f735466cecf": "f.0D5EDC095436449006366D111B2AD7EB.d.017A3C7A6DB955E281BA06348EE64563.e.14"
   } ],
   "script": "/* isDisplayed */return (function(){return (function(){var g=this||self;\nfunction aa(a){var b=typeof a;if(\"object\"==b)if(a){if(a instanceof Array)return\"array\";if(a instanceof Object)return b;var c=Object.prototype.toString.call(a);if(\"[object Window]\"==c)return\"object\";if(\"[object Array]\"==c||\"number\"==typeof a.length&&\"undefined\"!=typeof a.splice&&\"undefined\"!=typeof a.propertyIsEnumerable&&!a.propertyIsEnumerable(\"splice\"))return\"array\";if(\"[object Function]\"==c||\"undefined\"!=typeof a.call&&\"undefined\"!=typeof a.propertyIsEnumerable&&!a.propertyIsEnumerable(\"call\"))return\"function\"}else return\"null\";else if(\"function\"==\nb&&\"undefined\"==typeof a.call)return\"object\";return b}function ca(a,b){function c(){}c.prototype=b.prototype;a.prototype=new c;a.prototype.constructor=a};var da=Array.prototype.indexOf?function(a,b){return Array.prototype.indexOf.call(a,b,void 0)}:function(a,b){if(\"string\"===typeof a)return\"string\"!==typeof b||1!=b.length?-1:a.indexOf(b,0);for(var c=0;c\u003Ca.length;c++)if(c in a&&a[c]===b)return c;return-1},ea=Array.prototype.some?function(a,b){return Array.prototype.some.call(a,b,void 0)}:function(a,b){for(var c=a.length,e=\"string\"===typeof a?a.split(\"\"):a,d=0;d\u003Cc;d++)if(d in e&&b.call(void 0,e[d],d,a))return!0;return!1},fa=Array.prototype.every?function(a,\nb){return Array.prototype.every.call(a,b,void 0)}:function(a,b){for(var c=a.length,e=\"string\"===typeof a?a.split(\"\"):a,d=0;d\u003Cc;d++)if(d in e&&!b.call(void 0,e[d],d,a))return!1;return!0};var ha={aliceblue:\"#f0f8ff\",antiquewhite:\"#faebd7\",aqua:\"#00ffff\",aquamarine:\"#7fffd4\",azure:\"#f0ffff\",beige:\"#f5f5dc\",bisque:\"#ffe4c4\",black:\"#000000\",blanchedalmond:\"#ffebcd\",blue:\"#0000ff\",blueviolet:\"#8a2be2\",brown:\"#a52a2a\",burlywood:\"#deb887\",cadetblue:\"#5f9ea0\",chartreuse:\"#7fff00\",chocolate:\"#d2691e\",coral:\"#ff7f50\",cornflowerblue:\"#6495ed\",cornsilk:\"#fff8dc\",crimson:\"#dc143c\",cyan:\"#00ffff\",darkblue:\"#00008b\",darkcyan:\"#008b8b\",darkgoldenrod:\"#b8860b\",darkgray:\"#a9a9a9\",darkgreen:\"#006400\",\ndarkgrey:\"#a9a9a9\",darkkhaki:\"#bdb76b\",darkmagenta:\"#8b008b\",darkolivegreen:\"#556b2f\",darkorange:\"#ff8c00\",darkorchid:\"#9932cc\",darkred:\"#8b0000\",darksalmon:\"#e9967a\",darkseagreen:\"#8fbc8f\",darkslateblue:\"#483d8b\",darkslategray:\"#2f4f4f\",darkslategrey:\"#2f4f4f\",darkturquoise:\"#00ced1\",darkviolet:\"#9400d3\",deeppink:\"#ff1493\",deepskyblue:\"#00bfff\",dimgray:\"#696969\",dimgrey:\"#696969\",dodgerblue:\"#1e90ff\",firebrick:\"#b22222\",floralwhite:\"#fffaf0\",forestgreen:\"#228b22\",fuchsia:\"#ff00ff\",gainsboro:\"#dcdcdc\",\nghostwhite:\"#f8f8ff\",gold:\"#ffd700\",goldenrod:\"#daa520\",gray:\"#808080\",green:\"#008000\",greenyellow:\"#adff2f\",grey:\"#808080\",honeydew:\"#f0fff0\",hotpink:\"#ff69b4\",indianred:\"#cd5c5c\",indigo:\"#4b0082\",ivory:\"#fffff0\",khaki:\"#f0e68c\",lavender:\"#e6e6fa\",lavenderblush:\"#fff0f5\",lawngreen:\"#7cfc00\",lemonchiffon:\"#fffacd\",lightblue:\"#add8e6\",lightcoral:\"#f08080\",lightcyan:\"#e0ffff\",lightgoldenrodyellow:\"#fafad2\",lightgray:\"#d3d3d3\",lightgreen:\"#90ee90\",lightgrey:\"#d3d3d3\",lightpink:\"#ffb6c1\",lightsalmon:\"#ffa07a\",\nlightseagreen:\"#20b2aa\",lightskyblue:\"#87cefa\",lightslategray:\"#778899\",lightslategrey:\"#778899\",lightsteelblue:\"#b0c4de\",lightyellow:\"#ffffe0\",lime:\"#00ff00\",limegreen:\"#32cd32\",linen:\"#faf0e6\",magenta:\"#ff00ff\",maroon:\"#800000\",mediumaquamarine:\"#66cdaa\",mediumblue:\"#0000cd\",mediumorchid:\"#ba55d3\",mediumpurple:\"#9370db\",mediumseagreen:\"#3cb371\",mediumslateblue:\"#7b68ee\",mediumspringgreen:\"#00fa9a\",mediumturquoise:\"#48d1cc\",mediumvioletred:\"#c71585\",midnightblue:\"#191970\",mintcream:\"#f5fffa\",mistyrose:\"#ffe4e1\",\nmoccasin:\"#ffe4b5\",navajowhite:\"#ffdead\",navy:\"#000080\",oldlace:\"#fdf5e6\",olive:\"#808000\",olivedrab:\"#6b8e23\",orange:\"#ffa500\",orangered:\"#ff4500\",orchid:\"#da70d6\",palegoldenrod:\"#eee8aa\",palegreen:\"#98fb98\",paleturquoise:\"#afeeee\",palevioletred:\"#db7093\",papayawhip:\"#ffefd5\",peachpuff:\"#ffdab9\",peru:\"#cd853f\",pink:\"#ffc0cb\",plum:\"#dda0dd\",powderblue:\"#b0e0e6\",purple:\"#800080\",red:\"#ff0000\",rosybrown:\"#bc8f8f\",royalblue:\"#4169e1\",saddlebrown:\"#8b4513\",salmon:\"#fa8072\",sandybrown:\"#f4a460\",seagreen:\"#2e8b57\",\nseashell:\"#fff5ee\",sienna:\"#a0522d\",silver:\"#c0c0c0\",skyblue:\"#87ceeb\",slateblue:\"#6a5acd\",slategray:\"#708090\",slategrey:\"#708090\",snow:\"#fffafa\",springgreen:\"#00ff7f\",steelblue:\"#4682b4\",tan:\"#d2b48c\",teal:\"#008080\",thistle:\"#d8bfd8\",tomato:\"#ff6347\",turquoise:\"#40e0d0\",violet:\"#ee82ee\",wheat:\"#f5deb3\",white:\"#ffffff\",whitesmoke:\"#f5f5f5\",yellow:\"#ffff00\",yellowgreen:\"#9acd32\"};var ia=\"backgroundColor borderTopColor borderRightColor borderBottomColor borderLeftColor color outlineColor\".split(\" \"),ja=/#([0-9a-fA-F])([0-9a-fA-F])([0-9a-fA-F])/,ka=/^#(?:[0-9a-f]{3}){1,2}$/i,la=/^(?:rgba)?\\((\\d{1,3}),\\s?(\\d{1,3}),\\s?(\\d{1,3}),\\s?(0|1|0\\.\\d*)\\)$/i,ma=/^(?:rgb)?\\((0|[1-9]\\d{0,2}),\\s?(0|[1-9]\\d{0,2}),\\s?(0|[1-9]\\d{0,2})\\)$/i;function m(a,b){this.code=a;this.a=p[a]||r;this.message=b||\"\";a=this.a.replace(/((?:^|\\s+)[a-z])/g,function(c){return c.toUpperCase().replace(/^[\\s\\xa0]+/g,\"\")});b=a.length-5;if(0>b||a.indexOf(\"Error\",b)!=b)a+=\"Error\";this.name=a;a=Error(this.message);a.name=this.name;this.stack=a.stack||\"\"}ca(m,Error);var r=\"unknown error\",p={15:\"element not selectable\",11:\"element not visible\"};p[31]=r;p[30]=r;p[24]=\"invalid cookie domain\";p[29]=\"invalid element coordinates\";p[12]=\"invalid element state\";\np[32]=\"invalid selector\";p[51]=\"invalid selector\";p[52]=\"invalid selector\";p[17]=\"javascript error\";p[405]=\"unsupported operation\";p[34]=\"move target out of bounds\";p[27]=\"no such alert\";p[7]=\"no such element\";p[8]=\"no such frame\";p[23]=\"no such window\";p[28]=\"script timeout\";p[33]=\"session not created\";p[10]=\"stale element reference\";p[21]=\"timeout\";p[25]=\"unable to set cookie\";p[26]=\"unexpected alert open\";p[13]=r;p[9]=\"unknown command\";var u=String.prototype.trim?function(a){return a.trim()}:function(a){return/^[\\s\\xa0]*([\\s\\S]*?)[\\s\\xa0]*$/.exec(a)[1]};\nfunction na(a,b){var c=0;a=u(String(a)).split(\".\");b=u(String(b)).split(\".\");for(var e=Math.max(a.length,b.length),d=0;0==c&&d\u003Ce;d++){var f=a[d]||\"\",h=b[d]||\"\";do{f=/(\\d*)(\\D*)(.*)/.exec(f)||[\"\",\"\",\"\",\"\"];h=/(\\d*)(\\D*)(.*)/.exec(h)||[\"\",\"\",\"\",\"\"];if(0==f[0].length&&0==h[0].length)break;c=v(0==f[1].length?0:parseInt(f[1],10),0==h[1].length?0:parseInt(h[1],10))||v(0==f[2].length,0==h[2].length)||v(f[2],h[2]);f=f[3];h=h[3]}while(0==c)}return c}function v(a,b){return a\u003Cb?-1:a>b?1:0};var w;a:{var oa=g.navigator;if(oa){var sa=oa.userAgent;if(sa){w=sa;break a}}w=\"\"}function x(a){return-1!=w.indexOf(a)};function y(){return x(\"Firefox\")||x(\"FxiOS\")}function A(){return(x(\"Chrome\")||x(\"CriOS\"))&&!x(\"Edge\")};function ta(a){return String(a).replace(/\\-([a-z])/g,function(b,c){return c.toUpperCase()})};function B(){return x(\"iPhone\")&&!x(\"iPod\")&&!x(\"iPad\")};function ua(a,b){var c=va;return Object.prototype.hasOwnProperty.call(c,a)?c[a]:c[a]=b(a)};var wa=x(\"Opera\"),C=x(\"Trident\")||x(\"MSIE\"),xa=x(\"Edge\"),ya=x(\"Gecko\")&&!(-1!=w.toLowerCase().indexOf(\"webkit\")&&!x(\"Edge\"))&&!(x(\"Trident\")||x(\"MSIE\"))&&!x(\"Edge\"),za=-1!=w.toLowerCase().indexOf(\"webkit\")&&!x(\"Edge\");function Aa(){var a=g.document;return a?a.documentMode:void 0}var E;\na:{var F=\"\",G=function(){var a=w;if(ya)return/rv:([^\\);]+)(\\)|;)/.exec(a);if(xa)return/Edge\\/([\\d\\.]+)/.exec(a);if(C)return/\\b(?:MSIE|rv)[: ]([^\\);]+)(\\)|;)/.exec(a);if(za)return/WebKit\\/(\\S+)/.exec(a);if(wa)return/(?:Version)[ \\/]?(\\S+)/.exec(a)}();G&&(F=G?G[1]:\"\");if(C){var H=Aa();if(null!=H&&H>parseFloat(F)){E=String(H);break a}}E=F}var va={};function Ba(a){return ua(a,function(){return 0\u003C=na(E,a)})}var I;I=g.document&&C?Aa():void 0;var Ca=y(),Da=B()||x(\"iPod\"),Ea=x(\"iPad\"),Fa=x(\"Android\")&&!(A()||y()||x(\"Opera\")||x(\"Silk\")),Ga=A(),Ha=x(\"Safari\")&&!(A()||x(\"Coast\")||x(\"Opera\")||x(\"Edge\")||x(\"Edg/\")||x(\"OPR\")||y()||x(\"Silk\")||x(\"Android\"))&&!(B()||x(\"iPad\")||x(\"iPod\"));function J(a){return(a=a.exec(w))?a[1]:\"\"}(function(){if(Ca)return J(/Firefox\\/([0-9.]+)/);if(C||xa||wa)return E;if(Ga)return B()||x(\"iPad\")||x(\"iPod\")?J(/CriOS\\/([0-9.]+)/):J(/Chrome\\/([0-9.]+)/);if(Ha&&!(B()||x(\"iPad\")||x(\"iPod\")))return J(/Version\\/([0-9.]+)/);if(Da||Ea){var a=/Version\\/(\\S+).*Mobile\\/(\\S+)/.exec(w);if(a)return a[1]+\".\"+a[2]}else if(Fa)return(a=J(/Android\\s+([0-9.]+)/))?a:J(/Version\\/([0-9.]+)/);return\"\"})();var K;if(K=C)K=!(9\u003C=Number(I));var Ia=K;function L(a,b){this.x=void 0!==a?a:0;this.y=void 0!==b?b:0}L.prototype.ceil=function(){this.x=Math.ceil(this.x);this.y=Math.ceil(this.y);return this};L.prototype.floor=function(){this.x=Math.floor(this.x);this.y=Math.floor(this.y);return this};L.prototype.round=function(){this.x=Math.round(this.x);this.y=Math.round(this.y);return this};function M(a,b){this.width=a;this.height=b}M.prototype.aspectRatio=function(){return this.width/this.height};M.prototype.ceil=function(){this.width=Math.ceil(this.width);this.height=Math.ceil(this.height);return this};M.prototype.floor=function(){this.width=Math.floor(this.width);this.height=Math.floor(this.height);return this};M.prototype.round=function(){this.width=Math.round(this.width);this.height=Math.round(this.height);return this};function N(a){return 9==a.nodeType?a:a.ownerDocument||a.document}function Ja(a,b){a&&(a=a.parentNode);for(var c=0;a;){if(b(a))return a;a=a.parentNode;c++}return null}function Ka(a){this.a=a||g.document||document};function P(a,b){b&&\"string\"!==typeof b&&(b=b.toString());return a instanceof HTMLFormElement?!!a&&1==a.nodeType&&(!b||\"FORM\"==b):!!a&&1==a.nodeType&&(!b||a.tagName.toUpperCase()==b)};function Q(a,b,c,e){this.f=a;this.a=b;this.b=c;this.c=e}Q.prototype.ceil=function(){this.f=Math.ceil(this.f);this.a=Math.ceil(this.a);this.b=Math.ceil(this.b);this.c=Math.ceil(this.c);return this};Q.prototype.floor=function(){this.f=Math.floor(this.f);this.a=Math.floor(this.a);this.b=Math.floor(this.b);this.c=Math.floor(this.c);return this};Q.prototype.round=function(){this.f=Math.round(this.f);this.a=Math.round(this.a);this.b=Math.round(this.b);this.c=Math.round(this.c);return this};function R(a,b,c,e){this.a=a;this.b=b;this.width=c;this.height=e}R.prototype.ceil=function(){this.a=Math.ceil(this.a);this.b=Math.ceil(this.b);this.width=Math.ceil(this.width);this.height=Math.ceil(this.height);return this};R.prototype.floor=function(){this.a=Math.floor(this.a);this.b=Math.floor(this.b);this.width=Math.floor(this.width);this.height=Math.floor(this.height);return this};\nR.prototype.round=function(){this.a=Math.round(this.a);this.b=Math.round(this.b);this.width=Math.round(this.width);this.height=Math.round(this.height);return this};var La=\"function\"===typeof ShadowRoot;function S(a){for(a=a.parentNode;a&&1!=a.nodeType&&9!=a.nodeType&&11!=a.nodeType;)a=a.parentNode;return P(a)?a:null}\nfunction T(a,b){b=ta(b);if(\"float\"==b||\"cssFloat\"==b||\"styleFloat\"==b)b=Ia?\"styleFloat\":\"cssFloat\";a:{var c=b;var e=N(a);if(e.defaultView&&e.defaultView.getComputedStyle&&(e=e.defaultView.getComputedStyle(a,null))){c=e[c]||e.getPropertyValue(c)||\"\";break a}c=\"\"}a=c||Ma(a,b);if(null===a)a=null;else if(0\u003C=da(ia,b)){b:{var d=a.match(la);if(d&&(b=Number(d[1]),c=Number(d[2]),e=Number(d[3]),d=Number(d[4]),0\u003C=b&&255>=b&&0\u003C=c&&255>=c&&0\u003C=e&&255>=e&&0\u003C=d&&1>=d)){b=[b,c,e,d];break b}b=null}if(!b)b:{if(e=a.match(ma))if(b=\nNumber(e[1]),c=Number(e[2]),e=Number(e[3]),0\u003C=b&&255>=b&&0\u003C=c&&255>=c&&0\u003C=e&&255>=e){b=[b,c,e,1];break b}b=null}if(!b)b:{b=a.toLowerCase();c=ha[b.toLowerCase()];if(!c&&(c=\"#\"==b.charAt(0)?b:\"#\"+b,4==c.length&&(c=c.replace(ja,\"#$1$1$2$2$3$3\")),!ka.test(c))){b=null;break b}b=[parseInt(c.substr(1,2),16),parseInt(c.substr(3,2),16),parseInt(c.substr(5,2),16),1]}a=b?\"rgba(\"+b.join(\", \")+\")\":a}return a}\nfunction Ma(a,b){var c=a.currentStyle||a.style,e=c[b];void 0===e&&\"function\"==aa(c.getPropertyValue)&&(e=c.getPropertyValue(b));return\"inherit\"!=e?void 0!==e?e:null:(a=S(a))?Ma(a,b):null}\nfunction U(a,b,c){function e(h){var n=V(h);return 0\u003Cn.height&&0\u003Cn.width?!0:P(h,\"PATH\")&&(0\u003Cn.height||0\u003Cn.width)?(h=T(h,\"stroke-width\"),!!h&&0\u003CparseInt(h,10)):\"hidden\"!=T(h,\"overflow\")&&ea(h.childNodes,function(D){return 3==D.nodeType||P(D)&&e(D)})}function d(h){return Na(h)==W&&fa(h.childNodes,function(n){return!P(n)||d(n)||!e(n)})}if(!P(a))throw Error(\"Argument to isShown must be of type Element\");if(P(a,\"BODY\"))return!0;if(P(a,\"OPTION\")||P(a,\"OPTGROUP\"))return a=Ja(a,function(h){return P(h,\"SELECT\")}),\n!!a&&U(a,!0,c);var f=Oa(a);if(f)return!!f.image&&0\u003Cf.rect.width&&0\u003Cf.rect.height&&U(f.image,b,c);if(P(a,\"INPUT\")&&\"hidden\"==a.type.toLowerCase()||P(a,\"NOSCRIPT\"))return!1;f=T(a,\"visibility\");return\"collapse\"!=f&&\"hidden\"!=f&&c(a)&&(b||0!=Pa(a))&&e(a)?!d(a):!1}var W=\"hidden\";\nfunction Na(a){function b(k){function l(ba){if(ba==h)return!0;var pa=T(ba,\"display\");return 0==pa.lastIndexOf(\"inline\",0)||\"contents\"==pa||\"absolute\"==qa&&\"static\"==T(ba,\"position\")?!1:!0}var qa=T(k,\"position\");if(\"fixed\"==qa)return ra=!0,k==h?null:h;for(k=S(k);k&&!l(k);)k=S(k);return k}function c(k){var l=k;if(\"visible\"==D)if(k==h&&n)l=n;else if(k==n)return{x:\"visible\",y:\"visible\"};l={x:T(l,\"overflow-x\"),y:T(l,\"overflow-y\")};k==h&&(l.x=\"visible\"==l.x?\"auto\":l.x,l.y=\"visible\"==l.y?\"auto\":l.y);return l}\nfunction e(k){if(k==h){var l=(new Ka(f)).a;k=l.scrollingElement?l.scrollingElement:za||\"CSS1Compat\"!=l.compatMode?l.body||l.documentElement:l.documentElement;l=l.parentWindow||l.defaultView;k=C&&Ba(\"10\")&&l.pageYOffset!=k.scrollTop?new L(k.scrollLeft,k.scrollTop):new L(l.pageXOffset||k.scrollLeft,l.pageYOffset||k.scrollTop)}else k=new L(k.scrollLeft,k.scrollTop);return k}var d=Qa(a),f=N(a),h=f.documentElement,n=f.body,D=T(h,\"overflow\"),ra;for(a=b(a);a;a=b(a)){var q=c(a);if(\"visible\"!=q.x||\"visible\"!=\nq.y){var t=V(a);if(0==t.width||0==t.height)return W;var z=d.a\u003Ct.a,O=d.b\u003Ct.b;if(z&&\"hidden\"==q.x||O&&\"hidden\"==q.y)return W;if(z&&\"visible\"!=q.x||O&&\"visible\"!=q.y){z=e(a);O=d.b\u003Ct.b-z.y;if(d.a\u003Ct.a-z.x&&\"visible\"!=q.x||O&&\"visible\"!=q.x)return W;d=Na(a);return d==W?W:\"scroll\"}z=d.c>=t.a+t.width;t=d.f>=t.b+t.height;if(z&&\"hidden\"==q.x||t&&\"hidden\"==q.y)return W;if(z&&\"visible\"!=q.x||t&&\"visible\"!=q.y){if(ra&&(q=e(a),d.c>=h.scrollWidth-q.x||d.a>=h.scrollHeight-q.y))return W;d=Na(a);return d==W?W:\"scroll\"}}}return\"none\"}\nfunction V(a){var b=Oa(a);if(b)return b.rect;if(P(a,\"HTML\"))return a=N(a),a=((a?a.parentWindow||a.defaultView:window)||window).document,a=\"CSS1Compat\"==a.compatMode?a.documentElement:a.body,a=new M(a.clientWidth,a.clientHeight),new R(0,0,a.width,a.height);try{var c=a.getBoundingClientRect()}catch(e){return new R(0,0,0,0)}b=new R(c.left,c.top,c.right-c.left,c.bottom-c.top);C&&a.ownerDocument.body&&(a=N(a),b.a-=a.documentElement.clientLeft+a.body.clientLeft,b.b-=a.documentElement.clientTop+a.body.clientTop);\nreturn b}\nfunction Oa(a){var b=P(a,\"MAP\");if(!b&&!P(a,\"AREA\"))return null;var c=b?a:P(a.parentNode,\"MAP\")?a.parentNode:null,e=null,d=null;if(c&&c.name){e='*[usemap=\"#'+c.name+'\"]';c=N(c);var f;if(f=\"function\"!=aa(c.querySelector)&&C&&(C?0\u003C=na(I,8):Ba(8))){f=c.querySelector;var h=typeof f;f=!(\"object\"==h&&null!=f||\"function\"==h)}if(f)throw Error(\"CSS selection is not supported\");if(!e)throw new m(32,\"No selector specified\");e=u(e);try{var n=c.querySelector(e)}catch(D){throw new m(32,\"An invalid or illegal selector was specified\");}if(e=\nn&&1==n.nodeType?n:null)d=V(e),b||\"default\"==a.shape.toLowerCase()||(a=Ra(a),b=Math.min(Math.max(a.a,0),d.width),n=Math.min(Math.max(a.b,0),d.height),d=new R(b+d.a,n+d.b,Math.min(a.width,d.width-b),Math.min(a.height,d.height-n)))}return{image:e,rect:d||new R(0,0,0,0)}}\nfunction Ra(a){var b=a.shape.toLowerCase();a=a.coords.split(\",\");if(\"rect\"==b&&4==a.length){b=a[0];var c=a[1];return new R(b,c,a[2]-b,a[3]-c)}if(\"circle\"==b&&3==a.length)return b=a[2],new R(a[0]-b,a[1]-b,2*b,2*b);if(\"poly\"==b&&2\u003Ca.length){b=a[0];c=a[1];for(var e=b,d=c,f=2;f+1\u003Ca.length;f+=2)b=Math.min(b,a[f]),e=Math.max(e,a[f]),c=Math.min(c,a[f+1]),d=Math.max(d,a[f+1]);return new R(b,c,e-b,d-c)}return new R(0,0,0,0)}function Qa(a){a=V(a);return new Q(a.b,a.a+a.width,a.b+a.height,a.a)}\nfunction Pa(a){if(Ia){if(\"relative\"==T(a,\"position\"))return 1;a=T(a,\"filter\");return(a=a.match(/^alpha\\(opacity=(\\d*)\\)/)||a.match(/^progid:DXImageTransform.Microsoft.Alpha\\(Opacity=(\\d*)\\)/))?Number(a[1])/100:1}return Sa(a)}function Sa(a){var b=1,c=T(a,\"opacity\");c&&(b=Number(c));(a=S(a))&&(b*=Sa(a));return b};function Ta(a,b){function c(e){if(P(e)&&\"none\"==T(e,\"display\"))return!1;var d;if((d=e.parentNode)&&d.shadowRoot&&void 0!==e.assignedSlot)d=e.assignedSlot?e.assignedSlot.parentNode:null;else if(e.getDestinationInsertionPoints){var f=e.getDestinationInsertionPoints();0\u003Cf.length&&(d=f[f.length-1])}if(La&&d instanceof ShadowRoot){if(d.host.shadowRoot&&d.host.shadowRoot!==d)return!1;d=d.host}return!d||9!=d.nodeType&&11!=d.nodeType?d&&P(d,\"DETAILS\")&&!d.open&&!P(e,\"SUMMARY\")?!1:!!d&&c(d):!0}return U(a,\n!!b,c)}var X=[\"_\"],Y=g;X[0]in Y||\"undefined\"==typeof Y.execScript||Y.execScript(\"var \"+X[0]);for(var Z;X.length&&(Z=X.shift());)X.length||void 0===Ta?Y[Z]&&Y[Z]!==Object.prototype[Z]?Y=Y[Z]:Y=Y[Z]={}:Y[Z]=Ta;; return this._.apply(null,arguments);}).apply({navigator:typeof window!='undefined'?window.navigator:null,document:typeof window!='undefined'?window.document:null}, arguments);}).apply(null, arguments)"
}
[1762305284.591][INFO]: Waiting for pending navigations...
[1762305284.591][DEBUG]: DevTools WebSocket Command: Runtime.evaluate (id=173) (session_id=020896624AC3A50119819791F246C3B0) 0D5EDC095436449006366D111B2AD7EB {
   "expression": "1"
}
[1762305284.592][DEBUG]: DevTools WebSocket Response: Runtime.evaluate (id=173) (session_id=020896624AC3A50119819791F246C3B0) 0D5EDC095436449006366D111B2AD7EB {
   "result": {
      "description": "1",
      "type": "number",
      "value": 1
   }
}
[1762305284.592][INFO]: Done waiting for pending navigations. Status: ok
[1762305284.592][DEBUG]: DevTools WebSocket Command: Page.getFrameTree (id=174) (session_id=020896624AC3A50119819791F246C3B0) 0D5EDC095436449006366D111B2AD7EB {
}
[1762305284.592][DEBUG]: DevTools WebSocket Response: Page.getFrameTree (id=174) (session_id=020896624AC3A50119819791F246C3B0) 0D5EDC095436449006366D111B2AD7EB {
   "frameTree": {
      "childFrames": [ {
         "frame": {
            "adFrameStatus": {
               "adFrameType": "none",
               "explanations": [  ]
            },
            "crossOriginIsolatedContextType": "NotIsolated",
            "domainAndRegistry": "",
            "gatedAPIFeatures": [  ],
            "id": "7C884AFF19772ED3553A15E2C3C15B2C",
            "loaderId": "24415C887EEE12ADD46BD66C1FB5664E",
            "mimeType": "text/html",
            "name": "__tcfapiLocator",
            "parentId": "0D5EDC095436449006366D111B2AD7EB",
            "secureContextType": "Secure",
            "securityOrigin": "://",
            "securityOriginDetails": {
               "isLocalhost": false
            },
            "url": "about:blank"
         }
      } ],
      "frame": {
         "adFrameStatus": {
            "adFrameType": "none"
         },
         "crossOriginIsolatedContextType": "NotIsolated",
         "domainAndRegistry": "ecosia.org",
         "gatedAPIFeatures": [  ],
         "id": "0D5EDC095436449006366D111B2AD7EB",
         "loaderId": "017A3C7A6DB955E281BA06348EE64563",
         "mimeType": "text/html",
         "secureContextType": "Secure",
         "securityOrigin": "https://www.ecosia.org",
         "securityOriginDetails": {
            "isLocalhost": false
         },
         "url": "https://www.ecosia.org/"
      }
   }
}
[1762305284.592][DEBUG]: DevTools WebSocket Command: DOM.resolveNode (id=175) (session_id=020896624AC3A50119819791F246C3B0) 0D5EDC095436449006366D111B2AD7EB {
   "backendNodeId": 14,
   "objectGroup": "df4c17c1-3e45-49e0-83cc-93eeb0e6bb42"
}
[1762305284.592][DEBUG]: DevTools WebSocket Response: DOM.resolveNode (id=175) (session_id=020896624AC3A50119819791F246C3B0) 0D5EDC095436449006366D111B2AD7EB {
   "object": {
      "className": "HTMLButtonElement",
      "description": "button.button.search-form__submit.base-button.base-button--variant-bare.base-button--size-m.base-button--elevation-0.base-button--text-size-m.button--icon-position-start.button-icon",
      "objectId": "1465936456213613148.1.39",
      "subtype": "node",
      "type": "object"
   }
}
[1762305284.592][DEBUG]: DevTools WebSocket Command: Page.getFrameTree (id=176) (session_id=020896624AC3A50119819791F246C3B0) 0D5EDC095436449006366D111B2AD7EB {
}
[1762305284.592][DEBUG]: DevTools WebSocket Response: Page.getFrameTree (id=176) (session_id=020896624AC3A50119819791F246C3B0) 0D5EDC095436449006366D111B2AD7EB {
   "frameTree": {
      "childFrames": [ {
         "frame": {
            "adFrameStatus": {
               "adFrameType": "none",
               "explanations": [  ]
            },
            "crossOriginIsolatedContextType": "NotIsolated",
            "domainAndRegistry": "",
            "gatedAPIFeatures": [  ],
            "id": "7C884AFF19772ED3553A15E2C3C15B2C",
            "loaderId": "24415C887EEE12ADD46BD66C1FB5664E",
            "mimeType": "text/html",
            "name": "__tcfapiLocator",
            "parentId": "0D5EDC095436449006366D111B2AD7EB",
            "secureContextType": "Secure",
            "securityOrigin": "://",
            "securityOriginDetails": {
               "isLocalhost": false
            },
            "url": "about:blank"
         }
      } ],
      "frame": {
         "adFrameStatus": {
            "adFrameType": "none"
         },
         "crossOriginIsolatedContextType": "NotIsolated",
         "domainAndRegistry": "ecosia.org",
         "gatedAPIFeatures": [  ],
         "id": "0D5EDC095436449006366D111B2AD7EB",
         "loaderId": "017A3C7A6DB955E281BA06348EE64563",
         "mimeType": "text/html",
         "secureContextType": "Secure",
         "securityOrigin": "https://www.ecosia.org",
         "securityOriginDetails": {
            "isLocalhost": false
         },
         "url": "https://www.ecosia.org/"
      }
   }
}
[1762305284.593][DEBUG]: DevTools WebSocket Command: Runtime.callFunctionOn (id=177) (session_id=020896624AC3A50119819791F246C3B0) 0D5EDC095436449006366D111B2AD7EB {
   "arguments": [ {
      "objectId": "1465936456213613148.1.39"
   } ],
   "awaitPromise": true,
   "functionDeclaration": "function(){ return (function() { // Copyright 2012 The Chromium Authors\n// Use of this source code is governed by a BSD-style license that can be\n// found in the LICENSE file.\n\n/**\n * Enum for WebD...",
   "objectGroup": "df4c17c1-3e45-49e0-83cc-93eeb0e6bb42",
   "serializationOptions": {
      "serialization": "deep"
   },
   "uniqueContextId": "1764549309517658738.-925398802202643774"
}
[1762305284.594][DEBUG]: DevTools WebSocket Response: Runtime.callFunctionOn (id=177) (session_id=020896624AC3A50119819791F246C3B0) 0D5EDC095436449006366D111B2AD7EB {
   "result": {
      "className": "Array",
      "deepSerializedValue": {
         "type": "array",
         "value": [ {
            "type": "string",
            "value": "{\"status\":0,\"value\":true}"
         } ]
      },
      "description": "Array(1)",
      "objectId": "1465936456213613148.1.40",
      "subtype": "array",
      "type": "object"
   }
}
[1762305284.594][DEBUG]: DevTools WebSocket Command: Runtime.releaseObjectGroup (id=178) (session_id=020896624AC3A50119819791F246C3B0) 0D5EDC095436449006366D111B2AD7EB {
   "objectGroup": "df4c17c1-3e45-49e0-83cc-93eeb0e6bb42"
}
[1762305284.594][INFO]: Waiting for pending navigations...
[1762305284.594][DEBUG]: DevTools WebSocket Command: Runtime.evaluate (id=179) (session_id=020896624AC3A50119819791F246C3B0) 0D5EDC095436449006366D111B2AD7EB {
   "expression": "1"
}
[1762305284.594][DEBUG]: DevTools WebSocket Response: Runtime.releaseObjectGroup (id=178) (session_id=020896624AC3A50119819791F246C3B0) 0D5EDC095436449006366D111B2AD7EB {
}
[1762305284.595][DEBUG]: DevTools WebSocket Response: Runtime.evaluate (id=179) (session_id=020896624AC3A50119819791F246C3B0) 0D5EDC095436449006366D111B2AD7EB {
   "result": {
      "description": "1",
      "type": "number",
      "value": 1
   }
}
[1762305284.595][INFO]: Done waiting for pending navigations. Status: ok
[1762305284.595][INFO]: [4c8a8d7329e980191e11d5349f9c329c] RESPONSE ExecuteScript true
[1762305284.598][INFO]: [4c8a8d7329e980191e11d5349f9c329c] COMMAND FindElements {
   "using": "css selector",
   "value": "button[type=submit]"
}
[1762305284.598][INFO]: Waiting for pending navigations...
[1762305284.598][DEBUG]: DevTools WebSocket Command: Runtime.evaluate (id=180) (session_id=020896624AC3A50119819791F246C3B0) 0D5EDC095436449006366D111B2AD7EB {
   "expression": "1"
}
[1762305284.598][DEBUG]: DevTools WebSocket Response: Runtime.evaluate (id=180) (session_id=020896624AC3A50119819791F246C3B0) 0D5EDC095436449006366D111B2AD7EB {
   "result": {
      "description": "1",
      "type": "number",
      "value": 1
   }
}
[1762305284.598][INFO]: Done waiting for pending navigations. Status: ok
[1762305284.598][DEBUG]: DevTools WebSocket Command: Page.getFrameTree (id=181) (session_id=020896624AC3A50119819791F246C3B0) 0D5EDC095436449006366D111B2AD7EB {
}
[1762305284.598][DEBUG]: DevTools WebSocket Response: Page.getFrameTree (id=181) (session_id=020896624AC3A50119819791F246C3B0) 0D5EDC095436449006366D111B2AD7EB {
   "frameTree": {
      "childFrames": [ {
         "frame": {
            "adFrameStatus": {
               "adFrameType": "none",
               "explanations": [  ]
            },
            "crossOriginIsolatedContextType": "NotIsolated",
            "domainAndRegistry": "",
            "gatedAPIFeatures": [  ],
            "id": "7C884AFF19772ED3553A15E2C3C15B2C",
            "loaderId": "24415C887EEE12ADD46BD66C1FB5664E",
            "mimeType": "text/html",
            "name": "__tcfapiLocator",
            "parentId": "0D5EDC095436449006366D111B2AD7EB",
            "secureContextType": "Secure",
            "securityOrigin": "://",
            "securityOriginDetails": {
               "isLocalhost": false
            },
            "url": "about:blank"
         }
      } ],
      "frame": {
         "adFrameStatus": {
            "adFrameType": "none"
         },
         "crossOriginIsolatedContextType": "NotIsolated",
         "domainAndRegistry": "ecosia.org",
         "gatedAPIFeatures": [  ],
         "id": "0D5EDC095436449006366D111B2AD7EB",
         "loaderId": "017A3C7A6DB955E281BA06348EE64563",
         "mimeType": "text/html",
         "secureContextType": "Secure",
         "securityOrigin": "https://www.ecosia.org",
         "securityOriginDetails": {
            "isLocalhost": false
         },
         "url": "https://www.ecosia.org/"
      }
   }
}
[1762305284.598][DEBUG]: DevTools WebSocket Command: Page.getFrameTree (id=182) (session_id=020896624AC3A50119819791F246C3B0) 0D5EDC095436449006366D111B2AD7EB {
}
[1762305284.598][DEBUG]: DevTools WebSocket Response: Page.getFrameTree (id=182) (session_id=020896624AC3A50119819791F246C3B0) 0D5EDC095436449006366D111B2AD7EB {
   "frameTree": {
      "childFrames": [ {
         "frame": {
            "adFrameStatus": {
               "adFrameType": "none",
               "explanations": [  ]
            },
            "crossOriginIsolatedContextType": "NotIsolated",
            "domainAndRegistry": "",
            "gatedAPIFeatures": [  ],
            "id": "7C884AFF19772ED3553A15E2C3C15B2C",
            "loaderId": "24415C887EEE12ADD46BD66C1FB5664E",
            "mimeType": "text/html",
            "name": "__tcfapiLocator",
            "parentId": "0D5EDC095436449006366D111B2AD7EB",
            "secureContextType": "Secure",
            "securityOrigin": "://",
            "securityOriginDetails": {
               "isLocalhost": false
            },
            "url": "about:blank"
         }
      } ],
      "frame": {
         "adFrameStatus": {
            "adFrameType": "none"
         },
         "crossOriginIsolatedContextType": "NotIsolated",
         "domainAndRegistry": "ecosia.org",
         "gatedAPIFeatures": [  ],
         "id": "0D5EDC095436449006366D111B2AD7EB",
         "loaderId": "017A3C7A6DB955E281BA06348EE64563",
         "mimeType": "text/html",
         "secureContextType": "Secure",
         "securityOrigin": "https://www.ecosia.org",
         "securityOriginDetails": {
            "isLocalhost": false
         },
         "url": "https://www.ecosia.org/"
      }
   }
}
[1762305284.599][DEBUG]: DevTools WebSocket Command: Runtime.callFunctionOn (id=183) (session_id=020896624AC3A50119819791F246C3B0) 0D5EDC095436449006366D111B2AD7EB {
   "arguments": [  ],
   "awaitPromise": true,
   "functionDeclaration": "function(){ return (function() { // Copyright 2012 The Chromium Authors\n// Use of this source code is governed by a BSD-style license that can be\n// found in the LICENSE file.\n\n/**\n * Enum for WebD...",
   "serializationOptions": {
      "serialization": "deep"
   },
   "uniqueContextId": "1764549309517658738.-925398802202643774"
}
[1762305284.601][DEBUG]: DevTools WebSocket Response: Runtime.callFunctionOn (id=183) (session_id=020896624AC3A50119819791F246C3B0) 0D5EDC095436449006366D111B2AD7EB {
   "result": {
      "className": "Array",
      "deepSerializedValue": {
         "type": "array",
         "value": [ {
            "type": "string",
            "value": "{\"status\":0,\"value\":[{\"element-6066-11e4-a52e-4f735466cecf\":0}]}"
         }, {
            "type": "node",
            "value": {
               "attributes": {
                  "aria-label": "Buscar",
                  "class": "button search-form__submit button base-button base-button--variant-bare base-button--size-m base-button--elevation-0 base-button--text-size-m search-form__submit button button--icon-position-start ...",
                  "data-test-id": "search-form-submit",
                  "data-v-4159ee44": "",
                  "data-v-ef413702": "",
                  "icon-class": "searchf-form__submit-icon",
                  "type": "submit",
                  "variant": "bare"
               },
               "backendNodeId": 14,
               "childNodeCount": 1,
               "loaderId": "017A3C7A6DB955E281BA06348EE64563",
               "localName": "button",
               "namespaceURI": "http://www.w3.org/1999/xhtml",
               "nodeType": 1,
               "shadowRoot": null
            }
         } ]
      },
      "description": "Array(2)",
      "objectId": "1465936456213613148.1.41",
      "subtype": "array",
      "type": "object"
   }
}
[1762305284.601][INFO]: Waiting for pending navigations...
[1762305284.601][DEBUG]: DevTools WebSocket Command: Runtime.evaluate (id=184) (session_id=020896624AC3A50119819791F246C3B0) 0D5EDC095436449006366D111B2AD7EB {
   "expression": "1"
}
[1762305284.602][DEBUG]: DevTools WebSocket Response: Runtime.evaluate (id=184) (session_id=020896624AC3A50119819791F246C3B0) 0D5EDC095436449006366D111B2AD7EB {
   "result": {
      "description": "1",
      "type": "number",
      "value": 1
   }
}
[1762305284.602][INFO]: Done waiting for pending navigations. Status: ok
[1762305284.602][INFO]: [4c8a8d7329e980191e11d5349f9c329c] RESPONSE FindElements [ {
   "element-6066-11e4-a52e-4f735466cecf": "f.0D5EDC095436449006366D111B2AD7EB.d.017A3C7A6DB955E281BA06348EE64563.e.14"
} ]
[1762305284.603][INFO]: [4c8a8d7329e980191e11d5349f9c329c] COMMAND ClickElement {
   "id": "f.0D5EDC095436449006366D111B2AD7EB.d.017A3C7A6DB955E281BA06348EE64563.e.14"
}
[1762305284.603][INFO]: Waiting for pending navigations...
[1762305284.603][DEBUG]: DevTools WebSocket Command: Runtime.evaluate (id=185) (session_id=020896624AC3A50119819791F246C3B0) 0D5EDC095436449006366D111B2AD7EB {
   "expression": "1"
}
[1762305284.605][DEBUG]: DevTools WebSocket Response: Runtime.evaluate (id=185) (session_id=020896624AC3A50119819791F246C3B0) 0D5EDC095436449006366D111B2AD7EB {
   "result": {
      "description": "1",
      "type": "number",
      "value": 1
   }
}
[1762305284.605][INFO]: Done waiting for pending navigations. Status: ok
[1762305284.605][DEBUG]: DevTools WebSocket Command: Page.getFrameTree (id=186) (session_id=020896624AC3A50119819791F246C3B0) 0D5EDC095436449006366D111B2AD7EB {
}
[1762305284.605][DEBUG]: DevTools WebSocket Response: Page.getFrameTree (id=186) (session_id=020896624AC3A50119819791F246C3B0) 0D5EDC095436449006366D111B2AD7EB {
   "frameTree": {
      "childFrames": [ {
         "frame": {
            "adFrameStatus": {
               "adFrameType": "none",
               "explanations": [  ]
            },
            "crossOriginIsolatedContextType": "NotIsolated",
            "domainAndRegistry": "",
            "gatedAPIFeatures": [  ],
            "id": "7C884AFF19772ED3553A15E2C3C15B2C",
            "loaderId": "24415C887EEE12ADD46BD66C1FB5664E",
            "mimeType": "text/html",
            "name": "__tcfapiLocator",
            "parentId": "0D5EDC095436449006366D111B2AD7EB",
            "secureContextType": "Secure",
            "securityOrigin": "://",
            "securityOriginDetails": {
               "isLocalhost": false
            },
            "url": "about:blank"
         }
      } ],
      "frame": {
         "adFrameStatus": {
            "adFrameType": "none"
         },
         "crossOriginIsolatedContextType": "NotIsolated",
         "domainAndRegistry": "ecosia.org",
         "gatedAPIFeatures": [  ],
         "id": "0D5EDC095436449006366D111B2AD7EB",
         "loaderId": "017A3C7A6DB955E281BA06348EE64563",
         "mimeType": "text/html",
         "secureContextType": "Secure",
         "securityOrigin": "https://www.ecosia.org",
         "securityOriginDetails": {
            "isLocalhost": false
         },
         "url": "https://www.ecosia.org/"
      }
   }
}
[1762305284.605][DEBUG]: DevTools WebSocket Command: DOM.resolveNode (id=187) (session_id=020896624AC3A50119819791F246C3B0) 0D5EDC095436449006366D111B2AD7EB {
   "backendNodeId": 14,
   "objectGroup": "7d6378a3-2aa8-4901-bb74-235607c1a86c"
}
[1762305284.606][DEBUG]: DevTools WebSocket Response: DOM.resolveNode (id=187) (session_id=020896624AC3A50119819791F246C3B0) 0D5EDC095436449006366D111B2AD7EB {
   "object": {
      "className": "HTMLButtonElement",
      "description": "button.button.search-form__submit.base-button.base-button--variant-bare.base-button--size-m.base-button--elevation-0.base-button--text-size-m.button--icon-position-start.button-icon",
      "objectId": "1465936456213613148.1.42",
      "subtype": "node",
      "type": "object"
   }
}
[1762305284.606][DEBUG]: DevTools WebSocket Command: Page.getFrameTree (id=188) (session_id=020896624AC3A50119819791F246C3B0) 0D5EDC095436449006366D111B2AD7EB {
}
[1762305284.606][DEBUG]: DevTools WebSocket Response: Page.getFrameTree (id=188) (session_id=020896624AC3A50119819791F246C3B0) 0D5EDC095436449006366D111B2AD7EB {
   "frameTree": {
      "childFrames": [ {
         "frame": {
            "adFrameStatus": {
               "adFrameType": "none",
               "explanations": [  ]
            },
            "crossOriginIsolatedContextType": "NotIsolated",
            "domainAndRegistry": "",
            "gatedAPIFeatures": [  ],
            "id": "7C884AFF19772ED3553A15E2C3C15B2C",
            "loaderId": "24415C887EEE12ADD46BD66C1FB5664E",
            "mimeType": "text/html",
            "name": "__tcfapiLocator",
            "parentId": "0D5EDC095436449006366D111B2AD7EB",
            "secureContextType": "Secure",
            "securityOrigin": "://",
            "securityOriginDetails": {
               "isLocalhost": false
            },
            "url": "about:blank"
         }
      } ],
      "frame": {
         "adFrameStatus": {
            "adFrameType": "none"
         },
         "crossOriginIsolatedContextType": "NotIsolated",
         "domainAndRegistry": "ecosia.org",
         "gatedAPIFeatures": [  ],
         "id": "0D5EDC095436449006366D111B2AD7EB",
         "loaderId": "017A3C7A6DB955E281BA06348EE64563",
         "mimeType": "text/html",
         "secureContextType": "Secure",
         "securityOrigin": "https://www.ecosia.org",
         "securityOriginDetails": {
            "isLocalhost": false
         },
         "url": "https://www.ecosia.org/"
      }
   }
}
[1762305284.606][DEBUG]: DevTools WebSocket Command: Runtime.callFunctionOn (id=189) (session_id=020896624AC3A50119819791F246C3B0) 0D5EDC095436449006366D111B2AD7EB {
   "arguments": [ {
      "objectId": "1465936456213613148.1.42"
   } ],
   "awaitPromise": true,
   "functionDeclaration": "function(){ return (function() { // Copyright 2012 The Chromium Authors\n// Use of this source code is governed by a BSD-style license that can be\n// found in the LICENSE file.\n\n/**\n * Enum for WebD...",
   "objectGroup": "7d6378a3-2aa8-4901-bb74-235607c1a86c",
   "serializationOptions": {
      "serialization": "deep"
   },
   "uniqueContextId": "1764549309517658738.-925398802202643774"
}
[1762305284.607][DEBUG]: DevTools WebSocket Response: Runtime.callFunctionOn (id=189) (session_id=020896624AC3A50119819791F246C3B0) 0D5EDC095436449006366D111B2AD7EB {
   "result": {
      "className": "Array",
      "deepSerializedValue": {
         "type": "array",
         "value": [ {
            "type": "string",
            "value": "{\"status\":0,\"value\":\"BUTTON\"}"
         } ]
      },
      "description": "Array(1)",
      "objectId": "1465936456213613148.1.43",
      "subtype": "array",
      "type": "object"
   }
}
[1762305284.607][DEBUG]: DevTools WebSocket Command: Runtime.releaseObjectGroup (id=190) (session_id=020896624AC3A50119819791F246C3B0) 0D5EDC095436449006366D111B2AD7EB {
   "objectGroup": "7d6378a3-2aa8-4901-bb74-235607c1a86c"
}
[1762305284.607][DEBUG]: DevTools WebSocket Command: Page.getFrameTree (id=191) (session_id=020896624AC3A50119819791F246C3B0) 0D5EDC095436449006366D111B2AD7EB {
}
[1762305284.607][DEBUG]: DevTools WebSocket Response: Runtime.releaseObjectGroup (id=190) (session_id=020896624AC3A50119819791F246C3B0) 0D5EDC095436449006366D111B2AD7EB {
}
[1762305284.607][DEBUG]: DevTools WebSocket Response: Page.getFrameTree (id=191) (session_id=020896624AC3A50119819791F246C3B0) 0D5EDC095436449006366D111B2AD7EB {
   "frameTree": {
      "childFrames": [ {
         "frame": {
            "adFrameStatus": {
               "adFrameType": "none",
               "explanations": [  ]
            },
            "crossOriginIsolatedContextType": "NotIsolated",
            "domainAndRegistry": "",
            "gatedAPIFeatures": [  ],
            "id": "7C884AFF19772ED3553A15E2C3C15B2C",
            "loaderId": "24415C887EEE12ADD46BD66C1FB5664E",
            "mimeType": "text/html",
            "name": "__tcfapiLocator",
            "parentId": "0D5EDC095436449006366D111B2AD7EB",
            "secureContextType": "Secure",
            "securityOrigin": "://",
            "securityOriginDetails": {
               "isLocalhost": false
            },
            "url": "about:blank"
         }
      } ],
      "frame": {
         "adFrameStatus": {
            "adFrameType": "none"
         },
         "crossOriginIsolatedContextType": "NotIsolated",
         "domainAndRegistry": "ecosia.org",
         "gatedAPIFeatures": [  ],
         "id": "0D5EDC095436449006366D111B2AD7EB",
         "loaderId": "017A3C7A6DB955E281BA06348EE64563",
         "mimeType": "text/html",
         "secureContextType": "Secure",
         "securityOrigin": "https://www.ecosia.org",
         "securityOriginDetails": {
            "isLocalhost": false
         },
         "url": "https://www.ecosia.org/"
      }
   }
}
[1762305284.607][DEBUG]: DevTools WebSocket Command: DOM.resolveNode (id=192) (session_id=020896624AC3A50119819791F246C3B0) 0D5EDC095436449006366D111B2AD7EB {
   "backendNodeId": 14,
   "objectGroup": "7ee9be59-590d-4faa-b456-fc2fd6aaf2c1"
}
[1762305284.607][DEBUG]: DevTools WebSocket Response: DOM.resolveNode (id=192) (session_id=020896624AC3A50119819791F246C3B0) 0D5EDC095436449006366D111B2AD7EB {
   "object": {
      "className": "HTMLButtonElement",
      "description": "button.button.search-form__submit.base-button.base-button--variant-bare.base-button--size-m.base-button--elevation-0.base-button--text-size-m.button--icon-position-start.button-icon",
      "objectId": "1465936456213613148.1.44",
      "subtype": "node",
      "type": "object"
   }
}
[1762305284.607][DEBUG]: DevTools WebSocket Command: Page.getFrameTree (id=193) (session_id=020896624AC3A50119819791F246C3B0) 0D5EDC095436449006366D111B2AD7EB {
}
[1762305284.608][DEBUG]: DevTools WebSocket Response: Page.getFrameTree (id=193) (session_id=020896624AC3A50119819791F246C3B0) 0D5EDC095436449006366D111B2AD7EB {
   "frameTree": {
      "childFrames": [ {
         "frame": {
            "adFrameStatus": {
               "adFrameType": "none",
               "explanations": [  ]
            },
            "crossOriginIsolatedContextType": "NotIsolated",
            "domainAndRegistry": "",
            "gatedAPIFeatures": [  ],
            "id": "7C884AFF19772ED3553A15E2C3C15B2C",
            "loaderId": "24415C887EEE12ADD46BD66C1FB5664E",
            "mimeType": "text/html",
            "name": "__tcfapiLocator",
            "parentId": "0D5EDC095436449006366D111B2AD7EB",
            "secureContextType": "Secure",
            "securityOrigin": "://",
            "securityOriginDetails": {
               "isLocalhost": false
            },
            "url": "about:blank"
         }
      } ],
      "frame": {
         "adFrameStatus": {
            "adFrameType": "none"
         },
         "crossOriginIsolatedContextType": "NotIsolated",
         "domainAndRegistry": "ecosia.org",
         "gatedAPIFeatures": [  ],
         "id": "0D5EDC095436449006366D111B2AD7EB",
         "loaderId": "017A3C7A6DB955E281BA06348EE64563",
         "mimeType": "text/html",
         "secureContextType": "Secure",
         "securityOrigin": "https://www.ecosia.org",
         "securityOriginDetails": {
            "isLocalhost": false
         },
         "url": "https://www.ecosia.org/"
      }
   }
}
[1762305284.608][DEBUG]: DevTools WebSocket Command: Runtime.callFunctionOn (id=194) (session_id=020896624AC3A50119819791F246C3B0) 0D5EDC095436449006366D111B2AD7EB {
   "arguments": [ {
      "objectId": "1465936456213613148.1.44"
   } ],
   "awaitPromise": true,
   "functionDeclaration": "function(){ return (function() { // Copyright 2012 The Chromium Authors\n// Use of this source code is governed by a BSD-style license that can be\n// found in the LICENSE file.\n\n/**\n * Enum for WebD...",
   "objectGroup": "7ee9be59-590d-4faa-b456-fc2fd6aaf2c1",
   "serializationOptions": {
      "serialization": "deep"
   },
   "uniqueContextId": "1764549309517658738.-925398802202643774"
}
[1762305284.609][DEBUG]: DevTools WebSocket Response: Runtime.callFunctionOn (id=194) (session_id=020896624AC3A50119819791F246C3B0) 0D5EDC095436449006366D111B2AD7EB {
   "result": {
      "className": "Array",
      "deepSerializedValue": {
         "type": "array",
         "value": [ {
            "type": "string",
            "value": "{\"status\":0,\"value\":\"BUTTON\"}"
         } ]
      },
      "description": "Array(1)",
      "objectId": "1465936456213613148.1.45",
      "subtype": "array",
      "type": "object"
   }
}
[1762305284.609][DEBUG]: DevTools WebSocket Command: Runtime.releaseObjectGroup (id=195) (session_id=020896624AC3A50119819791F246C3B0) 0D5EDC095436449006366D111B2AD7EB {
   "objectGroup": "7ee9be59-590d-4faa-b456-fc2fd6aaf2c1"
}
[1762305284.609][DEBUG]: DevTools WebSocket Command: Page.getFrameTree (id=196) (session_id=020896624AC3A50119819791F246C3B0) 0D5EDC095436449006366D111B2AD7EB {
}
[1762305284.609][DEBUG]: DevTools WebSocket Response: Runtime.releaseObjectGroup (id=195) (session_id=020896624AC3A50119819791F246C3B0) 0D5EDC095436449006366D111B2AD7EB {
}
[1762305284.609][DEBUG]: DevTools WebSocket Response: Page.getFrameTree (id=196) (session_id=020896624AC3A50119819791F246C3B0) 0D5EDC095436449006366D111B2AD7EB {
   "frameTree": {
      "childFrames": [ {
         "frame": {
            "adFrameStatus": {
               "adFrameType": "none",
               "explanations": [  ]
            },
            "crossOriginIsolatedContextType": "NotIsolated",
            "domainAndRegistry": "",
            "gatedAPIFeatures": [  ],
            "id": "7C884AFF19772ED3553A15E2C3C15B2C",
            "loaderId": "24415C887EEE12ADD46BD66C1FB5664E",
            "mimeType": "text/html",
            "name": "__tcfapiLocator",
            "parentId": "0D5EDC095436449006366D111B2AD7EB",
            "secureContextType": "Secure",
            "securityOrigin": "://",
            "securityOriginDetails": {
               "isLocalhost": false
            },
            "url": "about:blank"
         }
      } ],
      "frame": {
         "adFrameStatus": {
            "adFrameType": "none"
         },
         "crossOriginIsolatedContextType": "NotIsolated",
         "domainAndRegistry": "ecosia.org",
         "gatedAPIFeatures": [  ],
         "id": "0D5EDC095436449006366D111B2AD7EB",
         "loaderId": "017A3C7A6DB955E281BA06348EE64563",
         "mimeType": "text/html",
         "secureContextType": "Secure",
         "securityOrigin": "https://www.ecosia.org",
         "securityOriginDetails": {
            "isLocalhost": false
         },
         "url": "https://www.ecosia.org/"
      }
   }
}
[1762305284.609][DEBUG]: DevTools WebSocket Command: DOM.resolveNode (id=197) (session_id=020896624AC3A50119819791F246C3B0) 0D5EDC095436449006366D111B2AD7EB {
   "backendNodeId": 14,
   "objectGroup": "425bbe49-9d66-4913-bfcb-2e490109c81a"
}
[1762305284.609][DEBUG]: DevTools WebSocket Response: DOM.resolveNode (id=197) (session_id=020896624AC3A50119819791F246C3B0) 0D5EDC095436449006366D111B2AD7EB {
   "object": {
      "className": "HTMLButtonElement",
      "description": "button.button.search-form__submit.base-button.base-button--variant-bare.base-button--size-m.base-button--elevation-0.base-button--text-size-m.button--icon-position-start.button-icon",
      "objectId": "1465936456213613148.1.46",
      "subtype": "node",
      "type": "object"
   }
}
[1762305284.609][DEBUG]: DevTools WebSocket Command: Page.getFrameTree (id=198) (session_id=020896624AC3A50119819791F246C3B0) 0D5EDC095436449006366D111B2AD7EB {
}
[1762305284.609][DEBUG]: DevTools WebSocket Response: Page.getFrameTree (id=198) (session_id=020896624AC3A50119819791F246C3B0) 0D5EDC095436449006366D111B2AD7EB {
   "frameTree": {
      "childFrames": [ {
         "frame": {
            "adFrameStatus": {
               "adFrameType": "none",
               "explanations": [  ]
            },
            "crossOriginIsolatedContextType": "NotIsolated",
            "domainAndRegistry": "",
            "gatedAPIFeatures": [  ],
            "id": "7C884AFF19772ED3553A15E2C3C15B2C",
            "loaderId": "24415C887EEE12ADD46BD66C1FB5664E",
            "mimeType": "text/html",
            "name": "__tcfapiLocator",
            "parentId": "0D5EDC095436449006366D111B2AD7EB",
            "secureContextType": "Secure",
            "securityOrigin": "://",
            "securityOriginDetails": {
               "isLocalhost": false
            },
            "url": "about:blank"
         }
      } ],
      "frame": {
         "adFrameStatus": {
            "adFrameType": "none"
         },
         "crossOriginIsolatedContextType": "NotIsolated",
         "domainAndRegistry": "ecosia.org",
         "gatedAPIFeatures": [  ],
         "id": "0D5EDC095436449006366D111B2AD7EB",
         "loaderId": "017A3C7A6DB955E281BA06348EE64563",
         "mimeType": "text/html",
         "secureContextType": "Secure",
         "securityOrigin": "https://www.ecosia.org",
         "securityOriginDetails": {
            "isLocalhost": false
         },
         "url": "https://www.ecosia.org/"
      }
   }
}
[1762305284.610][DEBUG]: DevTools WebSocket Command: Runtime.callFunctionOn (id=199) (session_id=020896624AC3A50119819791F246C3B0) 0D5EDC095436449006366D111B2AD7EB {
   "arguments": [ {
      "objectId": "1465936456213613148.1.46"
   } ],
   "awaitPromise": true,
   "functionDeclaration": "function(){ return (function() { // Copyright 2012 The Chromium Authors\n// Use of this source code is governed by a BSD-style license that can be\n// found in the LICENSE file.\n\n/**\n * Enum for WebD...",
   "objectGroup": "425bbe49-9d66-4913-bfcb-2e490109c81a",
   "serializationOptions": {
      "serialization": "deep"
   },
   "uniqueContextId": "1764549309517658738.-925398802202643774"
}
[1762305284.612][DEBUG]: DevTools WebSocket Response: Runtime.callFunctionOn (id=199) (session_id=020896624AC3A50119819791F246C3B0) 0D5EDC095436449006366D111B2AD7EB {
   "result": {
      "className": "Array",
      "deepSerializedValue": {
         "type": "array",
         "value": [ {
            "type": "string",
            "value": "{\"status\":0,\"value\":true}"
         } ]
      },
      "description": "Array(1)",
      "objectId": "1465936456213613148.1.47",
      "subtype": "array",
      "type": "object"
   }
}
[1762305284.612][DEBUG]: DevTools WebSocket Command: Runtime.releaseObjectGroup (id=200) (session_id=020896624AC3A50119819791F246C3B0) 0D5EDC095436449006366D111B2AD7EB {
   "objectGroup": "425bbe49-9d66-4913-bfcb-2e490109c81a"
}
[1762305284.612][DEBUG]: DevTools WebSocket Command: Page.getFrameTree (id=201) (session_id=020896624AC3A50119819791F246C3B0) 0D5EDC095436449006366D111B2AD7EB {
}
[1762305284.613][DEBUG]: DevTools WebSocket Response: Runtime.releaseObjectGroup (id=200) (session_id=020896624AC3A50119819791F246C3B0) 0D5EDC095436449006366D111B2AD7EB {
}
[1762305284.613][DEBUG]: DevTools WebSocket Response: Page.getFrameTree (id=201) (session_id=020896624AC3A50119819791F246C3B0) 0D5EDC095436449006366D111B2AD7EB {
   "frameTree": {
      "childFrames": [ {
         "frame": {
            "adFrameStatus": {
               "adFrameType": "none",
               "explanations": [  ]
            },
            "crossOriginIsolatedContextType": "NotIsolated",
            "domainAndRegistry": "",
            "gatedAPIFeatures": [  ],
            "id": "7C884AFF19772ED3553A15E2C3C15B2C",
            "loaderId": "24415C887EEE12ADD46BD66C1FB5664E",
            "mimeType": "text/html",
            "name": "__tcfapiLocator",
            "parentId": "0D5EDC095436449006366D111B2AD7EB",
            "secureContextType": "Secure",
            "securityOrigin": "://",
            "securityOriginDetails": {
               "isLocalhost": false
            },
            "url": "about:blank"
         }
      } ],
      "frame": {
         "adFrameStatus": {
            "adFrameType": "none"
         },
         "crossOriginIsolatedContextType": "NotIsolated",
         "domainAndRegistry": "ecosia.org",
         "gatedAPIFeatures": [  ],
         "id": "0D5EDC095436449006366D111B2AD7EB",
         "loaderId": "017A3C7A6DB955E281BA06348EE64563",
         "mimeType": "text/html",
         "secureContextType": "Secure",
         "securityOrigin": "https://www.ecosia.org",
         "securityOriginDetails": {
            "isLocalhost": false
         },
         "url": "https://www.ecosia.org/"
      }
   }
}
[1762305284.613][DEBUG]: DevTools WebSocket Command: DOM.resolveNode (id=202) (session_id=020896624AC3A50119819791F246C3B0) 0D5EDC095436449006366D111B2AD7EB {
   "backendNodeId": 14,
   "objectGroup": "8001d120-4210-4b13-9c06-017b742c65f1"
}
[1762305284.613][DEBUG]: DevTools WebSocket Response: DOM.resolveNode (id=202) (session_id=020896624AC3A50119819791F246C3B0) 0D5EDC095436449006366D111B2AD7EB {
   "object": {
      "className": "HTMLButtonElement",
      "description": "button.button.search-form__submit.base-button.base-button--variant-bare.base-button--size-m.base-button--elevation-0.base-button--text-size-m.button--icon-position-start.button-icon",
      "objectId": "1465936456213613148.1.48",
      "subtype": "node",
      "type": "object"
   }
}
[1762305284.613][DEBUG]: DevTools WebSocket Command: Page.getFrameTree (id=203) (session_id=020896624AC3A50119819791F246C3B0) 0D5EDC095436449006366D111B2AD7EB {
}
[1762305284.613][DEBUG]: DevTools WebSocket Response: Page.getFrameTree (id=203) (session_id=020896624AC3A50119819791F246C3B0) 0D5EDC095436449006366D111B2AD7EB {
   "frameTree": {
      "childFrames": [ {
         "frame": {
            "adFrameStatus": {
               "adFrameType": "none",
               "explanations": [  ]
            },
            "crossOriginIsolatedContextType": "NotIsolated",
            "domainAndRegistry": "",
            "gatedAPIFeatures": [  ],
            "id": "7C884AFF19772ED3553A15E2C3C15B2C",
            "loaderId": "24415C887EEE12ADD46BD66C1FB5664E",
            "mimeType": "text/html",
            "name": "__tcfapiLocator",
            "parentId": "0D5EDC095436449006366D111B2AD7EB",
            "secureContextType": "Secure",
            "securityOrigin": "://",
            "securityOriginDetails": {
               "isLocalhost": false
            },
            "url": "about:blank"
         }
      } ],
      "frame": {
         "adFrameStatus": {
            "adFrameType": "none"
         },
         "crossOriginIsolatedContextType": "NotIsolated",
         "domainAndRegistry": "ecosia.org",
         "gatedAPIFeatures": [  ],
         "id": "0D5EDC095436449006366D111B2AD7EB",
         "loaderId": "017A3C7A6DB955E281BA06348EE64563",
         "mimeType": "text/html",
         "secureContextType": "Secure",
         "securityOrigin": "https://www.ecosia.org",
         "securityOriginDetails": {
            "isLocalhost": false
         },
         "url": "https://www.ecosia.org/"
      }
   }
}
[1762305284.614][DEBUG]: DevTools WebSocket Command: Runtime.callFunctionOn (id=204) (session_id=020896624AC3A50119819791F246C3B0) 0D5EDC095436449006366D111B2AD7EB {
   "arguments": [ {
      "objectId": "1465936456213613148.1.48"
   } ],
   "awaitPromise": true,
   "functionDeclaration": "function(){ return (function() { // Copyright 2012 The Chromium Authors\n// Use of this source code is governed by a BSD-style license that can be\n// found in the LICENSE file.\n\n/**\n * Enum for WebD...",
   "objectGroup": "8001d120-4210-4b13-9c06-017b742c65f1",
   "serializationOptions": {
      "serialization": "deep"
   },
   "uniqueContextId": "1764549309517658738.-925398802202643774"
}
[1762305284.615][DEBUG]: DevTools WebSocket Response: Runtime.callFunctionOn (id=204) (session_id=020896624AC3A50119819791F246C3B0) 0D5EDC095436449006366D111B2AD7EB {
   "result": {
      "className": "Array",
      "deepSerializedValue": {
         "type": "array",
         "value": [ {
            "type": "string",
            "value": "{\"status\":0,\"value\":{\"left\":0,\"top\":0,\"height\":40,\"width\":40}}"
         } ]
      },
      "description": "Array(1)",
      "objectId": "1465936456213613148.1.49",
      "subtype": "array",
      "type": "object"
   }
}
[1762305284.615][DEBUG]: DevTools WebSocket Command: Runtime.releaseObjectGroup (id=205) (session_id=020896624AC3A50119819791F246C3B0) 0D5EDC095436449006366D111B2AD7EB {
   "objectGroup": "8001d120-4210-4b13-9c06-017b742c65f1"
}
[1762305284.615][DEBUG]: DevTools WebSocket Command: Page.getFrameTree (id=206) (session_id=020896624AC3A50119819791F246C3B0) 0D5EDC095436449006366D111B2AD7EB {
}
[1762305284.615][DEBUG]: DevTools WebSocket Response: Runtime.releaseObjectGroup (id=205) (session_id=020896624AC3A50119819791F246C3B0) 0D5EDC095436449006366D111B2AD7EB {
}
[1762305284.616][DEBUG]: DevTools WebSocket Response: Page.getFrameTree (id=206) (session_id=020896624AC3A50119819791F246C3B0) 0D5EDC095436449006366D111B2AD7EB {
   "frameTree": {
      "childFrames": [ {
         "frame": {
            "adFrameStatus": {
               "adFrameType": "none",
               "explanations": [  ]
            },
            "crossOriginIsolatedContextType": "NotIsolated",
            "domainAndRegistry": "",
            "gatedAPIFeatures": [  ],
            "id": "7C884AFF19772ED3553A15E2C3C15B2C",
            "loaderId": "24415C887EEE12ADD46BD66C1FB5664E",
            "mimeType": "text/html",
            "name": "__tcfapiLocator",
            "parentId": "0D5EDC095436449006366D111B2AD7EB",
            "secureContextType": "Secure",
            "securityOrigin": "://",
            "securityOriginDetails": {
               "isLocalhost": false
            },
            "url": "about:blank"
         }
      } ],
      "frame": {
         "adFrameStatus": {
            "adFrameType": "none"
         },
         "crossOriginIsolatedContextType": "NotIsolated",
         "domainAndRegistry": "ecosia.org",
         "gatedAPIFeatures": [  ],
         "id": "0D5EDC095436449006366D111B2AD7EB",
         "loaderId": "017A3C7A6DB955E281BA06348EE64563",
         "mimeType": "text/html",
         "secureContextType": "Secure",
         "securityOrigin": "https://www.ecosia.org",
         "securityOriginDetails": {
            "isLocalhost": false
         },
         "url": "https://www.ecosia.org/"
      }
   }
}
[1762305284.616][DEBUG]: DevTools WebSocket Command: DOM.resolveNode (id=207) (session_id=020896624AC3A50119819791F246C3B0) 0D5EDC095436449006366D111B2AD7EB {
   "backendNodeId": 14,
   "objectGroup": "72d34e3f-edb0-4ead-8564-1de577c6074d"
}
[1762305284.616][DEBUG]: DevTools WebSocket Response: DOM.resolveNode (id=207) (session_id=020896624AC3A50119819791F246C3B0) 0D5EDC095436449006366D111B2AD7EB {
   "object": {
      "className": "HTMLButtonElement",
      "description": "button.button.search-form__submit.base-button.base-button--variant-bare.base-button--size-m.base-button--elevation-0.base-button--text-size-m.button--icon-position-start.button-icon",
      "objectId": "1465936456213613148.1.50",
      "subtype": "node",
      "type": "object"
   }
}
[1762305284.616][DEBUG]: DevTools WebSocket Command: Page.getFrameTree (id=208) (session_id=020896624AC3A50119819791F246C3B0) 0D5EDC095436449006366D111B2AD7EB {
}
[1762305284.617][DEBUG]: DevTools WebSocket Response: Page.getFrameTree (id=208) (session_id=020896624AC3A50119819791F246C3B0) 0D5EDC095436449006366D111B2AD7EB {
   "frameTree": {
      "childFrames": [ {
         "frame": {
            "adFrameStatus": {
               "adFrameType": "none",
               "explanations": [  ]
            },
            "crossOriginIsolatedContextType": "NotIsolated",
            "domainAndRegistry": "",
            "gatedAPIFeatures": [  ],
            "id": "7C884AFF19772ED3553A15E2C3C15B2C",
            "loaderId": "24415C887EEE12ADD46BD66C1FB5664E",
            "mimeType": "text/html",
            "name": "__tcfapiLocator",
            "parentId": "0D5EDC095436449006366D111B2AD7EB",
            "secureContextType": "Secure",
            "securityOrigin": "://",
            "securityOriginDetails": {
               "isLocalhost": false
            },
            "url": "about:blank"
         }
      } ],
      "frame": {
         "adFrameStatus": {
            "adFrameType": "none"
         },
         "crossOriginIsolatedContextType": "NotIsolated",
         "domainAndRegistry": "ecosia.org",
         "gatedAPIFeatures": [  ],
         "id": "0D5EDC095436449006366D111B2AD7EB",
         "loaderId": "017A3C7A6DB955E281BA06348EE64563",
         "mimeType": "text/html",
         "secureContextType": "Secure",
         "securityOrigin": "https://www.ecosia.org",
         "securityOriginDetails": {
            "isLocalhost": false
         },
         "url": "https://www.ecosia.org/"
      }
   }
}
[1762305284.617][DEBUG]: DevTools WebSocket Command: Runtime.callFunctionOn (id=209) (session_id=020896624AC3A50119819791F246C3B0) 0D5EDC095436449006366D111B2AD7EB {
   "arguments": [ {
      "objectId": "1465936456213613148.1.50"
   } ],
   "awaitPromise": true,
   "functionDeclaration": "function(){ return (function() { // Copyright 2012 The Chromium Authors\n// Use of this source code is governed by a BSD-style license that can be\n// found in the LICENSE file.\n\n/**\n * Enum for WebD...",
   "objectGroup": "72d34e3f-edb0-4ead-8564-1de577c6074d",
   "serializationOptions": {
      "serialization": "deep"
   },
   "uniqueContextId": "1764549309517658738.-925398802202643774"
}
[1762305284.620][DEBUG]: DevTools WebSocket Response: Runtime.callFunctionOn (id=209) (session_id=020896624AC3A50119819791F246C3B0) 0D5EDC095436449006366D111B2AD7EB {
   "result": {
      "className": "Array",
      "deepSerializedValue": {
         "type": "array",
         "value": [ {
            "type": "string",
            "value": "{\"status\":0,\"value\":{\"x\":830,\"y\":60,\"clone\":{},\"ceil\":{},\"floor\":{},\"round\":{},\"translate\":{},\"scale\":{}}}"
         } ]
      },
      "description": "Array(1)",
      "objectId": "1465936456213613148.1.51",
      "subtype": "array",
      "type": "object"
   }
}
[1762305284.620][DEBUG]: DevTools WebSocket Command: Runtime.releaseObjectGroup (id=210) (session_id=020896624AC3A50119819791F246C3B0) 0D5EDC095436449006366D111B2AD7EB {
   "objectGroup": "72d34e3f-edb0-4ead-8564-1de577c6074d"
}
[1762305284.620][DEBUG]: DevTools WebSocket Command: Page.getFrameTree (id=211) (session_id=020896624AC3A50119819791F246C3B0) 0D5EDC095436449006366D111B2AD7EB {
}
[1762305284.621][DEBUG]: DevTools WebSocket Response: Runtime.releaseObjectGroup (id=210) (session_id=020896624AC3A50119819791F246C3B0) 0D5EDC095436449006366D111B2AD7EB {
}
[1762305284.621][DEBUG]: DevTools WebSocket Response: Page.getFrameTree (id=211) (session_id=020896624AC3A50119819791F246C3B0) 0D5EDC095436449006366D111B2AD7EB {
   "frameTree": {
      "childFrames": [ {
         "frame": {
            "adFrameStatus": {
               "adFrameType": "none",
               "explanations": [  ]
            },
            "crossOriginIsolatedContextType": "NotIsolated",
            "domainAndRegistry": "",
            "gatedAPIFeatures": [  ],
            "id": "7C884AFF19772ED3553A15E2C3C15B2C",
            "loaderId": "24415C887EEE12ADD46BD66C1FB5664E",
            "mimeType": "text/html",
            "name": "__tcfapiLocator",
            "parentId": "0D5EDC095436449006366D111B2AD7EB",
            "secureContextType": "Secure",
            "securityOrigin": "://",
            "securityOriginDetails": {
               "isLocalhost": false
            },
            "url": "about:blank"
         }
      } ],
      "frame": {
         "adFrameStatus": {
            "adFrameType": "none"
         },
         "crossOriginIsolatedContextType": "NotIsolated",
         "domainAndRegistry": "ecosia.org",
         "gatedAPIFeatures": [  ],
         "id": "0D5EDC095436449006366D111B2AD7EB",
         "loaderId": "017A3C7A6DB955E281BA06348EE64563",
         "mimeType": "text/html",
         "secureContextType": "Secure",
         "securityOrigin": "https://www.ecosia.org",
         "securityOriginDetails": {
            "isLocalhost": false
         },
         "url": "https://www.ecosia.org/"
      }
   }
}
[1762305284.621][DEBUG]: DevTools WebSocket Command: DOM.resolveNode (id=212) (session_id=020896624AC3A50119819791F246C3B0) 0D5EDC095436449006366D111B2AD7EB {
   "backendNodeId": 14,
   "objectGroup": "7cac6961-7106-43c5-83af-9032a57f3416"
}
[1762305284.621][DEBUG]: DevTools WebSocket Response: DOM.resolveNode (id=212) (session_id=020896624AC3A50119819791F246C3B0) 0D5EDC095436449006366D111B2AD7EB {
   "object": {
      "className": "HTMLButtonElement",
      "description": "button.button.search-form__submit.base-button.base-button--variant-bare.base-button--size-m.base-button--elevation-0.base-button--text-size-m.button--icon-position-start.button-icon",
      "objectId": "1465936456213613148.1.52",
      "subtype": "node",
      "type": "object"
   }
}
[1762305284.621][DEBUG]: DevTools WebSocket Command: Page.getFrameTree (id=213) (session_id=020896624AC3A50119819791F246C3B0) 0D5EDC095436449006366D111B2AD7EB {
}
[1762305284.621][DEBUG]: DevTools WebSocket Response: Page.getFrameTree (id=213) (session_id=020896624AC3A50119819791F246C3B0) 0D5EDC095436449006366D111B2AD7EB {
   "frameTree": {
      "childFrames": [ {
         "frame": {
            "adFrameStatus": {
               "adFrameType": "none",
               "explanations": [  ]
            },
            "crossOriginIsolatedContextType": "NotIsolated",
            "domainAndRegistry": "",
            "gatedAPIFeatures": [  ],
            "id": "7C884AFF19772ED3553A15E2C3C15B2C",
            "loaderId": "24415C887EEE12ADD46BD66C1FB5664E",
            "mimeType": "text/html",
            "name": "__tcfapiLocator",
            "parentId": "0D5EDC095436449006366D111B2AD7EB",
            "secureContextType": "Secure",
            "securityOrigin": "://",
            "securityOriginDetails": {
               "isLocalhost": false
            },
            "url": "about:blank"
         }
      } ],
      "frame": {
         "adFrameStatus": {
            "adFrameType": "none"
         },
         "crossOriginIsolatedContextType": "NotIsolated",
         "domainAndRegistry": "ecosia.org",
         "gatedAPIFeatures": [  ],
         "id": "0D5EDC095436449006366D111B2AD7EB",
         "loaderId": "017A3C7A6DB955E281BA06348EE64563",
         "mimeType": "text/html",
         "secureContextType": "Secure",
         "securityOrigin": "https://www.ecosia.org",
         "securityOriginDetails": {
            "isLocalhost": false
         },
         "url": "https://www.ecosia.org/"
      }
   }
}
[1762305284.622][DEBUG]: DevTools WebSocket Command: Runtime.callFunctionOn (id=214) (session_id=020896624AC3A50119819791F246C3B0) 0D5EDC095436449006366D111B2AD7EB {
   "arguments": [ {
      "objectId": "1465936456213613148.1.52"
   } ],
   "awaitPromise": true,
   "functionDeclaration": "function(){ return (function() { // Copyright 2012 The Chromium Authors\n// Use of this source code is governed by a BSD-style license that can be\n// found in the LICENSE file.\n\n/**\n * Enum for WebD...",
   "objectGroup": "7cac6961-7106-43c5-83af-9032a57f3416",
   "serializationOptions": {
      "serialization": "deep"
   },
   "uniqueContextId": "1764549309517658738.-925398802202643774"
}
[1762305284.624][DEBUG]: DevTools WebSocket Response: Runtime.callFunctionOn (id=214) (session_id=020896624AC3A50119819791F246C3B0) 0D5EDC095436449006366D111B2AD7EB {
   "result": {
      "className": "Array",
      "deepSerializedValue": {
         "type": "array",
         "value": [ {
            "type": "string",
            "value": "{\"status\":0,\"value\":{\"clickable\":true,\"message\":\"Element's descendant would receive the click. Consider clicking the descendant instead. Descendant: \u003Csvg xmlns=\\\"http://www.w3.org/2000/svg\\\" width=..."
         } ]
      },
      "description": "Array(1)",
      "objectId": "1465936456213613148.1.53",
      "subtype": "array",
      "type": "object"
   }
}
[1762305284.624][DEBUG]: DevTools WebSocket Command: Runtime.releaseObjectGroup (id=215) (session_id=020896624AC3A50119819791F246C3B0) 0D5EDC095436449006366D111B2AD7EB {
   "objectGroup": "7cac6961-7106-43c5-83af-9032a57f3416"
}
[1762305284.624][DEBUG]: DevTools WebSocket Command: Page.getFrameTree (id=216) (session_id=020896624AC3A50119819791F246C3B0) 0D5EDC095436449006366D111B2AD7EB {
}
[1762305284.624][DEBUG]: DevTools WebSocket Response: Runtime.releaseObjectGroup (id=215) (session_id=020896624AC3A50119819791F246C3B0) 0D5EDC095436449006366D111B2AD7EB {
}
[1762305284.625][DEBUG]: DevTools WebSocket Response: Page.getFrameTree (id=216) (session_id=020896624AC3A50119819791F246C3B0) 0D5EDC095436449006366D111B2AD7EB {
   "frameTree": {
      "childFrames": [ {
         "frame": {
            "adFrameStatus": {
               "adFrameType": "none",
               "explanations": [  ]
            },
            "crossOriginIsolatedContextType": "NotIsolated",
            "domainAndRegistry": "",
            "gatedAPIFeatures": [  ],
            "id": "7C884AFF19772ED3553A15E2C3C15B2C",
            "loaderId": "24415C887EEE12ADD46BD66C1FB5664E",
            "mimeType": "text/html",
            "name": "__tcfapiLocator",
            "parentId": "0D5EDC095436449006366D111B2AD7EB",
            "secureContextType": "Secure",
            "securityOrigin": "://",
            "securityOriginDetails": {
               "isLocalhost": false
            },
            "url": "about:blank"
         }
      } ],
      "frame": {
         "adFrameStatus": {
            "adFrameType": "none"
         },
         "crossOriginIsolatedContextType": "NotIsolated",
         "domainAndRegistry": "ecosia.org",
         "gatedAPIFeatures": [  ],
         "id": "0D5EDC095436449006366D111B2AD7EB",
         "loaderId": "017A3C7A6DB955E281BA06348EE64563",
         "mimeType": "text/html",
         "secureContextType": "Secure",
         "securityOrigin": "https://www.ecosia.org",
         "securityOriginDetails": {
            "isLocalhost": false
         },
         "url": "https://www.ecosia.org/"
      }
   }
}
[1762305284.625][DEBUG]: DevTools WebSocket Command: DOM.resolveNode (id=217) (session_id=020896624AC3A50119819791F246C3B0) 0D5EDC095436449006366D111B2AD7EB {
   "backendNodeId": 14,
   "objectGroup": "e1486444-c158-41a8-9911-ec77528af4d5"
}
[1762305284.625][DEBUG]: DevTools WebSocket Response: DOM.resolveNode (id=217) (session_id=020896624AC3A50119819791F246C3B0) 0D5EDC095436449006366D111B2AD7EB {
   "object": {
      "className": "HTMLButtonElement",
      "description": "button.button.search-form__submit.base-button.base-button--variant-bare.base-button--size-m.base-button--elevation-0.base-button--text-size-m.button--icon-position-start.button-icon",
      "objectId": "1465936456213613148.1.54",
      "subtype": "node",
      "type": "object"
   }
}
[1762305284.625][DEBUG]: DevTools WebSocket Command: Page.getFrameTree (id=218) (session_id=020896624AC3A50119819791F246C3B0) 0D5EDC095436449006366D111B2AD7EB {
}
[1762305284.625][DEBUG]: DevTools WebSocket Response: Page.getFrameTree (id=218) (session_id=020896624AC3A50119819791F246C3B0) 0D5EDC095436449006366D111B2AD7EB {
   "frameTree": {
      "childFrames": [ {
         "frame": {
            "adFrameStatus": {
               "adFrameType": "none",
               "explanations": [  ]
            },
            "crossOriginIsolatedContextType": "NotIsolated",
            "domainAndRegistry": "",
            "gatedAPIFeatures": [  ],
            "id": "7C884AFF19772ED3553A15E2C3C15B2C",
            "loaderId": "24415C887EEE12ADD46BD66C1FB5664E",
            "mimeType": "text/html",
            "name": "__tcfapiLocator",
            "parentId": "0D5EDC095436449006366D111B2AD7EB",
            "secureContextType": "Secure",
            "securityOrigin": "://",
            "securityOriginDetails": {
               "isLocalhost": false
            },
            "url": "about:blank"
         }
      } ],
      "frame": {
         "adFrameStatus": {
            "adFrameType": "none"
         },
         "crossOriginIsolatedContextType": "NotIsolated",
         "domainAndRegistry": "ecosia.org",
         "gatedAPIFeatures": [  ],
         "id": "0D5EDC095436449006366D111B2AD7EB",
         "loaderId": "017A3C7A6DB955E281BA06348EE64563",
         "mimeType": "text/html",
         "secureContextType": "Secure",
         "securityOrigin": "https://www.ecosia.org",
         "securityOriginDetails": {
            "isLocalhost": false
         },
         "url": "https://www.ecosia.org/"
      }
   }
}
[1762305284.626][DEBUG]: DevTools WebSocket Command: Runtime.callFunctionOn (id=219) (session_id=020896624AC3A50119819791F246C3B0) 0D5EDC095436449006366D111B2AD7EB {
   "arguments": [ {
      "objectId": "1465936456213613148.1.54"
   } ],
   "awaitPromise": true,
   "functionDeclaration": "function(){ return (function() { // Copyright 2012 The Chromium Authors\n// Use of this source code is governed by a BSD-style license that can be\n// found in the LICENSE file.\n\n/**\n * Enum for WebD...",
   "objectGroup": "e1486444-c158-41a8-9911-ec77528af4d5",
   "serializationOptions": {
      "serialization": "deep"
   },
   "uniqueContextId": "1764549309517658738.-925398802202643774"
}
[1762305284.626][DEBUG]: DevTools WebSocket Response: Runtime.callFunctionOn (id=219) (session_id=020896624AC3A50119819791F246C3B0) 0D5EDC095436449006366D111B2AD7EB {
   "result": {
      "className": "Array",
      "deepSerializedValue": {
         "type": "array",
         "value": [ {
            "type": "string",
            "value": "{\"status\":0,\"value\":\"BUTTON\"}"
         } ]
      },
      "description": "Array(1)",
      "objectId": "1465936456213613148.1.55",
      "subtype": "array",
      "type": "object"
   }
}
[1762305284.626][DEBUG]: DevTools WebSocket Command: Runtime.releaseObjectGroup (id=220) (session_id=020896624AC3A50119819791F246C3B0) 0D5EDC095436449006366D111B2AD7EB {
   "objectGroup": "e1486444-c158-41a8-9911-ec77528af4d5"
}
[1762305284.626][DEBUG]: DevTools WebSocket Command: Page.getFrameTree (id=221) (session_id=020896624AC3A50119819791F246C3B0) 0D5EDC095436449006366D111B2AD7EB {
}
[1762305284.626][DEBUG]: DevTools WebSocket Response: Runtime.releaseObjectGroup (id=220) (session_id=020896624AC3A50119819791F246C3B0) 0D5EDC095436449006366D111B2AD7EB {
}
[1762305284.626][DEBUG]: DevTools WebSocket Response: Page.getFrameTree (id=221) (session_id=020896624AC3A50119819791F246C3B0) 0D5EDC095436449006366D111B2AD7EB {
   "frameTree": {
      "childFrames": [ {
         "frame": {
            "adFrameStatus": {
               "adFrameType": "none",
               "explanations": [  ]
            },
            "crossOriginIsolatedContextType": "NotIsolated",
            "domainAndRegistry": "",
            "gatedAPIFeatures": [  ],
            "id": "7C884AFF19772ED3553A15E2C3C15B2C",
            "loaderId": "24415C887EEE12ADD46BD66C1FB5664E",
            "mimeType": "text/html",
            "name": "__tcfapiLocator",
            "parentId": "0D5EDC095436449006366D111B2AD7EB",
            "secureContextType": "Secure",
            "securityOrigin": "://",
            "securityOriginDetails": {
               "isLocalhost": false
            },
            "url": "about:blank"
         }
      } ],
      "frame": {
         "adFrameStatus": {
            "adFrameType": "none"
         },
         "crossOriginIsolatedContextType": "NotIsolated",
         "domainAndRegistry": "ecosia.org",
         "gatedAPIFeatures": [  ],
         "id": "0D5EDC095436449006366D111B2AD7EB",
         "loaderId": "017A3C7A6DB955E281BA06348EE64563",
         "mimeType": "text/html",
         "secureContextType": "Secure",
         "securityOrigin": "https://www.ecosia.org",
         "securityOriginDetails": {
            "isLocalhost": false
         },
         "url": "https://www.ecosia.org/"
      }
   }
}
[1762305284.626][DEBUG]: DevTools WebSocket Command: DOM.resolveNode (id=222) (session_id=020896624AC3A50119819791F246C3B0) 0D5EDC095436449006366D111B2AD7EB {
   "backendNodeId": 14,
   "objectGroup": "e8cd29fe-7cd1-4035-99ed-24184dcb8f2b"
}
[1762305284.627][DEBUG]: DevTools WebSocket Response: DOM.resolveNode (id=222) (session_id=020896624AC3A50119819791F246C3B0) 0D5EDC095436449006366D111B2AD7EB {
   "object": {
      "className": "HTMLButtonElement",
      "description": "button.button.search-form__submit.base-button.base-button--variant-bare.base-button--size-m.base-button--elevation-0.base-button--text-size-m.button--icon-position-start.button-icon",
      "objectId": "1465936456213613148.1.56",
      "subtype": "node",
      "type": "object"
   }
}
[1762305284.627][DEBUG]: DevTools WebSocket Command: Page.getFrameTree (id=223) (session_id=020896624AC3A50119819791F246C3B0) 0D5EDC095436449006366D111B2AD7EB {
}
[1762305284.627][DEBUG]: DevTools WebSocket Response: Page.getFrameTree (id=223) (session_id=020896624AC3A50119819791F246C3B0) 0D5EDC095436449006366D111B2AD7EB {
   "frameTree": {
      "childFrames": [ {
         "frame": {
            "adFrameStatus": {
               "adFrameType": "none",
               "explanations": [  ]
            },
            "crossOriginIsolatedContextType": "NotIsolated",
            "domainAndRegistry": "",
            "gatedAPIFeatures": [  ],
            "id": "7C884AFF19772ED3553A15E2C3C15B2C",
            "loaderId": "24415C887EEE12ADD46BD66C1FB5664E",
            "mimeType": "text/html",
            "name": "__tcfapiLocator",
            "parentId": "0D5EDC095436449006366D111B2AD7EB",
            "secureContextType": "Secure",
            "securityOrigin": "://",
            "securityOriginDetails": {
               "isLocalhost": false
            },
            "url": "about:blank"
         }
      } ],
      "frame": {
         "adFrameStatus": {
            "adFrameType": "none"
         },
         "crossOriginIsolatedContextType": "NotIsolated",
         "domainAndRegistry": "ecosia.org",
         "gatedAPIFeatures": [  ],
         "id": "0D5EDC095436449006366D111B2AD7EB",
         "loaderId": "017A3C7A6DB955E281BA06348EE64563",
         "mimeType": "text/html",
         "secureContextType": "Secure",
         "securityOrigin": "https://www.ecosia.org",
         "securityOriginDetails": {
            "isLocalhost": false
         },
         "url": "https://www.ecosia.org/"
      }
   }
}
[1762305284.627][DEBUG]: DevTools WebSocket Command: Runtime.callFunctionOn (id=224) (session_id=020896624AC3A50119819791F246C3B0) 0D5EDC095436449006366D111B2AD7EB {
   "arguments": [ {
      "objectId": "1465936456213613148.1.56"
   } ],
   "awaitPromise": true,
   "functionDeclaration": "function(){ return (function() { // Copyright 2012 The Chromium Authors\n// Use of this source code is governed by a BSD-style license that can be\n// found in the LICENSE file.\n\n/**\n * Enum for WebD...",
   "objectGroup": "e8cd29fe-7cd1-4035-99ed-24184dcb8f2b",
   "serializationOptions": {
      "serialization": "deep"
   },
   "uniqueContextId": "1764549309517658738.-925398802202643774"
}
[1762305284.629][DEBUG]: DevTools WebSocket Response: Runtime.callFunctionOn (id=224) (session_id=020896624AC3A50119819791F246C3B0) 0D5EDC095436449006366D111B2AD7EB {
   "result": {
      "className": "Array",
      "deepSerializedValue": {
         "type": "array",
         "value": [ {
            "type": "string",
            "value": "{\"status\":0,\"value\":true}"
         } ]
      },
      "description": "Array(1)",
      "objectId": "1465936456213613148.1.57",
      "subtype": "array",
      "type": "object"
   }
}
[1762305284.629][DEBUG]: DevTools WebSocket Command: Runtime.releaseObjectGroup (id=225) (session_id=020896624AC3A50119819791F246C3B0) 0D5EDC095436449006366D111B2AD7EB {
   "objectGroup": "e8cd29fe-7cd1-4035-99ed-24184dcb8f2b"
}
[1762305284.629][DEBUG]: DevTools WebSocket Command: Page.getFrameTree (id=226) (session_id=020896624AC3A50119819791F246C3B0) 0D5EDC095436449006366D111B2AD7EB {
}
[1762305284.629][DEBUG]: DevTools WebSocket Response: Runtime.releaseObjectGroup (id=225) (session_id=020896624AC3A50119819791F246C3B0) 0D5EDC095436449006366D111B2AD7EB {
}
[1762305284.629][DEBUG]: DevTools WebSocket Response: Page.getFrameTree (id=226) (session_id=020896624AC3A50119819791F246C3B0) 0D5EDC095436449006366D111B2AD7EB {
   "frameTree": {
      "childFrames": [ {
         "frame": {
            "adFrameStatus": {
               "adFrameType": "none",
               "explanations": [  ]
            },
            "crossOriginIsolatedContextType": "NotIsolated",
            "domainAndRegistry": "",
            "gatedAPIFeatures": [  ],
            "id": "7C884AFF19772ED3553A15E2C3C15B2C",
            "loaderId": "24415C887EEE12ADD46BD66C1FB5664E",
            "mimeType": "text/html",
            "name": "__tcfapiLocator",
            "parentId": "0D5EDC095436449006366D111B2AD7EB",
            "secureContextType": "Secure",
            "securityOrigin": "://",
            "securityOriginDetails": {
               "isLocalhost": false
            },
            "url": "about:blank"
         }
      } ],
      "frame": {
         "adFrameStatus": {
            "adFrameType": "none"
         },
         "crossOriginIsolatedContextType": "NotIsolated",
         "domainAndRegistry": "ecosia.org",
         "gatedAPIFeatures": [  ],
         "id": "0D5EDC095436449006366D111B2AD7EB",
         "loaderId": "017A3C7A6DB955E281BA06348EE64563",
         "mimeType": "text/html",
         "secureContextType": "Secure",
         "securityOrigin": "https://www.ecosia.org",
         "securityOriginDetails": {
            "isLocalhost": false
         },
         "url": "https://www.ecosia.org/"
      }
   }
}
[1762305284.629][DEBUG]: DevTools WebSocket Command: DOM.resolveNode (id=227) (session_id=020896624AC3A50119819791F246C3B0) 0D5EDC095436449006366D111B2AD7EB {
   "backendNodeId": 14,
   "objectGroup": "a0a4078a-01f1-4412-b04f-efb06a8b96ad"
}
[1762305284.629][DEBUG]: DevTools WebSocket Response: DOM.resolveNode (id=227) (session_id=020896624AC3A50119819791F246C3B0) 0D5EDC095436449006366D111B2AD7EB {
   "object": {
      "className": "HTMLButtonElement",
      "description": "button.button.search-form__submit.base-button.base-button--variant-bare.base-button--size-m.base-button--elevation-0.base-button--text-size-m.button--icon-position-start.button-icon",
      "objectId": "1465936456213613148.1.58",
      "subtype": "node",
      "type": "object"
   }
}
[1762305284.629][DEBUG]: DevTools WebSocket Command: Page.getFrameTree (id=228) (session_id=020896624AC3A50119819791F246C3B0) 0D5EDC095436449006366D111B2AD7EB {
}
[1762305284.630][DEBUG]: DevTools WebSocket Response: Page.getFrameTree (id=228) (session_id=020896624AC3A50119819791F246C3B0) 0D5EDC095436449006366D111B2AD7EB {
   "frameTree": {
      "childFrames": [ {
         "frame": {
            "adFrameStatus": {
               "adFrameType": "none",
               "explanations": [  ]
            },
            "crossOriginIsolatedContextType": "NotIsolated",
            "domainAndRegistry": "",
            "gatedAPIFeatures": [  ],
            "id": "7C884AFF19772ED3553A15E2C3C15B2C",
            "loaderId": "24415C887EEE12ADD46BD66C1FB5664E",
            "mimeType": "text/html",
            "name": "__tcfapiLocator",
            "parentId": "0D5EDC095436449006366D111B2AD7EB",
            "secureContextType": "Secure",
            "securityOrigin": "://",
            "securityOriginDetails": {
               "isLocalhost": false
            },
            "url": "about:blank"
         }
      } ],
      "frame": {
         "adFrameStatus": {
            "adFrameType": "none"
         },
         "crossOriginIsolatedContextType": "NotIsolated",
         "domainAndRegistry": "ecosia.org",
         "gatedAPIFeatures": [  ],
         "id": "0D5EDC095436449006366D111B2AD7EB",
         "loaderId": "017A3C7A6DB955E281BA06348EE64563",
         "mimeType": "text/html",
         "secureContextType": "Secure",
         "securityOrigin": "https://www.ecosia.org",
         "securityOriginDetails": {
            "isLocalhost": false
         },
         "url": "https://www.ecosia.org/"
      }
   }
}
[1762305284.630][DEBUG]: DevTools WebSocket Command: Runtime.callFunctionOn (id=229) (session_id=020896624AC3A50119819791F246C3B0) 0D5EDC095436449006366D111B2AD7EB {
   "arguments": [ {
      "objectId": "1465936456213613148.1.58"
   } ],
   "awaitPromise": true,
   "functionDeclaration": "function(){ return (function() { // Copyright 2012 The Chromium Authors\n// Use of this source code is governed by a BSD-style license that can be\n// found in the LICENSE file.\n\n/**\n * Enum for WebD...",
   "objectGroup": "a0a4078a-01f1-4412-b04f-efb06a8b96ad",
   "serializationOptions": {
      "serialization": "deep"
   },
   "uniqueContextId": "1764549309517658738.-925398802202643774"
}
[1762305284.630][DEBUG]: DevTools WebSocket Response: Runtime.callFunctionOn (id=229) (session_id=020896624AC3A50119819791F246C3B0) 0D5EDC095436449006366D111B2AD7EB {
   "result": {
      "className": "Array",
      "deepSerializedValue": {
         "type": "array",
         "value": [ {
            "type": "string",
            "value": "{\"status\":0,\"value\":{\"left\":0,\"top\":0,\"height\":40,\"width\":40}}"
         } ]
      },
      "description": "Array(1)",
      "objectId": "1465936456213613148.1.59",
      "subtype": "array",
      "type": "object"
   }
}
[1762305284.630][DEBUG]: DevTools WebSocket Command: Runtime.releaseObjectGroup (id=230) (session_id=020896624AC3A50119819791F246C3B0) 0D5EDC095436449006366D111B2AD7EB {
   "objectGroup": "a0a4078a-01f1-4412-b04f-efb06a8b96ad"
}
[1762305284.630][DEBUG]: DevTools WebSocket Command: Page.getFrameTree (id=231) (session_id=020896624AC3A50119819791F246C3B0) 0D5EDC095436449006366D111B2AD7EB {
}
[1762305284.630][DEBUG]: DevTools WebSocket Response: Runtime.releaseObjectGroup (id=230) (session_id=020896624AC3A50119819791F246C3B0) 0D5EDC095436449006366D111B2AD7EB {
}
[1762305284.631][DEBUG]: DevTools WebSocket Response: Page.getFrameTree (id=231) (session_id=020896624AC3A50119819791F246C3B0) 0D5EDC095436449006366D111B2AD7EB {
   "frameTree": {
      "childFrames": [ {
         "frame": {
            "adFrameStatus": {
               "adFrameType": "none",
               "explanations": [  ]
            },
            "crossOriginIsolatedContextType": "NotIsolated",
            "domainAndRegistry": "",
            "gatedAPIFeatures": [  ],
            "id": "7C884AFF19772ED3553A15E2C3C15B2C",
            "loaderId": "24415C887EEE12ADD46BD66C1FB5664E",
            "mimeType": "text/html",
            "name": "__tcfapiLocator",
            "parentId": "0D5EDC095436449006366D111B2AD7EB",
            "secureContextType": "Secure",
            "securityOrigin": "://",
            "securityOriginDetails": {
               "isLocalhost": false
            },
            "url": "about:blank"
         }
      } ],
      "frame": {
         "adFrameStatus": {
            "adFrameType": "none"
         },
         "crossOriginIsolatedContextType": "NotIsolated",
         "domainAndRegistry": "ecosia.org",
         "gatedAPIFeatures": [  ],
         "id": "0D5EDC095436449006366D111B2AD7EB",
         "loaderId": "017A3C7A6DB955E281BA06348EE64563",
         "mimeType": "text/html",
         "secureContextType": "Secure",
         "securityOrigin": "https://www.ecosia.org",
         "securityOriginDetails": {
            "isLocalhost": false
         },
         "url": "https://www.ecosia.org/"
      }
   }
}
[1762305284.631][DEBUG]: DevTools WebSocket Command: DOM.resolveNode (id=232) (session_id=020896624AC3A50119819791F246C3B0) 0D5EDC095436449006366D111B2AD7EB {
   "backendNodeId": 14,
   "objectGroup": "eb006fda-03f9-4c0d-8b47-5704a8b33052"
}
[1762305284.631][DEBUG]: DevTools WebSocket Response: DOM.resolveNode (id=232) (session_id=020896624AC3A50119819791F246C3B0) 0D5EDC095436449006366D111B2AD7EB {
   "object": {
      "className": "HTMLButtonElement",
      "description": "button.button.search-form__submit.base-button.base-button--variant-bare.base-button--size-m.base-button--elevation-0.base-button--text-size-m.button--icon-position-start.button-icon",
      "objectId": "1465936456213613148.1.60",
      "subtype": "node",
      "type": "object"
   }
}
[1762305284.631][DEBUG]: DevTools WebSocket Command: Page.getFrameTree (id=233) (session_id=020896624AC3A50119819791F246C3B0) 0D5EDC095436449006366D111B2AD7EB {
}
[1762305284.631][DEBUG]: DevTools WebSocket Response: Page.getFrameTree (id=233) (session_id=020896624AC3A50119819791F246C3B0) 0D5EDC095436449006366D111B2AD7EB {
   "frameTree": {
      "childFrames": [ {
         "frame": {
            "adFrameStatus": {
               "adFrameType": "none",
               "explanations": [  ]
            },
            "crossOriginIsolatedContextType": "NotIsolated",
            "domainAndRegistry": "",
            "gatedAPIFeatures": [  ],
            "id": "7C884AFF19772ED3553A15E2C3C15B2C",
            "loaderId": "24415C887EEE12ADD46BD66C1FB5664E",
            "mimeType": "text/html",
            "name": "__tcfapiLocator",
            "parentId": "0D5EDC095436449006366D111B2AD7EB",
            "secureContextType": "Secure",
            "securityOrigin": "://",
            "securityOriginDetails": {
               "isLocalhost": false
            },
            "url": "about:blank"
         }
      } ],
      "frame": {
         "adFrameStatus": {
            "adFrameType": "none"
         },
         "crossOriginIsolatedContextType": "NotIsolated",
         "domainAndRegistry": "ecosia.org",
         "gatedAPIFeatures": [  ],
         "id": "0D5EDC095436449006366D111B2AD7EB",
         "loaderId": "017A3C7A6DB955E281BA06348EE64563",
         "mimeType": "text/html",
         "secureContextType": "Secure",
         "securityOrigin": "https://www.ecosia.org",
         "securityOriginDetails": {
            "isLocalhost": false
         },
         "url": "https://www.ecosia.org/"
      }
   }
}
[1762305284.631][DEBUG]: DevTools WebSocket Command: Runtime.callFunctionOn (id=234) (session_id=020896624AC3A50119819791F246C3B0) 0D5EDC095436449006366D111B2AD7EB {
   "arguments": [ {
      "objectId": "1465936456213613148.1.60"
   } ],
   "awaitPromise": true,
   "functionDeclaration": "function(){ return (function() { // Copyright 2012 The Chromium Authors\n// Use of this source code is governed by a BSD-style license that can be\n// found in the LICENSE file.\n\n/**\n * Enum for WebD...",
   "objectGroup": "eb006fda-03f9-4c0d-8b47-5704a8b33052",
   "serializationOptions": {
      "serialization": "deep"
   },
   "uniqueContextId": "1764549309517658738.-925398802202643774"
}
[1762305284.633][DEBUG]: DevTools WebSocket Response: Runtime.callFunctionOn (id=234) (session_id=020896624AC3A50119819791F246C3B0) 0D5EDC095436449006366D111B2AD7EB {
   "result": {
      "className": "Array",
      "deepSerializedValue": {
         "type": "array",
         "value": [ {
            "type": "string",
            "value": "{\"status\":0,\"value\":{\"x\":830,\"y\":60,\"clone\":{},\"ceil\":{},\"floor\":{},\"round\":{},\"translate\":{},\"scale\":{}}}"
         } ]
      },
      "description": "Array(1)",
      "objectId": "1465936456213613148.1.61",
      "subtype": "array",
      "type": "object"
   }
}
[1762305284.633][DEBUG]: DevTools WebSocket Command: Runtime.releaseObjectGroup (id=235) (session_id=020896624AC3A50119819791F246C3B0) 0D5EDC095436449006366D111B2AD7EB {
   "objectGroup": "eb006fda-03f9-4c0d-8b47-5704a8b33052"
}
[1762305284.633][DEBUG]: DevTools WebSocket Command: Page.getFrameTree (id=236) (session_id=020896624AC3A50119819791F246C3B0) 0D5EDC095436449006366D111B2AD7EB {
}
[1762305284.633][DEBUG]: DevTools WebSocket Response: Runtime.releaseObjectGroup (id=235) (session_id=020896624AC3A50119819791F246C3B0) 0D5EDC095436449006366D111B2AD7EB {
}
[1762305284.633][DEBUG]: DevTools WebSocket Response: Page.getFrameTree (id=236) (session_id=020896624AC3A50119819791F246C3B0) 0D5EDC095436449006366D111B2AD7EB {
   "frameTree": {
      "childFrames": [ {
         "frame": {
            "adFrameStatus": {
               "adFrameType": "none",
               "explanations": [  ]
            },
            "crossOriginIsolatedContextType": "NotIsolated",
            "domainAndRegistry": "",
            "gatedAPIFeatures": [  ],
            "id": "7C884AFF19772ED3553A15E2C3C15B2C",
            "loaderId": "24415C887EEE12ADD46BD66C1FB5664E",
            "mimeType": "text/html",
            "name": "__tcfapiLocator",
            "parentId": "0D5EDC095436449006366D111B2AD7EB",
            "secureContextType": "Secure",
            "securityOrigin": "://",
            "securityOriginDetails": {
               "isLocalhost": false
            },
            "url": "about:blank"
         }
      } ],
      "frame": {
         "adFrameStatus": {
            "adFrameType": "none"
         },
         "crossOriginIsolatedContextType": "NotIsolated",
         "domainAndRegistry": "ecosia.org",
         "gatedAPIFeatures": [  ],
         "id": "0D5EDC095436449006366D111B2AD7EB",
         "loaderId": "017A3C7A6DB955E281BA06348EE64563",
         "mimeType": "text/html",
         "secureContextType": "Secure",
         "securityOrigin": "https://www.ecosia.org",
         "securityOriginDetails": {
            "isLocalhost": false
         },
         "url": "https://www.ecosia.org/"
      }
   }
}
[1762305284.633][DEBUG]: DevTools WebSocket Command: DOM.resolveNode (id=237) (session_id=020896624AC3A50119819791F246C3B0) 0D5EDC095436449006366D111B2AD7EB {
   "backendNodeId": 14,
   "objectGroup": "c1cf7782-e523-44b8-8dc2-d4f84876ce70"
}
[1762305284.633][DEBUG]: DevTools WebSocket Response: DOM.resolveNode (id=237) (session_id=020896624AC3A50119819791F246C3B0) 0D5EDC095436449006366D111B2AD7EB {
   "object": {
      "className": "HTMLButtonElement",
      "description": "button.button.search-form__submit.base-button.base-button--variant-bare.base-button--size-m.base-button--elevation-0.base-button--text-size-m.button--icon-position-start.button-icon",
      "objectId": "1465936456213613148.1.62",
      "subtype": "node",
      "type": "object"
   }
}
[1762305284.633][DEBUG]: DevTools WebSocket Command: Page.getFrameTree (id=238) (session_id=020896624AC3A50119819791F246C3B0) 0D5EDC095436449006366D111B2AD7EB {
}
[1762305284.633][DEBUG]: DevTools WebSocket Response: Page.getFrameTree (id=238) (session_id=020896624AC3A50119819791F246C3B0) 0D5EDC095436449006366D111B2AD7EB {
   "frameTree": {
      "childFrames": [ {
         "frame": {
            "adFrameStatus": {
               "adFrameType": "none",
               "explanations": [  ]
            },
            "crossOriginIsolatedContextType": "NotIsolated",
            "domainAndRegistry": "",
            "gatedAPIFeatures": [  ],
            "id": "7C884AFF19772ED3553A15E2C3C15B2C",
            "loaderId": "24415C887EEE12ADD46BD66C1FB5664E",
            "mimeType": "text/html",
            "name": "__tcfapiLocator",
            "parentId": "0D5EDC095436449006366D111B2AD7EB",
            "secureContextType": "Secure",
            "securityOrigin": "://",
            "securityOriginDetails": {
               "isLocalhost": false
            },
            "url": "about:blank"
         }
      } ],
      "frame": {
         "adFrameStatus": {
            "adFrameType": "none"
         },
         "crossOriginIsolatedContextType": "NotIsolated",
         "domainAndRegistry": "ecosia.org",
         "gatedAPIFeatures": [  ],
         "id": "0D5EDC095436449006366D111B2AD7EB",
         "loaderId": "017A3C7A6DB955E281BA06348EE64563",
         "mimeType": "text/html",
         "secureContextType": "Secure",
         "securityOrigin": "https://www.ecosia.org",
         "securityOriginDetails": {
            "isLocalhost": false
         },
         "url": "https://www.ecosia.org/"
      }
   }
}
[1762305284.634][DEBUG]: DevTools WebSocket Command: Runtime.callFunctionOn (id=239) (session_id=020896624AC3A50119819791F246C3B0) 0D5EDC095436449006366D111B2AD7EB {
   "arguments": [ {
      "objectId": "1465936456213613148.1.62"
   } ],
   "awaitPromise": true,
   "functionDeclaration": "function(){ return (function() { // Copyright 2012 The Chromium Authors\n// Use of this source code is governed by a BSD-style license that can be\n// found in the LICENSE file.\n\n/**\n * Enum for WebD...",
   "objectGroup": "c1cf7782-e523-44b8-8dc2-d4f84876ce70",
   "serializationOptions": {
      "serialization": "deep"
   },
   "uniqueContextId": "1764549309517658738.-925398802202643774"
}
[1762305284.635][DEBUG]: DevTools WebSocket Response: Runtime.callFunctionOn (id=239) (session_id=020896624AC3A50119819791F246C3B0) 0D5EDC095436449006366D111B2AD7EB {
   "result": {
      "className": "Array",
      "deepSerializedValue": {
         "type": "array",
         "value": [ {
            "type": "string",
            "value": "{\"status\":0,\"value\":{\"clickable\":true,\"message\":\"Element's descendant would receive the click. Consider clicking the descendant instead. Descendant: \u003Csvg xmlns=\\\"http://www.w3.org/2000/svg\\\" width=..."
         } ]
      },
      "description": "Array(1)",
      "objectId": "1465936456213613148.1.63",
      "subtype": "array",
      "type": "object"
   }
}
[1762305284.635][DEBUG]: DevTools WebSocket Command: Runtime.releaseObjectGroup (id=240) (session_id=020896624AC3A50119819791F246C3B0) 0D5EDC095436449006366D111B2AD7EB {
   "objectGroup": "c1cf7782-e523-44b8-8dc2-d4f84876ce70"
}
[1762305284.635][DEBUG]: DevTools WebSocket Command: Input.dispatchMouseEvent (id=241) (session_id=020896624AC3A50119819791F246C3B0) 0D5EDC095436449006366D111B2AD7EB {
   "button": "none",
   "buttons": 0,
   "clickCount": 0,
   "force": 0.0,
   "modifiers": 0,
   "pointerType": "mouse",
   "tangentialPressure": 0.0,
   "tiltX": 0,
   "tiltY": 0,
   "twist": 0,
   "type": "mouseMoved",
   "x": 850,
   "y": 80
}
[1762305284.635][DEBUG]: DevTools WebSocket Command: Input.dispatchMouseEvent (id=242) (session_id=020896624AC3A50119819791F246C3B0) 0D5EDC095436449006366D111B2AD7EB {
   "button": "left",
   "buttons": 0,
   "clickCount": 1,
   "force": 0.0,
   "modifiers": 0,
   "pointerType": "mouse",
   "tangentialPressure": 0.0,
   "tiltX": 0,
   "tiltY": 0,
   "twist": 0,
   "type": "mousePressed",
   "x": 850,
   "y": 80
}
[1762305284.635][DEBUG]: DevTools WebSocket Command: Input.dispatchMouseEvent (id=243) (session_id=020896624AC3A50119819791F246C3B0) 0D5EDC095436449006366D111B2AD7EB {
   "button": "left",
   "buttons": 1,
   "clickCount": 1,
   "force": 0.0,
   "modifiers": 0,
   "pointerType": "mouse",
   "tangentialPressure": 0.0,
   "tiltX": 0,
   "tiltY": 0,
   "twist": 0,
   "type": "mouseReleased",
   "x": 850,
   "y": 80
}
[1762305284.635][DEBUG]: DevTools WebSocket Response: Runtime.releaseObjectGroup (id=240) (session_id=020896624AC3A50119819791F246C3B0) 0D5EDC095436449006366D111B2AD7EB {
}
[1762305284.635][DEBUG]: DevTools WebSocket Response: Input.dispatchMouseEvent (id=241) (session_id=020896624AC3A50119819791F246C3B0) 0D5EDC095436449006366D111B2AD7EB {
}
[1762305284.636][DEBUG]: DevTools WebSocket Response: Input.dispatchMouseEvent (id=242) (session_id=020896624AC3A50119819791F246C3B0) 0D5EDC095436449006366D111B2AD7EB {
}
[1762305284.641][DEBUG]: DevTools WebSocket Response: Input.dispatchMouseEvent (id=243) (session_id=020896624AC3A50119819791F246C3B0) 0D5EDC095436449006366D111B2AD7EB {
}
[1762305284.641][INFO]: Waiting for pending navigations...
[1762305284.641][DEBUG]: DevTools WebSocket Event: Page.frameRequestedNavigation (session_id=020896624AC3A50119819791F246C3B0) 0D5EDC095436449006366D111B2AD7EB {
   "disposition": "currentTab",
   "frameId": "0D5EDC095436449006366D111B2AD7EB",
   "reason": "formSubmissionGet",
   "url": "https://www.ecosia.org/search?method=index&q=nightwatch"
}
[1762305284.641][DEBUG]: DevTools WebSocket Command: Runtime.evaluate (id=244) (session_id=020896624AC3A50119819791F246C3B0) 0D5EDC095436449006366D111B2AD7EB {
   "expression": "1"
}
[1762305284.641][DEBUG]: DevTools WebSocket Event: Page.frameScheduledNavigation (session_id=020896624AC3A50119819791F246C3B0) 0D5EDC095436449006366D111B2AD7EB {
   "delay": 0,
   "frameId": "0D5EDC095436449006366D111B2AD7EB",
   "reason": "formSubmissionGet",
   "url": "https://www.ecosia.org/search?method=index&q=nightwatch"
}
[1762305284.644][DEBUG]: DevTools WebSocket Event: Page.frameStartedNavigating (session_id=020896624AC3A50119819791F246C3B0) 0D5EDC095436449006366D111B2AD7EB {
   "frameId": "0D5EDC095436449006366D111B2AD7EB",
   "loaderId": "4F24EC93BC6F47E1B559756D6C051EEB",
   "navigationType": "differentDocument",
   "url": "https://www.ecosia.org/search?method=index&q=nightwatch"
}
[1762305284.644][DEBUG]: DevTools WebSocket Event: Page.frameStartedLoading (session_id=020896624AC3A50119819791F246C3B0) 0D5EDC095436449006366D111B2AD7EB {
   "frameId": "0D5EDC095436449006366D111B2AD7EB"
}
[1762305284.645][DEBUG]: DevTools WebSocket Event: Page.frameClearedScheduledNavigation (session_id=020896624AC3A50119819791F246C3B0) 0D5EDC095436449006366D111B2AD7EB {
   "frameId": "0D5EDC095436449006366D111B2AD7EB"
}
[1762305285.022][DEBUG]: DevTools WebSocket Event: Target.detachedFromTarget (session_id=020896624AC3A50119819791F246C3B0) 0D5EDC095436449006366D111B2AD7EB {
   "sessionId": "2C2283243BDB9E02AB47AB5B7AC1080A",
   "targetId": "9548ABEA16C76C58B5364F552152618B"
}
[1762305285.023][DEBUG]: DevTools WebSocket Event: Runtime.executionContextsCleared (session_id=020896624AC3A50119819791F246C3B0) 0D5EDC095436449006366D111B2AD7EB {
}
[1762305285.024][DEBUG]: DevTools WebSocket Event: Runtime.executionContextsCleared (session_id=020896624AC3A50119819791F246C3B0) 0D5EDC095436449006366D111B2AD7EB {
}
[1762305285.024][DEBUG]: DevTools WebSocket Event: Page.frameNavigated (session_id=020896624AC3A50119819791F246C3B0) 0D5EDC095436449006366D111B2AD7EB {
   "frame": {
      "adFrameStatus": {
         "adFrameType": "none"
      },
      "crossOriginIsolatedContextType": "NotIsolated",
      "domainAndRegistry": "ecosia.org",
      "gatedAPIFeatures": [  ],
      "id": "0D5EDC095436449006366D111B2AD7EB",
      "loaderId": "4F24EC93BC6F47E1B559756D6C051EEB",
      "mimeType": "text/html",
      "secureContextType": "Secure",
      "securityOrigin": "https://www.ecosia.org",
      "securityOriginDetails": {
         "isLocalhost": false
      },
      "url": "https://www.ecosia.org/search?method=index&q=nightwatch"
   },
   "type": "Navigation"
}
[1762305285.031][DEBUG]: DevTools WebSocket Event: Runtime.executionContextCreated (session_id=020896624AC3A50119819791F246C3B0) 0D5EDC095436449006366D111B2AD7EB {
   "context": {
      "auxData": {
         "frameId": "0D5EDC095436449006366D111B2AD7EB",
         "isDefault": true,
         "type": "default"
      },
      "id": 3,
      "name": "",
      "origin": "https://www.ecosia.org",
      "uniqueId": "541189270087960800.1669561289184730967"
   }
}
[1762305285.033][DEBUG]: DevTools WebSocket Response: Runtime.evaluate (id=244) (session_id=020896624AC3A50119819791F246C3B0) 0D5EDC095436449006366D111B2AD7EB {
   "result": {
      "description": "1",
      "type": "number",
      "value": 1
   }
}
[1762305285.091][DEBUG]: DevTools WebSocket Event: Page.domContentEventFired (session_id=020896624AC3A50119819791F246C3B0) 0D5EDC095436449006366D111B2AD7EB {
   "timestamp": 13042.333426
}
[1762305285.091][DEBUG]: DevTools WebSocket Command: Runtime.evaluate (id=245) (session_id=020896624AC3A50119819791F246C3B0) 0D5EDC095436449006366D111B2AD7EB {
   "expression": "1"
}
[1762305285.092][DEBUG]: DevTools WebSocket Event: Page.frameAttached (session_id=020896624AC3A50119819791F246C3B0) 0D5EDC095436449006366D111B2AD7EB {
   "frameId": "2F717275A5C0646B4492B2C77BAD5047",
   "parentFrameId": "0D5EDC095436449006366D111B2AD7EB",
   "stack": {
      "callFrames": [ {
         "columnNumber": 342,
         "functionName": "i",
         "lineNumber": 35,
         "scriptId": "111",
         "url": "https://www.ecosia.org/search?method=index&q=nightwatch"
      }, {
         "columnNumber": 398,
         "functionName": "",
         "lineNumber": 35,
         "scriptId": "111",
         "url": "https://www.ecosia.org/search?method=index&q=nightwatch"
      } ]
   }
}
[1762305285.092][DEBUG]: DevTools WebSocket Event: Page.frameRequestedNavigation (session_id=020896624AC3A50119819791F246C3B0) 0D5EDC095436449006366D111B2AD7EB {
   "disposition": "currentTab",
   "frameId": "2F717275A5C0646B4492B2C77BAD5047",
   "reason": "initialFrameNavigation",
   "url": "about:blank"
}
[1762305285.092][DEBUG]: DevTools WebSocket Event: Page.frameNavigated (session_id=020896624AC3A50119819791F246C3B0) 0D5EDC095436449006366D111B2AD7EB {
   "frame": {
      "adFrameStatus": {
         "adFrameType": "none",
         "explanations": [  ]
      },
      "crossOriginIsolatedContextType": "NotIsolated",
      "domainAndRegistry": "",
      "gatedAPIFeatures": [  ],
      "id": "2F717275A5C0646B4492B2C77BAD5047",
      "loaderId": "E7FE12CC243CD812B41B3C1C3A69BBE7",
      "mimeType": "text/html",
      "name": "__tcfapiLocator",
      "parentId": "0D5EDC095436449006366D111B2AD7EB",
      "secureContextType": "Secure",
      "securityOrigin": "://",
      "securityOriginDetails": {
         "isLocalhost": false
      },
      "url": "about:blank"
   },
   "type": "Navigation"
}
[1762305285.092][DEBUG]: DevTools WebSocket Event: Page.frameStartedLoading (session_id=020896624AC3A50119819791F246C3B0) 0D5EDC095436449006366D111B2AD7EB {
   "frameId": "2F717275A5C0646B4492B2C77BAD5047"
}
[1762305285.093][DEBUG]: DevTools WebSocket Event: Runtime.executionContextCreated (session_id=020896624AC3A50119819791F246C3B0) 0D5EDC095436449006366D111B2AD7EB {
   "context": {
      "auxData": {
         "frameId": "2F717275A5C0646B4492B2C77BAD5047",
         "isDefault": true,
         "type": "default"
      },
      "id": 4,
      "name": "",
      "origin": "https://www.ecosia.org",
      "uniqueId": "-1783052639363296484.-4569992080943807783"
   }
}
[1762305285.093][DEBUG]: DevTools WebSocket Event: Page.frameStoppedLoading (session_id=020896624AC3A50119819791F246C3B0) 0D5EDC095436449006366D111B2AD7EB {
   "frameId": "2F717275A5C0646B4492B2C77BAD5047"
}
[1762305285.094][DEBUG]: DevTools WebSocket Response: Runtime.evaluate (id=245) (session_id=020896624AC3A50119819791F246C3B0) 0D5EDC095436449006366D111B2AD7EB {
   "result": {
      "description": "1",
      "type": "number",
      "value": 1
   }
}
[214628:214628:1105/021445.137899:INFO:CONSOLE:40] "
███████  ▄████▄   ▄████▄   ▄████▙ ███   ▐███▌
███████ ▟██████▙ ▟██████▙ ▟█▛▀███ ███   █████
██▄▄▄   ██▛  ▝▀▀ ██▛  ▝██ ▔▀▅▃    ███  ▐██ ██▌
██▀▀▀   ██▙  ▗▄▄ ██▙  ▗██    ▔▀▙▁ ███  ██▙▄▟██
███████ ▜██████▛ ▜██████▛ ███▄▟█▛ ███ ▐██▀▀▀██▌
███████  ▀████▀   ▀████▀  ▜████▀  ███ ██▌   ▐██

We love JavaScript too - why not code and plant trees? Check out https://explore.ecosia.org/jobs

", source: https://www.ecosia.org/static/web/assets/entries/src_pages_search.BAV79Yql.js (40)
[1762305285.138][DEBUG]: DevTools WebSocket Event: Runtime.consoleAPICalled (session_id=020896624AC3A50119819791F246C3B0) 0D5EDC095436449006366D111B2AD7EB {
   "args": [ {
      "type": "string",
      "value": "\n███████  ▄████▄   ▄████▄   ▄████▙ ███   ▐███▌\n███████ ▟██████▙ ▟██████▙ ▟█▛▀..."
   } ],
   "executionContextId": 3,
   "stackTrace": {
      "callFrames": [ {
         "columnNumber": 17887,
         "functionName": "Ux",
         "lineNumber": 39,
         "scriptId": "108",
         "url": "https://www.ecosia.org/static/web/assets/entries/src_pages_search.BAV79Yql.js"
      }, {
         "columnNumber": 583,
         "functionName": "FL",
         "lineNumber": 57,
         "scriptId": "108",
         "url": "https://www.ecosia.org/static/web/assets/entries/src_pages_search.BAV79Yql.js"
      } ]
   },
   "timestamp": 1.762305285137806e+12,
   "type": "log"
}
[1762305285.138][DEBUG]: DevTools WebSocket Command: Runtime.evaluate (id=246) (session_id=020896624AC3A50119819791F246C3B0) 0D5EDC095436449006366D111B2AD7EB {
   "expression": "1"
}
[1762305285.268][DEBUG]: DevTools WebSocket Response: Runtime.evaluate (id=246) (session_id=020896624AC3A50119819791F246C3B0) 0D5EDC095436449006366D111B2AD7EB {
   "result": {
      "description": "1",
      "type": "number",
      "value": 1
   }
}
[1762305285.275][DEBUG]: DevTools WebSocket Event: Page.frameResized (session_id=020896624AC3A50119819791F246C3B0) 0D5EDC095436449006366D111B2AD7EB {
}
[1762305285.275][DEBUG]: DevTools WebSocket Command: Runtime.evaluate (id=247) (session_id=020896624AC3A50119819791F246C3B0) 0D5EDC095436449006366D111B2AD7EB {
   "expression": "1"
}
[1762305285.289][DEBUG]: DevTools WebSocket Response: Runtime.evaluate (id=247) (session_id=020896624AC3A50119819791F246C3B0) 0D5EDC095436449006366D111B2AD7EB {
   "result": {
      "description": "1",
      "type": "number",
      "value": 1
   }
}
[1762305285.292][DEBUG]: DevTools WebSocket Event: Page.frameResized (session_id=020896624AC3A50119819791F246C3B0) 0D5EDC095436449006366D111B2AD7EB {
}
[1762305285.292][DEBUG]: DevTools WebSocket Command: Runtime.evaluate (id=248) (session_id=020896624AC3A50119819791F246C3B0) 0D5EDC095436449006366D111B2AD7EB {
   "expression": "1"
}
[1762305285.293][DEBUG]: DevTools WebSocket Response: Runtime.evaluate (id=248) (session_id=020896624AC3A50119819791F246C3B0) 0D5EDC095436449006366D111B2AD7EB {
   "result": {
      "description": "1",
      "type": "number",
      "value": 1
   }
}
[1762305285.380][DEBUG]: DevTools WebSocket Event: Page.loadEventFired (session_id=020896624AC3A50119819791F246C3B0) 0D5EDC095436449006366D111B2AD7EB {
   "timestamp": 13042.621712
}
[1762305285.380][DEBUG]: DevTools WebSocket Command: Runtime.evaluate (id=249) (session_id=020896624AC3A50119819791F246C3B0) 0D5EDC095436449006366D111B2AD7EB {
   "awaitPromise": false,
   "expression": "document.readyState",
   "returnByValue": true,
   "uniqueContextId": "541189270087960800.1669561289184730967"
}
[1762305285.380][DEBUG]: DevTools WebSocket Event: Page.frameStoppedLoading (session_id=020896624AC3A50119819791F246C3B0) 0D5EDC095436449006366D111B2AD7EB {
   "frameId": "0D5EDC095436449006366D111B2AD7EB"
}
[1762305285.382][DEBUG]: DevTools WebSocket Response: Runtime.evaluate (id=249) (session_id=020896624AC3A50119819791F246C3B0) 0D5EDC095436449006366D111B2AD7EB {
   "result": {
      "type": "string",
      "value": "complete"
   }
}
[1762305285.382][DEBUG]: DevTools WebSocket Command: Runtime.evaluate (id=250) (session_id=020896624AC3A50119819791F246C3B0) 0D5EDC095436449006366D111B2AD7EB {
   "expression": "1"
}
[1762305285.382][DEBUG]: DevTools WebSocket Response: Runtime.evaluate (id=250) (session_id=020896624AC3A50119819791F246C3B0) 0D5EDC095436449006366D111B2AD7EB {
   "result": {
      "description": "1",
      "type": "number",
      "value": 1
   }
}
[1762305285.382][INFO]: Done waiting for pending navigations. Status: ok
[1762305285.382][INFO]: [4c8a8d7329e980191e11d5349f9c329c] RESPONSE ClickElement
[1762305285.386][INFO]: [4c8a8d7329e980191e11d5349f9c329c] COMMAND FindElements {
   "using": "css selector",
   "value": ".layout__content"
}
[1762305285.386][INFO]: Waiting for pending navigations...
[1762305285.386][DEBUG]: DevTools WebSocket Command: Runtime.evaluate (id=251) (session_id=020896624AC3A50119819791F246C3B0) 0D5EDC095436449006366D111B2AD7EB {
   "expression": "1"
}
[1762305285.388][DEBUG]: DevTools WebSocket Event: Page.frameAttached (session_id=020896624AC3A50119819791F246C3B0) 0D5EDC095436449006366D111B2AD7EB {
   "frameId": "1ECB6A91010F2A0B53AC304B1E4A66F2",
   "parentFrameId": "0D5EDC095436449006366D111B2AD7EB",
   "stack": {
      "callFrames": [ {
         "columnNumber": 180,
         "functionName": "t.rb",
         "lineNumber": 225,
         "scriptId": "115",
         "url": "https://syndicatedsearch.goog/adsense/search/ads.js"
      }, {
         "columnNumber": 97,
         "functionName": "",
         "lineNumber": 50,
         "scriptId": "115",
         "url": "https://syndicatedsearch.goog/adsense/search/ads.js"
      }, {
         "columnNumber": 41,
         "functionName": "t.ub",
         "lineNumber": 226,
         "scriptId": "115",
         "url": "https://syndicatedsearch.goog/adsense/search/ads.js"
      }, {
         "columnNumber": 97,
         "functionName": "",
         "lineNumber": 50,
         "scriptId": "115",
         "url": "https://syndicatedsearch.goog/adsense/search/ads.js"
      }, {
         "columnNumber": 258,
         "functionName": "t.Oa",
         "lineNumber": 232,
         "scriptId": "115",
         "url": "https://syndicatedsearch.goog/adsense/search/ads.js"
      }, {
         "columnNumber": 97,
         "functionName": "",
         "lineNumber": 50,
         "scriptId": "115",
         "url": "https://syndicatedsearch.goog/adsense/search/ads.js"
      }, {
         "columnNumber": 489,
         "functionName": "",
         "lineNumber": 231,
         "scriptId": "115",
         "url": "https://syndicatedsearch.goog/adsense/search/ads.js"
      }, {
         "columnNumber": 97,
         "functionName": "",
         "lineNumber": 50,
         "scriptId": "115",
         "url": "https://syndicatedsearch.goog/adsense/search/ads.js"
      }, {
         "columnNumber": 23,
         "functionName": "t.Da",
         "lineNumber": 232,
         "scriptId": "115",
         "url": "https://syndicatedsearch.goog/adsense/search/ads.js"
      }, {
         "columnNumber": 97,
         "functionName": "",
         "lineNumber": 50,
         "scriptId": "115",
         "url": "https://syndicatedsearch.goog/adsense/search/ads.js"
      }, {
         "columnNumber": 473,
         "functionName": "Ml",
         "lineNumber": 284,
         "scriptId": "115",
         "url": "https://syndicatedsearch.goog/adsense/search/ads.js"
      }, {
         "columnNumber": 97,
         "functionName": "",
         "lineNumber": 50,
         "scriptId": "115",
         "url": "https://syndicatedsearch.goog/adsense/search/ads.js"
      }, {
         "columnNumber": 443,
         "functionName": "Ll",
         "lineNumber": 281,
         "scriptId": "115",
         "url": "https://syndicatedsearch.goog/adsense/search/ads.js"
      }, {
         "columnNumber": 97,
         "functionName": "",
         "lineNumber": 50,
         "scriptId": "115",
         "url": "https://syndicatedsearch.goog/adsense/search/ads.js"
      }, {
         "columnNumber": 286,
         "functionName": "",
         "lineNumber": 296,
         "scriptId": "115",
         "url": "https://syndicatedsearch.goog/adsense/search/ads.js"
      }, {
         "columnNumber": 97,
         "functionName": "",
         "lineNumber": 50,
         "scriptId": "115",
         "url": "https://syndicatedsearch.goog/adsense/search/ads.js"
      }, {
         "columnNumber": 1325,
         "functionName": "",
         "lineNumber": 294,
         "scriptId": "115",
         "url": "https://syndicatedsearch.goog/adsense/search/ads.js"
      }, {
         "columnNumber": 21,
         "functionName": "",
         "lineNumber": 27,
         "scriptId": "175",
         "url": ""
      }, {
         "columnNumber": 98526,
         "functionName": "tL",
         "lineNumber": 53,
         "scriptId": "108",
         "url": "https://www.ecosia.org/static/web/assets/entries/src_pages_search.BAV79Yql.js"
      } ]
   }
}
[1762305285.389][DEBUG]: DevTools WebSocket Event: Page.frameRequestedNavigation (session_id=020896624AC3A50119819791F246C3B0) 0D5EDC095436449006366D111B2AD7EB {
   "disposition": "currentTab",
   "frameId": "1ECB6A91010F2A0B53AC304B1E4A66F2",
   "reason": "initialFrameNavigation",
   "url": "https://syndicatedsearch.goog/afs/ads/i/iframe.html"
}
[1762305285.390][DEBUG]: DevTools WebSocket Event: Page.frameStartedNavigating (session_id=020896624AC3A50119819791F246C3B0) 0D5EDC095436449006366D111B2AD7EB {
   "frameId": "1ECB6A91010F2A0B53AC304B1E4A66F2",
   "loaderId": "38C64D946D6271DB4FEF4F2C0443E39F",
   "navigationType": "differentDocument",
   "url": "https://syndicatedsearch.goog/afs/ads/i/iframe.html"
}
[1762305285.391][DEBUG]: DevTools WebSocket Event: Page.frameStartedLoading (session_id=020896624AC3A50119819791F246C3B0) 0D5EDC095436449006366D111B2AD7EB {
   "frameId": "1ECB6A91010F2A0B53AC304B1E4A66F2"
}
[1762305285.393][DEBUG]: DevTools WebSocket Event: Runtime.executionContextCreated (session_id=020896624AC3A50119819791F246C3B0) 0D5EDC095436449006366D111B2AD7EB {
   "context": {
      "auxData": {
         "frameId": "1ECB6A91010F2A0B53AC304B1E4A66F2",
         "isDefault": true,
         "type": "default"
      },
      "id": 5,
      "name": "",
      "origin": "https://www.ecosia.org",
      "uniqueId": "3761774116243881487.5521552602624623762"
   }
}
[1762305285.393][DEBUG]: DevTools WebSocket Event: Page.frameAttached (session_id=020896624AC3A50119819791F246C3B0) 0D5EDC095436449006366D111B2AD7EB {
   "frameId": "A7F6E3DE02F1ACC8C204CA787D4C3CF6",
   "parentFrameId": "0D5EDC095436449006366D111B2AD7EB",
   "stack": {
      "callFrames": [ {
         "columnNumber": 180,
         "functionName": "t.rb",
         "lineNumber": 225,
         "scriptId": "115",
         "url": "https://syndicatedsearch.goog/adsense/search/ads.js"
      }, {
         "columnNumber": 97,
         "functionName": "",
         "lineNumber": 50,
         "scriptId": "115",
         "url": "https://syndicatedsearch.goog/adsense/search/ads.js"
      }, {
         "columnNumber": 41,
         "functionName": "t.ub",
         "lineNumber": 226,
         "scriptId": "115",
         "url": "https://syndicatedsearch.goog/adsense/search/ads.js"
      }, {
         "columnNumber": 97,
         "functionName": "",
         "lineNumber": 50,
         "scriptId": "115",
         "url": "https://syndicatedsearch.goog/adsense/search/ads.js"
      }, {
         "columnNumber": 258,
         "functionName": "t.Oa",
         "lineNumber": 232,
         "scriptId": "115",
         "url": "https://syndicatedsearch.goog/adsense/search/ads.js"
      }, {
         "columnNumber": 97,
         "functionName": "",
         "lineNumber": 50,
         "scriptId": "115",
         "url": "https://syndicatedsearch.goog/adsense/search/ads.js"
      }, {
         "columnNumber": 482,
         "functionName": "",
         "lineNumber": 231,
         "scriptId": "115",
         "url": "https://syndicatedsearch.goog/adsense/search/ads.js"
      }, {
         "columnNumber": 97,
         "functionName": "",
         "lineNumber": 50,
         "scriptId": "115",
         "url": "https://syndicatedsearch.goog/adsense/search/ads.js"
      }, {
         "columnNumber": 23,
         "functionName": "t.Da",
         "lineNumber": 232,
         "scriptId": "115",
         "url": "https://syndicatedsearch.goog/adsense/search/ads.js"
      }, {
         "columnNumber": 97,
         "functionName": "",
         "lineNumber": 50,
         "scriptId": "115",
         "url": "https://syndicatedsearch.goog/adsense/search/ads.js"
      }, {
         "columnNumber": 7,
         "functionName": "Ml",
         "lineNumber": 285,
         "scriptId": "115",
         "url": "https://syndicatedsearch.goog/adsense/search/ads.js"
      }, {
         "columnNumber": 97,
         "functionName": "",
         "lineNumber": 50,
         "scriptId": "115",
         "url": "https://syndicatedsearch.goog/adsense/search/ads.js"
      }, {
         "columnNumber": 443,
         "functionName": "Ll",
         "lineNumber": 281,
         "scriptId": "115",
         "url": "https://syndicatedsearch.goog/adsense/search/ads.js"
      }, {
         "columnNumber": 97,
         "functionName": "",
         "lineNumber": 50,
         "scriptId": "115",
         "url": "https://syndicatedsearch.goog/adsense/search/ads.js"
      }, {
         "columnNumber": 286,
         "functionName": "",
         "lineNumber": 296,
         "scriptId": "115",
         "url": "https://syndicatedsearch.goog/adsense/search/ads.js"
      }, {
         "columnNumber": 97,
         "functionName": "",
         "lineNumber": 50,
         "scriptId": "115",
         "url": "https://syndicatedsearch.goog/adsense/search/ads.js"
      }, {
         "columnNumber": 1325,
         "functionName": "",
         "lineNumber": 294,
         "scriptId": "115",
         "url": "https://syndicatedsearch.goog/adsense/search/ads.js"
      }, {
         "columnNumber": 21,
         "functionName": "",
         "lineNumber": 27,
         "scriptId": "175",
         "url": ""
      }, {
         "columnNumber": 98526,
         "functionName": "tL",
         "lineNumber": 53,
         "scriptId": "108",
         "url": "https://www.ecosia.org/static/web/assets/entries/src_pages_search.BAV79Yql.js"
      } ]
   }
}
[1762305285.393][DEBUG]: DevTools WebSocket Event: Page.frameRequestedNavigation (session_id=020896624AC3A50119819791F246C3B0) 0D5EDC095436449006366D111B2AD7EB {
   "disposition": "currentTab",
   "frameId": "A7F6E3DE02F1ACC8C204CA787D4C3CF6",
   "reason": "initialFrameNavigation",
   "url": "https://syndicatedsearch.goog/afs/ads/i/iframe.html"
}
[1762305285.394][DEBUG]: DevTools WebSocket Event: Page.frameStartedNavigating (session_id=020896624AC3A50119819791F246C3B0) 0D5EDC095436449006366D111B2AD7EB {
   "frameId": "A7F6E3DE02F1ACC8C204CA787D4C3CF6",
   "loaderId": "5C87B7D6D558CE6E895601C9C801B59E",
   "navigationType": "differentDocument",
   "url": "https://syndicatedsearch.goog/afs/ads/i/iframe.html"
}
[1762305285.394][DEBUG]: DevTools WebSocket Event: Page.frameStartedLoading (session_id=020896624AC3A50119819791F246C3B0) 0D5EDC095436449006366D111B2AD7EB {
   "frameId": "A7F6E3DE02F1ACC8C204CA787D4C3CF6"
}
[1762305285.396][DEBUG]: DevTools WebSocket Event: Runtime.executionContextCreated (session_id=020896624AC3A50119819791F246C3B0) 0D5EDC095436449006366D111B2AD7EB {
   "context": {
      "auxData": {
         "frameId": "A7F6E3DE02F1ACC8C204CA787D4C3CF6",
         "isDefault": true,
         "type": "default"
      },
      "id": 6,
      "name": "",
      "origin": "https://www.ecosia.org",
      "uniqueId": "8210423862344325239.-4733013551040622066"
   }
}
[1762305285.396][DEBUG]: DevTools WebSocket Event: Page.frameAttached (session_id=020896624AC3A50119819791F246C3B0) 0D5EDC095436449006366D111B2AD7EB {
   "frameId": "4FFB382F9ACDE76E8FA7B93255053347",
   "parentFrameId": "0D5EDC095436449006366D111B2AD7EB",
   "stack": {
      "callFrames": [ {
         "columnNumber": 180,
         "functionName": "t.rb",
         "lineNumber": 225,
         "scriptId": "115",
         "url": "https://syndicatedsearch.goog/adsense/search/ads.js"
      }, {
         "columnNumber": 97,
         "functionName": "",
         "lineNumber": 50,
         "scriptId": "115",
         "url": "https://syndicatedsearch.goog/adsense/search/ads.js"
      }, {
         "columnNumber": 41,
         "functionName": "t.ub",
         "lineNumber": 226,
         "scriptId": "115",
         "url": "https://syndicatedsearch.goog/adsense/search/ads.js"
      }, {
         "columnNumber": 97,
         "functionName": "",
         "lineNumber": 50,
         "scriptId": "115",
         "url": "https://syndicatedsearch.goog/adsense/search/ads.js"
      }, {
         "columnNumber": 258,
         "functionName": "t.Oa",
         "lineNumber": 232,
         "scriptId": "115",
         "url": "https://syndicatedsearch.goog/adsense/search/ads.js"
      }, {
         "columnNumber": 97,
         "functionName": "",
         "lineNumber": 50,
         "scriptId": "115",
         "url": "https://syndicatedsearch.goog/adsense/search/ads.js"
      }, {
         "columnNumber": 482,
         "functionName": "",
         "lineNumber": 231,
         "scriptId": "115",
         "url": "https://syndicatedsearch.goog/adsense/search/ads.js"
      }, {
         "columnNumber": 97,
         "functionName": "",
         "lineNumber": 50,
         "scriptId": "115",
         "url": "https://syndicatedsearch.goog/adsense/search/ads.js"
      }, {
         "columnNumber": 23,
         "functionName": "t.Da",
         "lineNumber": 232,
         "scriptId": "115",
         "url": "https://syndicatedsearch.goog/adsense/search/ads.js"
      }, {
         "columnNumber": 97,
         "functionName": "",
         "lineNumber": 50,
         "scriptId": "115",
         "url": "https://syndicatedsearch.goog/adsense/search/ads.js"
      }, {
         "columnNumber": 7,
         "functionName": "Ml",
         "lineNumber": 285,
         "scriptId": "115",
         "url": "https://syndicatedsearch.goog/adsense/search/ads.js"
      }, {
         "columnNumber": 97,
         "functionName": "",
         "lineNumber": 50,
         "scriptId": "115",
         "url": "https://syndicatedsearch.goog/adsense/search/ads.js"
      }, {
         "columnNumber": 443,
         "functionName": "Ll",
         "lineNumber": 281,
         "scriptId": "115",
         "url": "https://syndicatedsearch.goog/adsense/search/ads.js"
      }, {
         "columnNumber": 97,
         "functionName": "",
         "lineNumber": 50,
         "scriptId": "115",
         "url": "https://syndicatedsearch.goog/adsense/search/ads.js"
      }, {
         "columnNumber": 286,
         "functionName": "",
         "lineNumber": 296,
         "scriptId": "115",
         "url": "https://syndicatedsearch.goog/adsense/search/ads.js"
      }, {
         "columnNumber": 97,
         "functionName": "",
         "lineNumber": 50,
         "scriptId": "115",
         "url": "https://syndicatedsearch.goog/adsense/search/ads.js"
      }, {
         "columnNumber": 1325,
         "functionName": "",
         "lineNumber": 294,
         "scriptId": "115",
         "url": "https://syndicatedsearch.goog/adsense/search/ads.js"
      }, {
         "columnNumber": 21,
         "functionName": "",
         "lineNumber": 27,
         "scriptId": "175",
         "url": ""
      }, {
         "columnNumber": 98526,
         "functionName": "tL",
         "lineNumber": 53,
         "scriptId": "108",
         "url": "https://www.ecosia.org/static/web/assets/entries/src_pages_search.BAV79Yql.js"
      } ]
   }
}
[1762305285.396][DEBUG]: DevTools WebSocket Event: Page.frameRequestedNavigation (session_id=020896624AC3A50119819791F246C3B0) 0D5EDC095436449006366D111B2AD7EB {
   "disposition": "currentTab",
   "frameId": "4FFB382F9ACDE76E8FA7B93255053347",
   "reason": "initialFrameNavigation",
   "url": "https://syndicatedsearch.goog/afs/ads/i/iframe.html"
}
[1762305285.396][DEBUG]: DevTools WebSocket Event: Page.frameStartedNavigating (session_id=020896624AC3A50119819791F246C3B0) 0D5EDC095436449006366D111B2AD7EB {
   "frameId": "4FFB382F9ACDE76E8FA7B93255053347",
   "loaderId": "50033AC9247691ADE5D04650716B3A0A",
   "navigationType": "differentDocument",
   "url": "https://syndicatedsearch.goog/afs/ads/i/iframe.html"
}
[1762305285.396][DEBUG]: DevTools WebSocket Event: Page.frameStartedLoading (session_id=020896624AC3A50119819791F246C3B0) 0D5EDC095436449006366D111B2AD7EB {
   "frameId": "4FFB382F9ACDE76E8FA7B93255053347"
}
[1762305285.397][DEBUG]: DevTools WebSocket Event: Runtime.executionContextCreated (session_id=020896624AC3A50119819791F246C3B0) 0D5EDC095436449006366D111B2AD7EB {
   "context": {
      "auxData": {
         "frameId": "4FFB382F9ACDE76E8FA7B93255053347",
         "isDefault": true,
         "type": "default"
      },
      "id": 7,
      "name": "",
      "origin": "https://www.ecosia.org",
      "uniqueId": "2969844110681618861.-8144968389927913456"
   }
}
[1762305285.397][DEBUG]: DevTools WebSocket Event: Page.frameAttached (session_id=020896624AC3A50119819791F246C3B0) 0D5EDC095436449006366D111B2AD7EB {
   "frameId": "565ACF60572BC965F465F35A403E18EF",
   "parentFrameId": "0D5EDC095436449006366D111B2AD7EB",
   "stack": {
      "callFrames": [ {
         "columnNumber": 138,
         "functionName": "t.rb",
         "lineNumber": 225,
         "scriptId": "115",
         "url": "https://syndicatedsearch.goog/adsense/search/ads.js"
      }, {
         "columnNumber": 97,
         "functionName": "",
         "lineNumber": 50,
         "scriptId": "115",
         "url": "https://syndicatedsearch.goog/adsense/search/ads.js"
      }, {
         "columnNumber": 41,
         "functionName": "t.ub",
         "lineNumber": 226,
         "scriptId": "115",
         "url": "https://syndicatedsearch.goog/adsense/search/ads.js"
      }, {
         "columnNumber": 97,
         "functionName": "",
         "lineNumber": 50,
         "scriptId": "115",
         "url": "https://syndicatedsearch.goog/adsense/search/ads.js"
      }, {
         "columnNumber": 258,
         "functionName": "t.Oa",
         "lineNumber": 232,
         "scriptId": "115",
         "url": "https://syndicatedsearch.goog/adsense/search/ads.js"
      }, {
         "columnNumber": 97,
         "functionName": "",
         "lineNumber": 50,
         "scriptId": "115",
         "url": "https://syndicatedsearch.goog/adsense/search/ads.js"
      }, {
         "columnNumber": 489,
         "functionName": "",
         "lineNumber": 231,
         "scriptId": "115",
         "url": "https://syndicatedsearch.goog/adsense/search/ads.js"
      }, {
         "columnNumber": 97,
         "functionName": "",
         "lineNumber": 50,
         "scriptId": "115",
         "url": "https://syndicatedsearch.goog/adsense/search/ads.js"
      }, {
         "columnNumber": 23,
         "functionName": "t.Da",
         "lineNumber": 232,
         "scriptId": "115",
         "url": "https://syndicatedsearch.goog/adsense/search/ads.js"
      }, {
         "columnNumber": 97,
         "functionName": "",
         "lineNumber": 50,
         "scriptId": "115",
         "url": "https://syndicatedsearch.goog/adsense/search/ads.js"
      }, {
         "columnNumber": 7,
         "functionName": "Ml",
         "lineNumber": 285,
         "scriptId": "115",
         "url": "https://syndicatedsearch.goog/adsense/search/ads.js"
      }, {
         "columnNumber": 97,
         "functionName": "",
         "lineNumber": 50,
         "scriptId": "115",
         "url": "https://syndicatedsearch.goog/adsense/search/ads.js"
      }, {
         "columnNumber": 443,
         "functionName": "Ll",
         "lineNumber": 281,
         "scriptId": "115",
         "url": "https://syndicatedsearch.goog/adsense/search/ads.js"
      }, {
         "columnNumber": 97,
         "functionName": "",
         "lineNumber": 50,
         "scriptId": "115",
         "url": "https://syndicatedsearch.goog/adsense/search/ads.js"
      }, {
         "columnNumber": 286,
         "functionName": "",
         "lineNumber": 296,
         "scriptId": "115",
         "url": "https://syndicatedsearch.goog/adsense/search/ads.js"
      }, {
         "columnNumber": 97,
         "functionName": "",
         "lineNumber": 50,
         "scriptId": "115",
         "url": "https://syndicatedsearch.goog/adsense/search/ads.js"
      }, {
         "columnNumber": 1325,
         "functionName": "",
         "lineNumber": 294,
         "scriptId": "115",
         "url": "https://syndicatedsearch.goog/adsense/search/ads.js"
      }, {
         "columnNumber": 21,
         "functionName": "",
         "lineNumber": 27,
         "scriptId": "175",
         "url": ""
      }, {
         "columnNumber": 98526,
         "functionName": "tL",
         "lineNumber": 53,
         "scriptId": "108",
         "url": "https://www.ecosia.org/static/web/assets/entries/src_pages_search.BAV79Yql.js"
      } ]
   }
}
[1762305285.398][DEBUG]: DevTools WebSocket Event: Page.frameRequestedNavigation (session_id=020896624AC3A50119819791F246C3B0) 0D5EDC095436449006366D111B2AD7EB {
   "disposition": "currentTab",
   "frameId": "565ACF60572BC965F465F35A403E18EF",
   "reason": "initialFrameNavigation",
   "url": "about:blank"
}
[1762305285.398][DEBUG]: DevTools WebSocket Event: Page.frameNavigated (session_id=020896624AC3A50119819791F246C3B0) 0D5EDC095436449006366D111B2AD7EB {
   "frame": {
      "adFrameStatus": {
         "adFrameType": "none",
         "explanations": [  ]
      },
      "crossOriginIsolatedContextType": "NotIsolated",
      "domainAndRegistry": "",
      "gatedAPIFeatures": [  ],
      "id": "565ACF60572BC965F465F35A403E18EF",
      "loaderId": "F314D33EA48397C942DD76F6E18915D6",
      "mimeType": "text/html",
      "name": "{\"name\":\"master-1\",\"master-b-1\":{\"container\":\"ad-google-1\",\"styleId\":\"3841900489\",\"fexp\":\"21404,17301431,17301432,17301436,17301548,17301266,72717108,73110181,17301558\",\"masterNumber\":1,\"number\":0,...",
      "parentId": "0D5EDC095436449006366D111B2AD7EB",
      "secureContextType": "Secure",
      "securityOrigin": "://",
      "securityOriginDetails": {
         "isLocalhost": false
      },
      "url": "about:blank"
   },
   "type": "Navigation"
}
[1762305285.398][DEBUG]: DevTools WebSocket Event: Page.frameStartedLoading (session_id=020896624AC3A50119819791F246C3B0) 0D5EDC095436449006366D111B2AD7EB {
   "frameId": "565ACF60572BC965F465F35A403E18EF"
}
[1762305285.399][DEBUG]: DevTools WebSocket Event: Runtime.executionContextCreated (session_id=020896624AC3A50119819791F246C3B0) 0D5EDC095436449006366D111B2AD7EB {
   "context": {
      "auxData": {
         "frameId": "565ACF60572BC965F465F35A403E18EF",
         "isDefault": true,
         "type": "default"
      },
      "id": 8,
      "name": "",
      "origin": "https://www.ecosia.org",
      "uniqueId": "8383297325297566774.-2561243324574281046"
   }
}
[1762305285.399][DEBUG]: DevTools WebSocket Event: Page.frameStoppedLoading (session_id=020896624AC3A50119819791F246C3B0) 0D5EDC095436449006366D111B2AD7EB {
   "frameId": "565ACF60572BC965F465F35A403E18EF"
}
[1762305285.401][DEBUG]: DevTools WebSocket Event: Page.frameScheduledNavigation (session_id=020896624AC3A50119819791F246C3B0) 0D5EDC095436449006366D111B2AD7EB {
   "delay": 0,
   "frameId": "565ACF60572BC965F465F35A403E18EF",
   "reason": "scriptInitiated",
   "url": "https://syndicatedsearch.goog/afs/ads?adsafe=medium&adtest=off&psid=3841900489&pcsa=false&channel=st_index%2Bst_cs_holdout_disabled%2Bst_ab_cs1558_b%2Bst_ab_cs1619_b%2Bst_ab_cs1570_b&client=ecosia&..."
}
[1762305285.401][DEBUG]: DevTools WebSocket Event: Page.frameRequestedNavigation (session_id=020896624AC3A50119819791F246C3B0) 0D5EDC095436449006366D111B2AD7EB {
   "disposition": "currentTab",
   "frameId": "565ACF60572BC965F465F35A403E18EF",
   "reason": "scriptInitiated",
   "url": "https://syndicatedsearch.goog/afs/ads?adsafe=medium&adtest=off&psid=3841900489&pcsa=false&channel=st_index%2Bst_cs_holdout_disabled%2Bst_ab_cs1558_b%2Bst_ab_cs1619_b%2Bst_ab_cs1570_b&client=ecosia&..."
}
[1762305285.402][DEBUG]: DevTools WebSocket Event: Page.frameStartedNavigating (session_id=020896624AC3A50119819791F246C3B0) 0D5EDC095436449006366D111B2AD7EB {
   "frameId": "565ACF60572BC965F465F35A403E18EF",
   "loaderId": "6B4D7882B8BA9A50076F48E86CA36DDD",
   "navigationType": "differentDocument",
   "url": "https://syndicatedsearch.goog/afs/ads?adsafe=medium&adtest=off&psid=3841900489&pcsa=false&channel=st_index%2Bst_cs_holdout_disabled%2Bst_ab_cs1558_b%2Bst_ab_cs1619_b%2Bst_ab_cs1570_b&client=ecosia&..."
}
[1762305285.402][DEBUG]: DevTools WebSocket Event: Page.frameStartedLoading (session_id=020896624AC3A50119819791F246C3B0) 0D5EDC095436449006366D111B2AD7EB {
   "frameId": "565ACF60572BC965F465F35A403E18EF"
}
[1762305285.402][DEBUG]: DevTools WebSocket Event: Page.frameClearedScheduledNavigation (session_id=020896624AC3A50119819791F246C3B0) 0D5EDC095436449006366D111B2AD7EB {
   "frameId": "565ACF60572BC965F465F35A403E18EF"
}
[1762305285.405][DEBUG]: DevTools WebSocket Response: Runtime.evaluate (id=251) (session_id=020896624AC3A50119819791F246C3B0) 0D5EDC095436449006366D111B2AD7EB {
   "result": {
      "description": "1",
      "type": "number",
      "value": 1
   }
}
[1762305285.405][INFO]: Done waiting for pending navigations. Status: ok
[1762305285.405][DEBUG]: DevTools WebSocket Command: Page.getFrameTree (id=252) (session_id=020896624AC3A50119819791F246C3B0) 0D5EDC095436449006366D111B2AD7EB {
}
[1762305285.406][DEBUG]: DevTools WebSocket Response: Page.getFrameTree (id=252) (session_id=020896624AC3A50119819791F246C3B0) 0D5EDC095436449006366D111B2AD7EB {
   "frameTree": {
      "childFrames": [ {
         "frame": {
            "adFrameStatus": {
               "adFrameType": "none",
               "explanations": [  ]
            },
            "crossOriginIsolatedContextType": "NotIsolated",
            "domainAndRegistry": "",
            "gatedAPIFeatures": [  ],
            "id": "2F717275A5C0646B4492B2C77BAD5047",
            "loaderId": "E7FE12CC243CD812B41B3C1C3A69BBE7",
            "mimeType": "text/html",
            "name": "__tcfapiLocator",
            "parentId": "0D5EDC095436449006366D111B2AD7EB",
            "secureContextType": "Secure",
            "securityOrigin": "://",
            "securityOriginDetails": {
               "isLocalhost": false
            },
            "url": "about:blank"
         }
      }, {
         "frame": {
            "adFrameStatus": {
               "adFrameType": "none",
               "explanations": [  ]
            },
            "crossOriginIsolatedContextType": "NotIsolated",
            "domainAndRegistry": "",
            "gatedAPIFeatures": [  ],
            "id": "1ECB6A91010F2A0B53AC304B1E4A66F2",
            "loaderId": "A6651B908A5CB985A902BEF09E4ADFE9",
            "mimeType": "text/html",
            "name": "slave-1-1|{\"name\":\"master-1\",\"master-b-1\":{\"container\":\"ad-google-1\",\"styleId\":\"3841900489\",\"fexp\":\"21404,17301431,17301432,17301436,17301548,17301266,72717108,73110181,17301558\",\"masterNumber\":1,\"...",
            "parentId": "0D5EDC095436449006366D111B2AD7EB",
            "secureContextType": "Secure",
            "securityOrigin": "://",
            "securityOriginDetails": {
               "isLocalhost": false
            },
            "url": ":"
         }
      }, {
         "frame": {
            "adFrameStatus": {
               "adFrameType": "none",
               "explanations": [  ]
            },
            "crossOriginIsolatedContextType": "NotIsolated",
            "domainAndRegistry": "",
            "gatedAPIFeatures": [  ],
            "id": "A7F6E3DE02F1ACC8C204CA787D4C3CF6",
            "loaderId": "030385BBBE1E822BF00F37EFB143E8A6",
            "mimeType": "text/html",
            "name": "master-a-1|{\"name\":\"master-1\",\"master-b-1\":{\"container\":\"ad-google-1\",\"styleId\":\"3841900489\",\"fexp\":\"21404,17301431,17301432,17301436,17301548,17301266,72717108,73110181,17301558\",\"masterNumber\":1,...",
            "parentId": "0D5EDC095436449006366D111B2AD7EB",
            "secureContextType": "Secure",
            "securityOrigin": "://",
            "securityOriginDetails": {
               "isLocalhost": false
            },
            "url": ":"
         }
      }, {
         "frame": {
            "adFrameStatus": {
               "adFrameType": "none",
               "explanations": [  ]
            },
            "crossOriginIsolatedContextType": "NotIsolated",
            "domainAndRegistry": "",
            "gatedAPIFeatures": [  ],
            "id": "4FFB382F9ACDE76E8FA7B93255053347",
            "loaderId": "2408F0C39438C087B060C4B9B0DA4C60",
            "mimeType": "text/html",
            "name": "master-b-1|{\"name\":\"master-1\",\"master-b-1\":{\"container\":\"ad-google-1\",\"styleId\":\"3841900489\",\"fexp\":\"21404,17301431,17301432,17301436,17301548,17301266,72717108,73110181,17301558\",\"masterNumber\":1,...",
            "parentId": "0D5EDC095436449006366D111B2AD7EB",
            "secureContextType": "Secure",
            "securityOrigin": "://",
            "securityOriginDetails": {
               "isLocalhost": false
            },
            "url": ":"
         }
      }, {
         "frame": {
            "adFrameStatus": {
               "adFrameType": "none",
               "explanations": [  ]
            },
            "crossOriginIsolatedContextType": "NotIsolated",
            "domainAndRegistry": "",
            "gatedAPIFeatures": [  ],
            "id": "565ACF60572BC965F465F35A403E18EF",
            "loaderId": "F314D33EA48397C942DD76F6E18915D6",
            "mimeType": "text/html",
            "name": "{\"name\":\"master-1\",\"master-b-1\":{\"container\":\"ad-google-1\",\"styleId\":\"3841900489\",\"fexp\":\"21404,17301431,17301432,17301436,17301548,17301266,72717108,73110181,17301558\",\"masterNumber\":1,\"number\":0,...",
            "parentId": "0D5EDC095436449006366D111B2AD7EB",
            "secureContextType": "Secure",
            "securityOrigin": "://",
            "securityOriginDetails": {
               "isLocalhost": false
            },
            "url": "about:blank"
         }
      } ],
      "frame": {
         "adFrameStatus": {
            "adFrameType": "none"
         },
         "crossOriginIsolatedContextType": "NotIsolated",
         "domainAndRegistry": "ecosia.org",
         "gatedAPIFeatures": [  ],
         "id": "0D5EDC095436449006366D111B2AD7EB",
         "loaderId": "4F24EC93BC6F47E1B559756D6C051EEB",
         "mimeType": "text/html",
         "secureContextType": "Secure",
         "securityOrigin": "https://www.ecosia.org",
         "securityOriginDetails": {
            "isLocalhost": false
         },
         "url": "https://www.ecosia.org/search?method=index&q=nightwatch"
      }
   }
}
[1762305285.406][DEBUG]: DevTools WebSocket Command: Page.getFrameTree (id=253) (session_id=020896624AC3A50119819791F246C3B0) 0D5EDC095436449006366D111B2AD7EB {
}
[1762305285.407][DEBUG]: DevTools WebSocket Response: Page.getFrameTree (id=253) (session_id=020896624AC3A50119819791F246C3B0) 0D5EDC095436449006366D111B2AD7EB {
   "frameTree": {
      "childFrames": [ {
         "frame": {
            "adFrameStatus": {
               "adFrameType": "none",
               "explanations": [  ]
            },
            "crossOriginIsolatedContextType": "NotIsolated",
            "domainAndRegistry": "",
            "gatedAPIFeatures": [  ],
            "id": "2F717275A5C0646B4492B2C77BAD5047",
            "loaderId": "E7FE12CC243CD812B41B3C1C3A69BBE7",
            "mimeType": "text/html",
            "name": "__tcfapiLocator",
            "parentId": "0D5EDC095436449006366D111B2AD7EB",
            "secureContextType": "Secure",
            "securityOrigin": "://",
            "securityOriginDetails": {
               "isLocalhost": false
            },
            "url": "about:blank"
         }
      }, {
         "frame": {
            "adFrameStatus": {
               "adFrameType": "none",
               "explanations": [  ]
            },
            "crossOriginIsolatedContextType": "NotIsolated",
            "domainAndRegistry": "",
            "gatedAPIFeatures": [  ],
            "id": "1ECB6A91010F2A0B53AC304B1E4A66F2",
            "loaderId": "A6651B908A5CB985A902BEF09E4ADFE9",
            "mimeType": "text/html",
            "name": "slave-1-1|{\"name\":\"master-1\",\"master-b-1\":{\"container\":\"ad-google-1\",\"styleId\":\"3841900489\",\"fexp\":\"21404,17301431,17301432,17301436,17301548,17301266,72717108,73110181,17301558\",\"masterNumber\":1,\"...",
            "parentId": "0D5EDC095436449006366D111B2AD7EB",
            "secureContextType": "Secure",
            "securityOrigin": "://",
            "securityOriginDetails": {
               "isLocalhost": false
            },
            "url": ":"
         }
      }, {
         "frame": {
            "adFrameStatus": {
               "adFrameType": "none",
               "explanations": [  ]
            },
            "crossOriginIsolatedContextType": "NotIsolated",
            "domainAndRegistry": "",
            "gatedAPIFeatures": [  ],
            "id": "A7F6E3DE02F1ACC8C204CA787D4C3CF6",
            "loaderId": "030385BBBE1E822BF00F37EFB143E8A6",
            "mimeType": "text/html",
            "name": "master-a-1|{\"name\":\"master-1\",\"master-b-1\":{\"container\":\"ad-google-1\",\"styleId\":\"3841900489\",\"fexp\":\"21404,17301431,17301432,17301436,17301548,17301266,72717108,73110181,17301558\",\"masterNumber\":1,...",
            "parentId": "0D5EDC095436449006366D111B2AD7EB",
            "secureContextType": "Secure",
            "securityOrigin": "://",
            "securityOriginDetails": {
               "isLocalhost": false
            },
            "url": ":"
         }
      }, {
         "frame": {
            "adFrameStatus": {
               "adFrameType": "none",
               "explanations": [  ]
            },
            "crossOriginIsolatedContextType": "NotIsolated",
            "domainAndRegistry": "",
            "gatedAPIFeatures": [  ],
            "id": "4FFB382F9ACDE76E8FA7B93255053347",
            "loaderId": "2408F0C39438C087B060C4B9B0DA4C60",
            "mimeType": "text/html",
            "name": "master-b-1|{\"name\":\"master-1\",\"master-b-1\":{\"container\":\"ad-google-1\",\"styleId\":\"3841900489\",\"fexp\":\"21404,17301431,17301432,17301436,17301548,17301266,72717108,73110181,17301558\",\"masterNumber\":1,...",
            "parentId": "0D5EDC095436449006366D111B2AD7EB",
            "secureContextType": "Secure",
            "securityOrigin": "://",
            "securityOriginDetails": {
               "isLocalhost": false
            },
            "url": ":"
         }
      }, {
         "frame": {
            "adFrameStatus": {
               "adFrameType": "none",
               "explanations": [  ]
            },
            "crossOriginIsolatedContextType": "NotIsolated",
            "domainAndRegistry": "",
            "gatedAPIFeatures": [  ],
            "id": "565ACF60572BC965F465F35A403E18EF",
            "loaderId": "F314D33EA48397C942DD76F6E18915D6",
            "mimeType": "text/html",
            "name": "{\"name\":\"master-1\",\"master-b-1\":{\"container\":\"ad-google-1\",\"styleId\":\"3841900489\",\"fexp\":\"21404,17301431,17301432,17301436,17301548,17301266,72717108,73110181,17301558\",\"masterNumber\":1,\"number\":0,...",
            "parentId": "0D5EDC095436449006366D111B2AD7EB",
            "secureContextType": "Secure",
            "securityOrigin": "://",
            "securityOriginDetails": {
               "isLocalhost": false
            },
            "url": "about:blank"
         }
      } ],
      "frame": {
         "adFrameStatus": {
            "adFrameType": "none"
         },
         "crossOriginIsolatedContextType": "NotIsolated",
         "domainAndRegistry": "ecosia.org",
         "gatedAPIFeatures": [  ],
         "id": "0D5EDC095436449006366D111B2AD7EB",
         "loaderId": "4F24EC93BC6F47E1B559756D6C051EEB",
         "mimeType": "text/html",
         "secureContextType": "Secure",
         "securityOrigin": "https://www.ecosia.org",
         "securityOriginDetails": {
            "isLocalhost": false
         },
         "url": "https://www.ecosia.org/search?method=index&q=nightwatch"
      }
   }
}
[1762305285.408][DEBUG]: DevTools WebSocket Command: Runtime.callFunctionOn (id=254) (session_id=020896624AC3A50119819791F246C3B0) 0D5EDC095436449006366D111B2AD7EB {
   "arguments": [  ],
   "awaitPromise": true,
   "functionDeclaration": "function(){ return (function() { // Copyright 2012 The Chromium Authors\n// Use of this source code is governed by a BSD-style license that can be\n// found in the LICENSE file.\n\n/**\n * Enum for WebD...",
   "serializationOptions": {
      "serialization": "deep"
   },
   "uniqueContextId": "541189270087960800.1669561289184730967"
}
[1762305285.412][DEBUG]: DevTools WebSocket Response: Runtime.callFunctionOn (id=254) (session_id=020896624AC3A50119819791F246C3B0) 0D5EDC095436449006366D111B2AD7EB {
   "result": {
      "className": "Array",
      "deepSerializedValue": {
         "type": "array",
         "value": [ {
            "type": "string",
            "value": "{\"status\":0,\"value\":[{\"element-6066-11e4-a52e-4f735466cecf\":0}]}"
         }, {
            "type": "node",
            "value": {
               "attributes": {
                  "class": "layout__content",
                  "data-test-id": "layout-content",
                  "data-v-c549f0a3": "",
                  "id": "main",
                  "tabindex": "-1"
               },
               "backendNodeId": 56,
               "childNodeCount": 3,
               "loaderId": "4F24EC93BC6F47E1B559756D6C051EEB",
               "localName": "main",
               "namespaceURI": "http://www.w3.org/1999/xhtml",
               "nodeType": 1,
               "shadowRoot": null
            }
         } ]
      },
      "description": "Array(2)",
      "objectId": "1465936456213613148.3.1",
      "subtype": "array",
      "type": "object"
   }
}
[1762305285.412][INFO]: Waiting for pending navigations...
[1762305285.412][DEBUG]: DevTools WebSocket Command: Runtime.evaluate (id=255) (session_id=020896624AC3A50119819791F246C3B0) 0D5EDC095436449006366D111B2AD7EB {
   "expression": "1"
}
[1762305285.413][DEBUG]: DevTools WebSocket Response: Runtime.evaluate (id=255) (session_id=020896624AC3A50119819791F246C3B0) 0D5EDC095436449006366D111B2AD7EB {
   "result": {
      "description": "1",
      "type": "number",
      "value": 1
   }
}
[1762305285.413][INFO]: Done waiting for pending navigations. Status: ok
[1762305285.413][INFO]: [4c8a8d7329e980191e11d5349f9c329c] RESPONSE FindElements [ {
   "element-6066-11e4-a52e-4f735466cecf": "f.0D5EDC095436449006366D111B2AD7EB.d.4F24EC93BC6F47E1B559756D6C051EEB.e.56"
} ]
[1762305285.414][INFO]: [4c8a8d7329e980191e11d5349f9c329c] COMMAND GetElementText {
   "id": "f.0D5EDC095436449006366D111B2AD7EB.d.4F24EC93BC6F47E1B559756D6C051EEB.e.56"
}
[1762305285.414][INFO]: Waiting for pending navigations...
[1762305285.414][DEBUG]: DevTools WebSocket Command: Runtime.evaluate (id=256) (session_id=020896624AC3A50119819791F246C3B0) 0D5EDC095436449006366D111B2AD7EB {
   "expression": "1"
}
[1762305285.414][DEBUG]: DevTools WebSocket Response: Runtime.evaluate (id=256) (session_id=020896624AC3A50119819791F246C3B0) 0D5EDC095436449006366D111B2AD7EB {
   "result": {
      "description": "1",
      "type": "number",
      "value": 1
   }
}
[1762305285.414][INFO]: Done waiting for pending navigations. Status: ok
[1762305285.414][DEBUG]: DevTools WebSocket Command: Page.getFrameTree (id=257) (session_id=020896624AC3A50119819791F246C3B0) 0D5EDC095436449006366D111B2AD7EB {
}
[1762305285.415][DEBUG]: DevTools WebSocket Response: Page.getFrameTree (id=257) (session_id=020896624AC3A50119819791F246C3B0) 0D5EDC095436449006366D111B2AD7EB {
   "frameTree": {
      "childFrames": [ {
         "frame": {
            "adFrameStatus": {
               "adFrameType": "none",
               "explanations": [  ]
            },
            "crossOriginIsolatedContextType": "NotIsolated",
            "domainAndRegistry": "",
            "gatedAPIFeatures": [  ],
            "id": "2F717275A5C0646B4492B2C77BAD5047",
            "loaderId": "E7FE12CC243CD812B41B3C1C3A69BBE7",
            "mimeType": "text/html",
            "name": "__tcfapiLocator",
            "parentId": "0D5EDC095436449006366D111B2AD7EB",
            "secureContextType": "Secure",
            "securityOrigin": "://",
            "securityOriginDetails": {
               "isLocalhost": false
            },
            "url": "about:blank"
         }
      }, {
         "frame": {
            "adFrameStatus": {
               "adFrameType": "none",
               "explanations": [  ]
            },
            "crossOriginIsolatedContextType": "NotIsolated",
            "domainAndRegistry": "",
            "gatedAPIFeatures": [  ],
            "id": "1ECB6A91010F2A0B53AC304B1E4A66F2",
            "loaderId": "A6651B908A5CB985A902BEF09E4ADFE9",
            "mimeType": "text/html",
            "name": "slave-1-1|{\"name\":\"master-1\",\"master-b-1\":{\"container\":\"ad-google-1\",\"styleId\":\"3841900489\",\"fexp\":\"21404,17301431,17301432,17301436,17301548,17301266,72717108,73110181,17301558\",\"masterNumber\":1,\"...",
            "parentId": "0D5EDC095436449006366D111B2AD7EB",
            "secureContextType": "Secure",
            "securityOrigin": "://",
            "securityOriginDetails": {
               "isLocalhost": false
            },
            "url": ":"
         }
      }, {
         "frame": {
            "adFrameStatus": {
               "adFrameType": "none",
               "explanations": [  ]
            },
            "crossOriginIsolatedContextType": "NotIsolated",
            "domainAndRegistry": "",
            "gatedAPIFeatures": [  ],
            "id": "A7F6E3DE02F1ACC8C204CA787D4C3CF6",
            "loaderId": "030385BBBE1E822BF00F37EFB143E8A6",
            "mimeType": "text/html",
            "name": "master-a-1|{\"name\":\"master-1\",\"master-b-1\":{\"container\":\"ad-google-1\",\"styleId\":\"3841900489\",\"fexp\":\"21404,17301431,17301432,17301436,17301548,17301266,72717108,73110181,17301558\",\"masterNumber\":1,...",
            "parentId": "0D5EDC095436449006366D111B2AD7EB",
            "secureContextType": "Secure",
            "securityOrigin": "://",
            "securityOriginDetails": {
               "isLocalhost": false
            },
            "url": ":"
         }
      }, {
         "frame": {
            "adFrameStatus": {
               "adFrameType": "none",
               "explanations": [  ]
            },
            "crossOriginIsolatedContextType": "NotIsolated",
            "domainAndRegistry": "",
            "gatedAPIFeatures": [  ],
            "id": "4FFB382F9ACDE76E8FA7B93255053347",
            "loaderId": "2408F0C39438C087B060C4B9B0DA4C60",
            "mimeType": "text/html",
            "name": "master-b-1|{\"name\":\"master-1\",\"master-b-1\":{\"container\":\"ad-google-1\",\"styleId\":\"3841900489\",\"fexp\":\"21404,17301431,17301432,17301436,17301548,17301266,72717108,73110181,17301558\",\"masterNumber\":1,...",
            "parentId": "0D5EDC095436449006366D111B2AD7EB",
            "secureContextType": "Secure",
            "securityOrigin": "://",
            "securityOriginDetails": {
               "isLocalhost": false
            },
            "url": ":"
         }
      }, {
         "frame": {
            "adFrameStatus": {
               "adFrameType": "none",
               "explanations": [  ]
            },
            "crossOriginIsolatedContextType": "NotIsolated",
            "domainAndRegistry": "",
            "gatedAPIFeatures": [  ],
            "id": "565ACF60572BC965F465F35A403E18EF",
            "loaderId": "F314D33EA48397C942DD76F6E18915D6",
            "mimeType": "text/html",
            "name": "{\"name\":\"master-1\",\"master-b-1\":{\"container\":\"ad-google-1\",\"styleId\":\"3841900489\",\"fexp\":\"21404,17301431,17301432,17301436,17301548,17301266,72717108,73110181,17301558\",\"masterNumber\":1,\"number\":0,...",
            "parentId": "0D5EDC095436449006366D111B2AD7EB",
            "secureContextType": "Secure",
            "securityOrigin": "://",
            "securityOriginDetails": {
               "isLocalhost": false
            },
            "url": "about:blank"
         }
      } ],
      "frame": {
         "adFrameStatus": {
            "adFrameType": "none"
         },
         "crossOriginIsolatedContextType": "NotIsolated",
         "domainAndRegistry": "ecosia.org",
         "gatedAPIFeatures": [  ],
         "id": "0D5EDC095436449006366D111B2AD7EB",
         "loaderId": "4F24EC93BC6F47E1B559756D6C051EEB",
         "mimeType": "text/html",
         "secureContextType": "Secure",
         "securityOrigin": "https://www.ecosia.org",
         "securityOriginDetails": {
            "isLocalhost": false
         },
         "url": "https://www.ecosia.org/search?method=index&q=nightwatch"
      }
   }
}
[1762305285.415][DEBUG]: DevTools WebSocket Command: DOM.resolveNode (id=258) (session_id=020896624AC3A50119819791F246C3B0) 0D5EDC095436449006366D111B2AD7EB {
   "backendNodeId": 56,
   "objectGroup": "9b848ce9-c7dc-48c7-a76a-6c7a5d6a5650"
}
[1762305285.415][DEBUG]: DevTools WebSocket Response: DOM.resolveNode (id=258) (session_id=020896624AC3A50119819791F246C3B0) 0D5EDC095436449006366D111B2AD7EB {
   "object": {
      "className": "HTMLElement",
      "description": "main#main.layout__content",
      "objectId": "1465936456213613148.3.2",
      "subtype": "node",
      "type": "object"
   }
}
[1762305285.415][DEBUG]: DevTools WebSocket Command: Page.getFrameTree (id=259) (session_id=020896624AC3A50119819791F246C3B0) 0D5EDC095436449006366D111B2AD7EB {
}
[1762305285.416][DEBUG]: DevTools WebSocket Response: Page.getFrameTree (id=259) (session_id=020896624AC3A50119819791F246C3B0) 0D5EDC095436449006366D111B2AD7EB {
   "frameTree": {
      "childFrames": [ {
         "frame": {
            "adFrameStatus": {
               "adFrameType": "none",
               "explanations": [  ]
            },
            "crossOriginIsolatedContextType": "NotIsolated",
            "domainAndRegistry": "",
            "gatedAPIFeatures": [  ],
            "id": "2F717275A5C0646B4492B2C77BAD5047",
            "loaderId": "E7FE12CC243CD812B41B3C1C3A69BBE7",
            "mimeType": "text/html",
            "name": "__tcfapiLocator",
            "parentId": "0D5EDC095436449006366D111B2AD7EB",
            "secureContextType": "Secure",
            "securityOrigin": "://",
            "securityOriginDetails": {
               "isLocalhost": false
            },
            "url": "about:blank"
         }
      }, {
         "frame": {
            "adFrameStatus": {
               "adFrameType": "none",
               "explanations": [  ]
            },
            "crossOriginIsolatedContextType": "NotIsolated",
            "domainAndRegistry": "",
            "gatedAPIFeatures": [  ],
            "id": "1ECB6A91010F2A0B53AC304B1E4A66F2",
            "loaderId": "A6651B908A5CB985A902BEF09E4ADFE9",
            "mimeType": "text/html",
            "name": "slave-1-1|{\"name\":\"master-1\",\"master-b-1\":{\"container\":\"ad-google-1\",\"styleId\":\"3841900489\",\"fexp\":\"21404,17301431,17301432,17301436,17301548,17301266,72717108,73110181,17301558\",\"masterNumber\":1,\"...",
            "parentId": "0D5EDC095436449006366D111B2AD7EB",
            "secureContextType": "Secure",
            "securityOrigin": "://",
            "securityOriginDetails": {
               "isLocalhost": false
            },
            "url": ":"
         }
      }, {
         "frame": {
            "adFrameStatus": {
               "adFrameType": "none",
               "explanations": [  ]
            },
            "crossOriginIsolatedContextType": "NotIsolated",
            "domainAndRegistry": "",
            "gatedAPIFeatures": [  ],
            "id": "A7F6E3DE02F1ACC8C204CA787D4C3CF6",
            "loaderId": "030385BBBE1E822BF00F37EFB143E8A6",
            "mimeType": "text/html",
            "name": "master-a-1|{\"name\":\"master-1\",\"master-b-1\":{\"container\":\"ad-google-1\",\"styleId\":\"3841900489\",\"fexp\":\"21404,17301431,17301432,17301436,17301548,17301266,72717108,73110181,17301558\",\"masterNumber\":1,...",
            "parentId": "0D5EDC095436449006366D111B2AD7EB",
            "secureContextType": "Secure",
            "securityOrigin": "://",
            "securityOriginDetails": {
               "isLocalhost": false
            },
            "url": ":"
         }
      }, {
         "frame": {
            "adFrameStatus": {
               "adFrameType": "none",
               "explanations": [  ]
            },
            "crossOriginIsolatedContextType": "NotIsolated",
            "domainAndRegistry": "",
            "gatedAPIFeatures": [  ],
            "id": "4FFB382F9ACDE76E8FA7B93255053347",
            "loaderId": "2408F0C39438C087B060C4B9B0DA4C60",
            "mimeType": "text/html",
            "name": "master-b-1|{\"name\":\"master-1\",\"master-b-1\":{\"container\":\"ad-google-1\",\"styleId\":\"3841900489\",\"fexp\":\"21404,17301431,17301432,17301436,17301548,17301266,72717108,73110181,17301558\",\"masterNumber\":1,...",
            "parentId": "0D5EDC095436449006366D111B2AD7EB",
            "secureContextType": "Secure",
            "securityOrigin": "://",
            "securityOriginDetails": {
               "isLocalhost": false
            },
            "url": ":"
         }
      }, {
         "frame": {
            "adFrameStatus": {
               "adFrameType": "none",
               "explanations": [  ]
            },
            "crossOriginIsolatedContextType": "NotIsolated",
            "domainAndRegistry": "",
            "gatedAPIFeatures": [  ],
            "id": "565ACF60572BC965F465F35A403E18EF",
            "loaderId": "F314D33EA48397C942DD76F6E18915D6",
            "mimeType": "text/html",
            "name": "{\"name\":\"master-1\",\"master-b-1\":{\"container\":\"ad-google-1\",\"styleId\":\"3841900489\",\"fexp\":\"21404,17301431,17301432,17301436,17301548,17301266,72717108,73110181,17301558\",\"masterNumber\":1,\"number\":0,...",
            "parentId": "0D5EDC095436449006366D111B2AD7EB",
            "secureContextType": "Secure",
            "securityOrigin": "://",
            "securityOriginDetails": {
               "isLocalhost": false
            },
            "url": "about:blank"
         }
      } ],
      "frame": {
         "adFrameStatus": {
            "adFrameType": "none"
         },
         "crossOriginIsolatedContextType": "NotIsolated",
         "domainAndRegistry": "ecosia.org",
         "gatedAPIFeatures": [  ],
         "id": "0D5EDC095436449006366D111B2AD7EB",
         "loaderId": "4F24EC93BC6F47E1B559756D6C051EEB",
         "mimeType": "text/html",
         "secureContextType": "Secure",
         "securityOrigin": "https://www.ecosia.org",
         "securityOriginDetails": {
            "isLocalhost": false
         },
         "url": "https://www.ecosia.org/search?method=index&q=nightwatch"
      }
   }
}
[1762305285.417][DEBUG]: DevTools WebSocket Command: Runtime.callFunctionOn (id=260) (session_id=020896624AC3A50119819791F246C3B0) 0D5EDC095436449006366D111B2AD7EB {
   "arguments": [ {
      "objectId": "1465936456213613148.3.2"
   } ],
   "awaitPromise": true,
   "functionDeclaration": "function(){ return (function() { // Copyright 2012 The Chromium Authors\n// Use of this source code is governed by a BSD-style license that can be\n// found in the LICENSE file.\n\n/**\n * Enum for WebD...",
   "objectGroup": "9b848ce9-c7dc-48c7-a76a-6c7a5d6a5650",
   "serializationOptions": {
      "serialization": "deep"
   },
   "uniqueContextId": "541189270087960800.1669561289184730967"
}
[1762305285.442][DEBUG]: DevTools WebSocket Response: Runtime.callFunctionOn (id=260) (session_id=020896624AC3A50119819791F246C3B0) 0D5EDC095436449006366D111B2AD7EB {
   "result": {
      "className": "Array",
      "deepSerializedValue": {
         "type": "array",
         "value": [ {
            "type": "string",
            "value": "{\"status\":0,\"value\":\"Buscar\\nBúsquedas relacionadas con nightwatch\\nnightwatch js\\nnightwatch - laravel\\nnightwatch daywatch\\nnightwatch extension\\nnightwatch meaning\\nnightwatch idv\\nnightwatch e..."
         } ]
      },
      "description": "Array(1)",
      "objectId": "1465936456213613148.3.3",
      "subtype": "array",
      "type": "object"
   }
}
[1762305285.442][DEBUG]: DevTools WebSocket Command: Runtime.releaseObjectGroup (id=261) (session_id=020896624AC3A50119819791F246C3B0) 0D5EDC095436449006366D111B2AD7EB {
   "objectGroup": "9b848ce9-c7dc-48c7-a76a-6c7a5d6a5650"
}
[1762305285.442][INFO]: Waiting for pending navigations...
[1762305285.442][DEBUG]: DevTools WebSocket Command: Runtime.evaluate (id=262) (session_id=020896624AC3A50119819791F246C3B0) 0D5EDC095436449006366D111B2AD7EB {
   "expression": "1"
}
[1762305285.442][DEBUG]: DevTools WebSocket Response: Runtime.releaseObjectGroup (id=261) (session_id=020896624AC3A50119819791F246C3B0) 0D5EDC095436449006366D111B2AD7EB {
}
[1762305285.443][DEBUG]: DevTools WebSocket Response: Runtime.evaluate (id=262) (session_id=020896624AC3A50119819791F246C3B0) 0D5EDC095436449006366D111B2AD7EB {
   "result": {
      "description": "1",
      "type": "number",
      "value": 1
   }
}
[1762305285.443][INFO]: Done waiting for pending navigations. Status: ok
[1762305285.443][INFO]: [4c8a8d7329e980191e11d5349f9c329c] RESPONSE GetElementText "Buscar\nBúsquedas relacionadas con nightwatch\nnightwatch js\nnightwatch - laravel\nnightwatch daywatch\nnightwatch extension\nnightwatch meaning\nnightwatch idv\nnightwatch epilepsy\nnightwatch movie\nSigu..."
[1762305285.948][INFO]: [4c8a8d7329e980191e11d5349f9c329c] COMMAND FindElements {
   "using": "css selector",
   "value": ".layout__content"
}
[1762305285.948][DEBUG]: DevTools WebSocket Event: Target.attachedToTarget (session_id=020896624AC3A50119819791F246C3B0) 0D5EDC095436449006366D111B2AD7EB {
   "sessionId": "06CC4E47AE54750D54D418FDF8FA2062",
   "targetInfo": {
      "attached": true,
      "browserContextId": "5B6A437B9F86DC432D537AFD37688A1F",
      "canAccessOpener": false,
      "parentFrameId": "0D5EDC095436449006366D111B2AD7EB",
      "targetId": "1ECB6A91010F2A0B53AC304B1E4A66F2",
      "title": "",
      "type": "iframe",
      "url": ""
   },
   "waitingForDebugger": false
}
[1762305285.948][DEBUG]: DevTools WebSocket Command: Page.enable (id=263) (session_id=06CC4E47AE54750D54D418FDF8FA2062) 06CC4E47AE54750D54D418FDF8FA2062 {
}
[1762305285.949][DEBUG]: DevTools WebSocket Command: Page.addScriptToEvaluateOnNewDocument (id=264) (session_id=06CC4E47AE54750D54D418FDF8FA2062) 06CC4E47AE54750D54D418FDF8FA2062 {
   "source": "(function () {window.cdc_adoQpoasnfa76pfcZLmcfl_Array = window.Array;window.cdc_adoQpoasnfa76pfcZLmcfl_Object = window.Object;window.cdc_adoQpoasnfa76pfcZLmcfl_Promise = window.Promise;window.cdc_a..."
}
[1762305285.949][DEBUG]: DevTools WebSocket Command: Runtime.evaluate (id=265) (session_id=06CC4E47AE54750D54D418FDF8FA2062) 06CC4E47AE54750D54D418FDF8FA2062 {
   "expression": "(function () {window.cdc_adoQpoasnfa76pfcZLmcfl_Array = window.Array;window.cdc_adoQpoasnfa76pfcZLmcfl_Object = window.Object;window.cdc_adoQpoasnfa76pfcZLmcfl_Promise = window.Promise;window.cdc_a..."
}
[1762305285.949][DEBUG]: DevTools WebSocket Command: Target.setAutoAttach (id=266) (session_id=06CC4E47AE54750D54D418FDF8FA2062) 06CC4E47AE54750D54D418FDF8FA2062 {
   "autoAttach": true,
   "flatten": true,
   "waitForDebuggerOnStart": false
}
[1762305285.949][DEBUG]: DevTools WebSocket Event: Target.targetInfoChanged (session_id=020896624AC3A50119819791F246C3B0) 0D5EDC095436449006366D111B2AD7EB {
   "targetInfo": {
      "attached": true,
      "browserContextId": "5B6A437B9F86DC432D537AFD37688A1F",
      "canAccessOpener": false,
      "parentFrameId": "0D5EDC095436449006366D111B2AD7EB",
      "targetId": "1ECB6A91010F2A0B53AC304B1E4A66F2",
      "title": "https://syndicatedsearch.goog/afs/ads/i/iframe.html",
      "type": "iframe",
      "url": "https://syndicatedsearch.goog/afs/ads/i/iframe.html"
   }
}
[1762305285.949][DEBUG]: DevTools WebSocket Event: Page.frameDetached (session_id=020896624AC3A50119819791F246C3B0) 0D5EDC095436449006366D111B2AD7EB {
   "frameId": "1ECB6A91010F2A0B53AC304B1E4A66F2",
   "reason": "swap"
}
[1762305285.949][DEBUG]: DevTools WebSocket Event: Runtime.executionContextDestroyed (session_id=020896624AC3A50119819791F246C3B0) 0D5EDC095436449006366D111B2AD7EB {
   "executionContextId": 5,
   "executionContextUniqueId": "3761774116243881487.5521552602624623762"
}
[1762305285.949][DEBUG]: DevTools WebSocket Event: Target.attachedToTarget (session_id=020896624AC3A50119819791F246C3B0) 0D5EDC095436449006366D111B2AD7EB {
   "sessionId": "E9355810287FF8FADAD9F7FD05109104",
   "targetInfo": {
      "attached": true,
      "browserContextId": "5B6A437B9F86DC432D537AFD37688A1F",
      "canAccessOpener": false,
      "parentFrameId": "0D5EDC095436449006366D111B2AD7EB",
      "targetId": "A7F6E3DE02F1ACC8C204CA787D4C3CF6",
      "title": "",
      "type": "iframe",
      "url": ""
   },
   "waitingForDebugger": false
}
[1762305285.949][DEBUG]: DevTools WebSocket Command: Page.enable (id=267) (session_id=E9355810287FF8FADAD9F7FD05109104) E9355810287FF8FADAD9F7FD05109104 {
}
[1762305285.949][DEBUG]: DevTools WebSocket Command: Page.addScriptToEvaluateOnNewDocument (id=268) (session_id=E9355810287FF8FADAD9F7FD05109104) E9355810287FF8FADAD9F7FD05109104 {
   "source": "(function () {window.cdc_adoQpoasnfa76pfcZLmcfl_Array = window.Array;window.cdc_adoQpoasnfa76pfcZLmcfl_Object = window.Object;window.cdc_adoQpoasnfa76pfcZLmcfl_Promise = window.Promise;window.cdc_a..."
}
[1762305285.949][DEBUG]: DevTools WebSocket Command: Runtime.evaluate (id=269) (session_id=E9355810287FF8FADAD9F7FD05109104) E9355810287FF8FADAD9F7FD05109104 {
   "expression": "(function () {window.cdc_adoQpoasnfa76pfcZLmcfl_Array = window.Array;window.cdc_adoQpoasnfa76pfcZLmcfl_Object = window.Object;window.cdc_adoQpoasnfa76pfcZLmcfl_Promise = window.Promise;window.cdc_a..."
}
[1762305285.949][DEBUG]: DevTools WebSocket Command: Target.setAutoAttach (id=270) (session_id=E9355810287FF8FADAD9F7FD05109104) E9355810287FF8FADAD9F7FD05109104 {
   "autoAttach": true,
   "flatten": true,
   "waitForDebuggerOnStart": false
}
[1762305285.949][DEBUG]: DevTools WebSocket Event: Target.targetInfoChanged (session_id=020896624AC3A50119819791F246C3B0) 0D5EDC095436449006366D111B2AD7EB {
   "targetInfo": {
      "attached": true,
      "browserContextId": "5B6A437B9F86DC432D537AFD37688A1F",
      "canAccessOpener": false,
      "parentFrameId": "0D5EDC095436449006366D111B2AD7EB",
      "targetId": "A7F6E3DE02F1ACC8C204CA787D4C3CF6",
      "title": "https://syndicatedsearch.goog/afs/ads/i/iframe.html",
      "type": "iframe",
      "url": "https://syndicatedsearch.goog/afs/ads/i/iframe.html"
   }
}
[1762305285.949][DEBUG]: DevTools WebSocket Event: Page.frameDetached (session_id=020896624AC3A50119819791F246C3B0) 0D5EDC095436449006366D111B2AD7EB {
   "frameId": "A7F6E3DE02F1ACC8C204CA787D4C3CF6",
   "reason": "swap"
}
[1762305285.949][DEBUG]: DevTools WebSocket Event: Runtime.executionContextDestroyed (session_id=020896624AC3A50119819791F246C3B0) 0D5EDC095436449006366D111B2AD7EB {
   "executionContextId": 6,
   "executionContextUniqueId": "8210423862344325239.-4733013551040622066"
}
[1762305285.949][DEBUG]: DevTools WebSocket Event: Target.attachedToTarget (session_id=020896624AC3A50119819791F246C3B0) 0D5EDC095436449006366D111B2AD7EB {
   "sessionId": "5246B75AA97A0C39C8BBD195DADFF229",
   "targetInfo": {
      "attached": true,
      "browserContextId": "5B6A437B9F86DC432D537AFD37688A1F",
      "canAccessOpener": false,
      "parentFrameId": "0D5EDC095436449006366D111B2AD7EB",
      "targetId": "4FFB382F9ACDE76E8FA7B93255053347",
      "title": "",
      "type": "iframe",
      "url": ""
   },
   "waitingForDebugger": false
}
[1762305285.949][DEBUG]: DevTools WebSocket Command: Page.enable (id=271) (session_id=5246B75AA97A0C39C8BBD195DADFF229) 5246B75AA97A0C39C8BBD195DADFF229 {
}
[1762305285.949][DEBUG]: DevTools WebSocket Command: Page.addScriptToEvaluateOnNewDocument (id=272) (session_id=5246B75AA97A0C39C8BBD195DADFF229) 5246B75AA97A0C39C8BBD195DADFF229 {
   "source": "(function () {window.cdc_adoQpoasnfa76pfcZLmcfl_Array = window.Array;window.cdc_adoQpoasnfa76pfcZLmcfl_Object = window.Object;window.cdc_adoQpoasnfa76pfcZLmcfl_Promise = window.Promise;window.cdc_a..."
}
[1762305285.949][DEBUG]: DevTools WebSocket Command: Runtime.evaluate (id=273) (session_id=5246B75AA97A0C39C8BBD195DADFF229) 5246B75AA97A0C39C8BBD195DADFF229 {
   "expression": "(function () {window.cdc_adoQpoasnfa76pfcZLmcfl_Array = window.Array;window.cdc_adoQpoasnfa76pfcZLmcfl_Object = window.Object;window.cdc_adoQpoasnfa76pfcZLmcfl_Promise = window.Promise;window.cdc_a..."
}
[1762305285.949][DEBUG]: DevTools WebSocket Command: Target.setAutoAttach (id=274) (session_id=5246B75AA97A0C39C8BBD195DADFF229) 5246B75AA97A0C39C8BBD195DADFF229 {
   "autoAttach": true,
   "flatten": true,
   "waitForDebuggerOnStart": false
}
[1762305285.950][DEBUG]: DevTools WebSocket Event: Target.targetInfoChanged (session_id=020896624AC3A50119819791F246C3B0) 0D5EDC095436449006366D111B2AD7EB {
   "targetInfo": {
      "attached": true,
      "browserContextId": "5B6A437B9F86DC432D537AFD37688A1F",
      "canAccessOpener": false,
      "parentFrameId": "0D5EDC095436449006366D111B2AD7EB",
      "targetId": "4FFB382F9ACDE76E8FA7B93255053347",
      "title": "https://syndicatedsearch.goog/afs/ads/i/iframe.html",
      "type": "iframe",
      "url": "https://syndicatedsearch.goog/afs/ads/i/iframe.html"
   }
}
[1762305285.950][DEBUG]: DevTools WebSocket Event: Page.frameDetached (session_id=020896624AC3A50119819791F246C3B0) 0D5EDC095436449006366D111B2AD7EB {
   "frameId": "4FFB382F9ACDE76E8FA7B93255053347",
   "reason": "swap"
}
[1762305285.950][DEBUG]: DevTools WebSocket Event: Runtime.executionContextDestroyed (session_id=020896624AC3A50119819791F246C3B0) 0D5EDC095436449006366D111B2AD7EB {
   "executionContextId": 7,
   "executionContextUniqueId": "2969844110681618861.-8144968389927913456"
}
[1762305285.950][DEBUG]: DevTools WebSocket Event: Target.attachedToTarget (session_id=020896624AC3A50119819791F246C3B0) 0D5EDC095436449006366D111B2AD7EB {
   "sessionId": "B32393C0C88186182EC7DB9BF0AB3BE4",
   "targetInfo": {
      "attached": true,
      "browserContextId": "5B6A437B9F86DC432D537AFD37688A1F",
      "canAccessOpener": false,
      "parentFrameId": "0D5EDC095436449006366D111B2AD7EB",
      "targetId": "565ACF60572BC965F465F35A403E18EF",
      "title": "",
      "type": "iframe",
      "url": ""
   },
   "waitingForDebugger": false
}
[1762305285.950][DEBUG]: DevTools WebSocket Command: Page.enable (id=275) (session_id=B32393C0C88186182EC7DB9BF0AB3BE4) B32393C0C88186182EC7DB9BF0AB3BE4 {
}
[1762305285.950][DEBUG]: DevTools WebSocket Command: Page.addScriptToEvaluateOnNewDocument (id=276) (session_id=B32393C0C88186182EC7DB9BF0AB3BE4) B32393C0C88186182EC7DB9BF0AB3BE4 {
   "source": "(function () {window.cdc_adoQpoasnfa76pfcZLmcfl_Array = window.Array;window.cdc_adoQpoasnfa76pfcZLmcfl_Object = window.Object;window.cdc_adoQpoasnfa76pfcZLmcfl_Promise = window.Promise;window.cdc_a..."
}
[1762305285.950][DEBUG]: DevTools WebSocket Command: Runtime.evaluate (id=277) (session_id=B32393C0C88186182EC7DB9BF0AB3BE4) B32393C0C88186182EC7DB9BF0AB3BE4 {
   "expression": "(function () {window.cdc_adoQpoasnfa76pfcZLmcfl_Array = window.Array;window.cdc_adoQpoasnfa76pfcZLmcfl_Object = window.Object;window.cdc_adoQpoasnfa76pfcZLmcfl_Promise = window.Promise;window.cdc_a..."
}
[1762305285.950][DEBUG]: DevTools WebSocket Command: Target.setAutoAttach (id=278) (session_id=B32393C0C88186182EC7DB9BF0AB3BE4) B32393C0C88186182EC7DB9BF0AB3BE4 {
   "autoAttach": true,
   "flatten": true,
   "waitForDebuggerOnStart": false
}
[1762305285.950][DEBUG]: DevTools WebSocket Event: Target.targetInfoChanged (session_id=020896624AC3A50119819791F246C3B0) 0D5EDC095436449006366D111B2AD7EB {
   "targetInfo": {
      "attached": true,
      "browserContextId": "5B6A437B9F86DC432D537AFD37688A1F",
      "canAccessOpener": false,
      "parentFrameId": "0D5EDC095436449006366D111B2AD7EB",
      "targetId": "565ACF60572BC965F465F35A403E18EF",
      "title": "https://syndicatedsearch.goog/afs/ads?adsafe=medium&adtest=off&psid=3841900489&pcsa=false&channel=st_index%2Bst_cs_holdout_disabled%2Bst_ab_cs1558_b%2Bst_ab_cs1619_b%2Bst_ab_cs1570_b&client=ecosia&...",
      "type": "iframe",
      "url": "https://syndicatedsearch.goog/afs/ads?adsafe=medium&adtest=off&psid=3841900489&pcsa=false&channel=st_index%2Bst_cs_holdout_disabled%2Bst_ab_cs1558_b%2Bst_ab_cs1619_b%2Bst_ab_cs1570_b&client=ecosia&..."
   }
}
[1762305285.950][DEBUG]: DevTools WebSocket Event: Page.frameDetached (session_id=020896624AC3A50119819791F246C3B0) 0D5EDC095436449006366D111B2AD7EB {
   "frameId": "565ACF60572BC965F465F35A403E18EF",
   "reason": "swap"
}
[1762305285.950][DEBUG]: DevTools WebSocket Event: Runtime.executionContextDestroyed (session_id=020896624AC3A50119819791F246C3B0) 0D5EDC095436449006366D111B2AD7EB {
   "executionContextId": 8,
   "executionContextUniqueId": "8383297325297566774.-2561243324574281046"
}
[1762305285.950][DEBUG]: DevTools WebSocket Response: Page.enable (id=263) (session_id=06CC4E47AE54750D54D418FDF8FA2062) 06CC4E47AE54750D54D418FDF8FA2062 {
}
[1762305285.950][DEBUG]: DevTools WebSocket Response: Page.addScriptToEvaluateOnNewDocument (id=264) (session_id=06CC4E47AE54750D54D418FDF8FA2062) 06CC4E47AE54750D54D418FDF8FA2062 {
   "identifier": "1"
}
[1762305285.950][DEBUG]: DevTools WebSocket Response: Runtime.evaluate (id=265) (session_id=06CC4E47AE54750D54D418FDF8FA2062) 06CC4E47AE54750D54D418FDF8FA2062 {
   "result": {
      "type": "undefined"
   }
}
[1762305285.950][DEBUG]: DevTools WebSocket Response: Target.setAutoAttach (id=266) (session_id=06CC4E47AE54750D54D418FDF8FA2062) 06CC4E47AE54750D54D418FDF8FA2062 {
}
[1762305285.950][DEBUG]: DevTools WebSocket Response: Page.enable (id=267) (session_id=E9355810287FF8FADAD9F7FD05109104) E9355810287FF8FADAD9F7FD05109104 {
}
[1762305285.950][DEBUG]: DevTools WebSocket Response: Page.addScriptToEvaluateOnNewDocument (id=268) (session_id=E9355810287FF8FADAD9F7FD05109104) E9355810287FF8FADAD9F7FD05109104 {
   "identifier": "1"
}
[1762305285.950][DEBUG]: DevTools WebSocket Response: Runtime.evaluate (id=269) (session_id=E9355810287FF8FADAD9F7FD05109104) E9355810287FF8FADAD9F7FD05109104 {
   "result": {
      "type": "undefined"
   }
}
[1762305285.950][DEBUG]: DevTools WebSocket Response: Target.setAutoAttach (id=270) (session_id=E9355810287FF8FADAD9F7FD05109104) E9355810287FF8FADAD9F7FD05109104 {
}
[1762305285.950][DEBUG]: DevTools WebSocket Response: Page.enable (id=271) (session_id=5246B75AA97A0C39C8BBD195DADFF229) 5246B75AA97A0C39C8BBD195DADFF229 {
}
[1762305285.950][DEBUG]: DevTools WebSocket Response: Page.addScriptToEvaluateOnNewDocument (id=272) (session_id=5246B75AA97A0C39C8BBD195DADFF229) 5246B75AA97A0C39C8BBD195DADFF229 {
   "identifier": "1"
}
[1762305285.950][DEBUG]: DevTools WebSocket Response: Runtime.evaluate (id=273) (session_id=5246B75AA97A0C39C8BBD195DADFF229) 5246B75AA97A0C39C8BBD195DADFF229 {
   "result": {
      "type": "undefined"
   }
}
[1762305285.950][DEBUG]: DevTools WebSocket Response: Target.setAutoAttach (id=274) (session_id=5246B75AA97A0C39C8BBD195DADFF229) 5246B75AA97A0C39C8BBD195DADFF229 {
}
[1762305285.950][DEBUG]: DevTools WebSocket Response: Page.enable (id=275) (session_id=B32393C0C88186182EC7DB9BF0AB3BE4) B32393C0C88186182EC7DB9BF0AB3BE4 {
}
[1762305285.950][DEBUG]: DevTools WebSocket Response: Page.addScriptToEvaluateOnNewDocument (id=276) (session_id=B32393C0C88186182EC7DB9BF0AB3BE4) B32393C0C88186182EC7DB9BF0AB3BE4 {
   "identifier": "1"
}
[1762305285.950][DEBUG]: DevTools WebSocket Response: Runtime.evaluate (id=277) (session_id=B32393C0C88186182EC7DB9BF0AB3BE4) B32393C0C88186182EC7DB9BF0AB3BE4 {
   "result": {
      "type": "undefined"
   }
}
[1762305285.950][DEBUG]: DevTools WebSocket Response: Target.setAutoAttach (id=278) (session_id=B32393C0C88186182EC7DB9BF0AB3BE4) B32393C0C88186182EC7DB9BF0AB3BE4 {
}
[1762305285.950][DEBUG]: DevTools WebSocket Command: Runtime.enable (id=279) (session_id=B32393C0C88186182EC7DB9BF0AB3BE4) B32393C0C88186182EC7DB9BF0AB3BE4 {
}
[1762305285.951][DEBUG]: DevTools WebSocket Event: Runtime.executionContextCreated (session_id=B32393C0C88186182EC7DB9BF0AB3BE4) B32393C0C88186182EC7DB9BF0AB3BE4 {
   "context": {
      "auxData": {
         "frameId": "565ACF60572BC965F465F35A403E18EF",
         "isDefault": true,
         "type": "default"
      },
      "id": 4,
      "name": "",
      "origin": "https://syndicatedsearch.goog",
      "uniqueId": "-8321403974517191217.2713489444048328772"
   }
}
[1762305285.951][DEBUG]: DevTools WebSocket Response: Runtime.enable (id=279) (session_id=B32393C0C88186182EC7DB9BF0AB3BE4) B32393C0C88186182EC7DB9BF0AB3BE4 {
}
[1762305285.951][DEBUG]: DevTools WebSocket Command: Runtime.enable (id=280) (session_id=5246B75AA97A0C39C8BBD195DADFF229) 5246B75AA97A0C39C8BBD195DADFF229 {
}
[1762305285.952][DEBUG]: DevTools WebSocket Event: Runtime.executionContextCreated (session_id=5246B75AA97A0C39C8BBD195DADFF229) 5246B75AA97A0C39C8BBD195DADFF229 {
   "context": {
      "auxData": {
         "frameId": "4FFB382F9ACDE76E8FA7B93255053347",
         "isDefault": true,
         "type": "default"
      },
      "id": 3,
      "name": "",
      "origin": "https://syndicatedsearch.goog",
      "uniqueId": "-7023368412532003525.-4975615537310633102"
   }
}
[1762305285.952][DEBUG]: DevTools WebSocket Response: Runtime.enable (id=280) (session_id=5246B75AA97A0C39C8BBD195DADFF229) 5246B75AA97A0C39C8BBD195DADFF229 {
}
[1762305285.952][DEBUG]: DevTools WebSocket Command: Runtime.enable (id=281) (session_id=E9355810287FF8FADAD9F7FD05109104) E9355810287FF8FADAD9F7FD05109104 {
}
[1762305285.952][DEBUG]: DevTools WebSocket Event: Runtime.executionContextCreated (session_id=E9355810287FF8FADAD9F7FD05109104) E9355810287FF8FADAD9F7FD05109104 {
   "context": {
      "auxData": {
         "frameId": "A7F6E3DE02F1ACC8C204CA787D4C3CF6",
         "isDefault": true,
         "type": "default"
      },
      "id": 2,
      "name": "",
      "origin": "https://syndicatedsearch.goog",
      "uniqueId": "5192762324293741205.-405723585182341994"
   }
}
[1762305285.952][DEBUG]: DevTools WebSocket Response: Runtime.enable (id=281) (session_id=E9355810287FF8FADAD9F7FD05109104) E9355810287FF8FADAD9F7FD05109104 {
}
[1762305285.952][DEBUG]: DevTools WebSocket Command: Runtime.enable (id=282) (session_id=06CC4E47AE54750D54D418FDF8FA2062) 06CC4E47AE54750D54D418FDF8FA2062 {
}
[1762305285.953][DEBUG]: DevTools WebSocket Event: Runtime.executionContextCreated (session_id=06CC4E47AE54750D54D418FDF8FA2062) 06CC4E47AE54750D54D418FDF8FA2062 {
   "context": {
      "auxData": {
         "frameId": "1ECB6A91010F2A0B53AC304B1E4A66F2",
         "isDefault": true,
         "type": "default"
      },
      "id": 1,
      "name": "",
      "origin": "https://syndicatedsearch.goog",
      "uniqueId": "-8096317714109121979.-1701525844217528012"
   }
}
[1762305285.953][DEBUG]: DevTools WebSocket Response: Runtime.enable (id=282) (session_id=06CC4E47AE54750D54D418FDF8FA2062) 06CC4E47AE54750D54D418FDF8FA2062 {
}
[1762305285.953][INFO]: Waiting for pending navigations...
[1762305285.953][DEBUG]: DevTools WebSocket Command: Runtime.evaluate (id=283) (session_id=020896624AC3A50119819791F246C3B0) 0D5EDC095436449006366D111B2AD7EB {
   "expression": "1"
}
[1762305285.953][DEBUG]: DevTools WebSocket Response: Runtime.evaluate (id=283) (session_id=020896624AC3A50119819791F246C3B0) 0D5EDC095436449006366D111B2AD7EB {
   "result": {
      "description": "1",
      "type": "number",
      "value": 1
   }
}
[1762305285.953][DEBUG]: DevTools WebSocket Command: Runtime.evaluate (id=284) (session_id=020896624AC3A50119819791F246C3B0) 0D5EDC095436449006366D111B2AD7EB {
   "expression": "document",
   "objectGroup": "7980754a-0519-4aec-816e-877d43f7ba2c"
}
[1762305285.954][DEBUG]: DevTools WebSocket Response: Runtime.evaluate (id=284) (session_id=020896624AC3A50119819791F246C3B0) 0D5EDC095436449006366D111B2AD7EB {
   "result": {
      "className": "HTMLDocument",
      "description": "#document",
      "objectId": "1465936456213613148.3.4",
      "subtype": "node",
      "type": "object"
   }
}
[1762305285.954][DEBUG]: DevTools WebSocket Command: DOM.describeNode (id=285) (session_id=020896624AC3A50119819791F246C3B0) 0D5EDC095436449006366D111B2AD7EB {
   "objectId": "1465936456213613148.3.4"
}
[1762305285.954][DEBUG]: DevTools WebSocket Response: DOM.describeNode (id=285) (session_id=020896624AC3A50119819791F246C3B0) 0D5EDC095436449006366D111B2AD7EB {
   "node": {
      "backendNodeId": 34,
      "baseURL": "https://www.ecosia.org/search?method=index&q=nightwatch",
      "childNodeCount": 2,
      "compatibilityMode": "NoQuirksMode",
      "documentURL": "https://www.ecosia.org/search?method=index&q=nightwatch",
      "isScrollable": true,
      "localName": "",
      "nodeId": 0,
      "nodeName": "#document",
      "nodeType": 9,
      "nodeValue": "",
      "xmlVersion": ""
   }
}
[1762305285.954][DEBUG]: DevTools WebSocket Command: Runtime.releaseObjectGroup (id=286) (session_id=020896624AC3A50119819791F246C3B0) 0D5EDC095436449006366D111B2AD7EB {
   "objectGroup": "7980754a-0519-4aec-816e-877d43f7ba2c"
}
[1762305285.954][DEBUG]: DevTools WebSocket Command: Runtime.evaluate (id=287) (session_id=020896624AC3A50119819791F246C3B0) 0D5EDC095436449006366D111B2AD7EB {
   "awaitPromise": false,
   "expression": "document.readyState",
   "returnByValue": true,
   "uniqueContextId": "541189270087960800.1669561289184730967"
}
[1762305285.955][DEBUG]: DevTools WebSocket Response: Runtime.releaseObjectGroup (id=286) (session_id=020896624AC3A50119819791F246C3B0) 0D5EDC095436449006366D111B2AD7EB {
}
[1762305285.955][DEBUG]: DevTools WebSocket Response: Runtime.evaluate (id=287) (session_id=020896624AC3A50119819791F246C3B0) 0D5EDC095436449006366D111B2AD7EB {
   "result": {
      "type": "string",
      "value": "complete"
   }
}
[1762305285.955][INFO]: Done waiting for pending navigations. Status: ok
[1762305285.955][DEBUG]: DevTools WebSocket Command: Page.getFrameTree (id=288) (session_id=020896624AC3A50119819791F246C3B0) 0D5EDC095436449006366D111B2AD7EB {
}
[1762305285.955][DEBUG]: DevTools WebSocket Response: Page.getFrameTree (id=288) (session_id=020896624AC3A50119819791F246C3B0) 0D5EDC095436449006366D111B2AD7EB {
   "frameTree": {
      "childFrames": [ {
         "frame": {
            "adFrameStatus": {
               "adFrameType": "none",
               "explanations": [  ]
            },
            "crossOriginIsolatedContextType": "NotIsolated",
            "domainAndRegistry": "",
            "gatedAPIFeatures": [  ],
            "id": "2F717275A5C0646B4492B2C77BAD5047",
            "loaderId": "E7FE12CC243CD812B41B3C1C3A69BBE7",
            "mimeType": "text/html",
            "name": "__tcfapiLocator",
            "parentId": "0D5EDC095436449006366D111B2AD7EB",
            "secureContextType": "Secure",
            "securityOrigin": "://",
            "securityOriginDetails": {
               "isLocalhost": false
            },
            "url": "about:blank"
         }
      } ],
      "frame": {
         "adFrameStatus": {
            "adFrameType": "none"
         },
         "crossOriginIsolatedContextType": "NotIsolated",
         "domainAndRegistry": "ecosia.org",
         "gatedAPIFeatures": [  ],
         "id": "0D5EDC095436449006366D111B2AD7EB",
         "loaderId": "4F24EC93BC6F47E1B559756D6C051EEB",
         "mimeType": "text/html",
         "secureContextType": "Secure",
         "securityOrigin": "https://www.ecosia.org",
         "securityOriginDetails": {
            "isLocalhost": false
         },
         "url": "https://www.ecosia.org/search?method=index&q=nightwatch"
      }
   }
}
[1762305285.956][DEBUG]: DevTools WebSocket Command: Page.getFrameTree (id=289) (session_id=020896624AC3A50119819791F246C3B0) 0D5EDC095436449006366D111B2AD7EB {
}
[1762305285.956][DEBUG]: DevTools WebSocket Response: Page.getFrameTree (id=289) (session_id=020896624AC3A50119819791F246C3B0) 0D5EDC095436449006366D111B2AD7EB {
   "frameTree": {
      "childFrames": [ {
         "frame": {
            "adFrameStatus": {
               "adFrameType": "none",
               "explanations": [  ]
            },
            "crossOriginIsolatedContextType": "NotIsolated",
            "domainAndRegistry": "",
            "gatedAPIFeatures": [  ],
            "id": "2F717275A5C0646B4492B2C77BAD5047",
            "loaderId": "E7FE12CC243CD812B41B3C1C3A69BBE7",
            "mimeType": "text/html",
            "name": "__tcfapiLocator",
            "parentId": "0D5EDC095436449006366D111B2AD7EB",
            "secureContextType": "Secure",
            "securityOrigin": "://",
            "securityOriginDetails": {
               "isLocalhost": false
            },
            "url": "about:blank"
         }
      } ],
      "frame": {
         "adFrameStatus": {
            "adFrameType": "none"
         },
         "crossOriginIsolatedContextType": "NotIsolated",
         "domainAndRegistry": "ecosia.org",
         "gatedAPIFeatures": [  ],
         "id": "0D5EDC095436449006366D111B2AD7EB",
         "loaderId": "4F24EC93BC6F47E1B559756D6C051EEB",
         "mimeType": "text/html",
         "secureContextType": "Secure",
         "securityOrigin": "https://www.ecosia.org",
         "securityOriginDetails": {
            "isLocalhost": false
         },
         "url": "https://www.ecosia.org/search?method=index&q=nightwatch"
      }
   }
}
[1762305285.958][DEBUG]: DevTools WebSocket Command: Runtime.callFunctionOn (id=290) (session_id=020896624AC3A50119819791F246C3B0) 0D5EDC095436449006366D111B2AD7EB {
   "arguments": [  ],
   "awaitPromise": true,
   "functionDeclaration": "function(){ return (function() { // Copyright 2012 The Chromium Authors\n// Use of this source code is governed by a BSD-style license that can be\n// found in the LICENSE file.\n\n/**\n * Enum for WebD...",
   "serializationOptions": {
      "serialization": "deep"
   },
   "uniqueContextId": "541189270087960800.1669561289184730967"
}
[1762305285.962][DEBUG]: DevTools WebSocket Response: Runtime.callFunctionOn (id=290) (session_id=020896624AC3A50119819791F246C3B0) 0D5EDC095436449006366D111B2AD7EB {
   "result": {
      "className": "Array",
      "deepSerializedValue": {
         "type": "array",
         "value": [ {
            "type": "string",
            "value": "{\"status\":0,\"value\":[{\"element-6066-11e4-a52e-4f735466cecf\":0}]}"
         }, {
            "type": "node",
            "value": {
               "attributes": {
                  "class": "layout__content",
                  "data-test-id": "layout-content",
                  "data-v-c549f0a3": "",
                  "id": "main",
                  "tabindex": "-1"
               },
               "backendNodeId": 56,
               "childNodeCount": 3,
               "loaderId": "4F24EC93BC6F47E1B559756D6C051EEB",
               "localName": "main",
               "namespaceURI": "http://www.w3.org/1999/xhtml",
               "nodeType": 1,
               "shadowRoot": null
            }
         } ]
      },
      "description": "Array(2)",
      "objectId": "1465936456213613148.3.5",
      "subtype": "array",
      "type": "object"
   }
}
[1762305285.963][INFO]: Waiting for pending navigations...
[1762305285.963][DEBUG]: DevTools WebSocket Command: Runtime.evaluate (id=291) (session_id=020896624AC3A50119819791F246C3B0) 0D5EDC095436449006366D111B2AD7EB {
   "expression": "1"
}
[1762305285.963][DEBUG]: DevTools WebSocket Response: Runtime.evaluate (id=291) (session_id=020896624AC3A50119819791F246C3B0) 0D5EDC095436449006366D111B2AD7EB {
   "result": {
      "description": "1",
      "type": "number",
      "value": 1
   }
}
[1762305285.963][INFO]: Done waiting for pending navigations. Status: ok
[1762305285.963][INFO]: [4c8a8d7329e980191e11d5349f9c329c] RESPONSE FindElements [ {
   "element-6066-11e4-a52e-4f735466cecf": "f.0D5EDC095436449006366D111B2AD7EB.d.4F24EC93BC6F47E1B559756D6C051EEB.e.56"
} ]
[1762305285.965][INFO]: [4c8a8d7329e980191e11d5349f9c329c] COMMAND GetElementText {
   "id": "f.0D5EDC095436449006366D111B2AD7EB.d.4F24EC93BC6F47E1B559756D6C051EEB.e.56"
}
[1762305285.965][INFO]: Waiting for pending navigations...
[1762305285.965][DEBUG]: DevTools WebSocket Command: Runtime.evaluate (id=292) (session_id=020896624AC3A50119819791F246C3B0) 0D5EDC095436449006366D111B2AD7EB {
   "expression": "1"
}
[1762305285.966][DEBUG]: DevTools WebSocket Response: Runtime.evaluate (id=292) (session_id=020896624AC3A50119819791F246C3B0) 0D5EDC095436449006366D111B2AD7EB {
   "result": {
      "description": "1",
      "type": "number",
      "value": 1
   }
}
[1762305285.966][INFO]: Done waiting for pending navigations. Status: ok
[1762305285.966][DEBUG]: DevTools WebSocket Command: Page.getFrameTree (id=293) (session_id=020896624AC3A50119819791F246C3B0) 0D5EDC095436449006366D111B2AD7EB {
}
[1762305285.966][DEBUG]: DevTools WebSocket Response: Page.getFrameTree (id=293) (session_id=020896624AC3A50119819791F246C3B0) 0D5EDC095436449006366D111B2AD7EB {
   "frameTree": {
      "childFrames": [ {
         "frame": {
            "adFrameStatus": {
               "adFrameType": "none",
               "explanations": [  ]
            },
            "crossOriginIsolatedContextType": "NotIsolated",
            "domainAndRegistry": "",
            "gatedAPIFeatures": [  ],
            "id": "2F717275A5C0646B4492B2C77BAD5047",
            "loaderId": "E7FE12CC243CD812B41B3C1C3A69BBE7",
            "mimeType": "text/html",
            "name": "__tcfapiLocator",
            "parentId": "0D5EDC095436449006366D111B2AD7EB",
            "secureContextType": "Secure",
            "securityOrigin": "://",
            "securityOriginDetails": {
               "isLocalhost": false
            },
            "url": "about:blank"
         }
      } ],
      "frame": {
         "adFrameStatus": {
            "adFrameType": "none"
         },
         "crossOriginIsolatedContextType": "NotIsolated",
         "domainAndRegistry": "ecosia.org",
         "gatedAPIFeatures": [  ],
         "id": "0D5EDC095436449006366D111B2AD7EB",
         "loaderId": "4F24EC93BC6F47E1B559756D6C051EEB",
         "mimeType": "text/html",
         "secureContextType": "Secure",
         "securityOrigin": "https://www.ecosia.org",
         "securityOriginDetails": {
            "isLocalhost": false
         },
         "url": "https://www.ecosia.org/search?method=index&q=nightwatch"
      }
   }
}
[1762305285.967][DEBUG]: DevTools WebSocket Command: DOM.resolveNode (id=294) (session_id=020896624AC3A50119819791F246C3B0) 0D5EDC095436449006366D111B2AD7EB {
   "backendNodeId": 56,
   "objectGroup": "f94b5be9-220b-474f-9f7e-a072727aed69"
}
[1762305285.967][DEBUG]: DevTools WebSocket Response: DOM.resolveNode (id=294) (session_id=020896624AC3A50119819791F246C3B0) 0D5EDC095436449006366D111B2AD7EB {
   "object": {
      "className": "HTMLElement",
      "description": "main#main.layout__content",
      "objectId": "1465936456213613148.3.6",
      "subtype": "node",
      "type": "object"
   }
}
[1762305285.967][DEBUG]: DevTools WebSocket Command: Page.getFrameTree (id=295) (session_id=020896624AC3A50119819791F246C3B0) 0D5EDC095436449006366D111B2AD7EB {
}
[1762305285.968][DEBUG]: DevTools WebSocket Response: Page.getFrameTree (id=295) (session_id=020896624AC3A50119819791F246C3B0) 0D5EDC095436449006366D111B2AD7EB {
   "frameTree": {
      "childFrames": [ {
         "frame": {
            "adFrameStatus": {
               "adFrameType": "none",
               "explanations": [  ]
            },
            "crossOriginIsolatedContextType": "NotIsolated",
            "domainAndRegistry": "",
            "gatedAPIFeatures": [  ],
            "id": "2F717275A5C0646B4492B2C77BAD5047",
            "loaderId": "E7FE12CC243CD812B41B3C1C3A69BBE7",
            "mimeType": "text/html",
            "name": "__tcfapiLocator",
            "parentId": "0D5EDC095436449006366D111B2AD7EB",
            "secureContextType": "Secure",
            "securityOrigin": "://",
            "securityOriginDetails": {
               "isLocalhost": false
            },
            "url": "about:blank"
         }
      } ],
      "frame": {
         "adFrameStatus": {
            "adFrameType": "none"
         },
         "crossOriginIsolatedContextType": "NotIsolated",
         "domainAndRegistry": "ecosia.org",
         "gatedAPIFeatures": [  ],
         "id": "0D5EDC095436449006366D111B2AD7EB",
         "loaderId": "4F24EC93BC6F47E1B559756D6C051EEB",
         "mimeType": "text/html",
         "secureContextType": "Secure",
         "securityOrigin": "https://www.ecosia.org",
         "securityOriginDetails": {
            "isLocalhost": false
         },
         "url": "https://www.ecosia.org/search?method=index&q=nightwatch"
      }
   }
}
[1762305285.970][DEBUG]: DevTools WebSocket Command: Runtime.callFunctionOn (id=296) (session_id=020896624AC3A50119819791F246C3B0) 0D5EDC095436449006366D111B2AD7EB {
   "arguments": [ {
      "objectId": "1465936456213613148.3.6"
   } ],
   "awaitPromise": true,
   "functionDeclaration": "function(){ return (function() { // Copyright 2012 The Chromium Authors\n// Use of this source code is governed by a BSD-style license that can be\n// found in the LICENSE file.\n\n/**\n * Enum for WebD...",
   "objectGroup": "f94b5be9-220b-474f-9f7e-a072727aed69",
   "serializationOptions": {
      "serialization": "deep"
   },
   "uniqueContextId": "541189270087960800.1669561289184730967"
}
[1762305286.068][DEBUG]: DevTools WebSocket Response: Runtime.callFunctionOn (id=296) (session_id=020896624AC3A50119819791F246C3B0) 0D5EDC095436449006366D111B2AD7EB {
   "result": {
      "className": "Array",
      "deepSerializedValue": {
         "type": "array",
         "value": [ {
            "type": "string",
            "value": "{\"status\":0,\"value\":\"Buscar\\nNightwatch (película)\\nNightwatch es una película de terror, thriller estrenada en 1997 dirigida por Ole Bornedal y protagonizada por Ewan McGregor, Patricia Arquette..."
         } ]
      },
      "description": "Array(1)",
      "objectId": "1465936456213613148.3.7",
      "subtype": "array",
      "type": "object"
   }
}
[1762305286.068][DEBUG]: DevTools WebSocket Command: Runtime.releaseObjectGroup (id=297) (session_id=020896624AC3A50119819791F246C3B0) 0D5EDC095436449006366D111B2AD7EB {
   "objectGroup": "f94b5be9-220b-474f-9f7e-a072727aed69"
}
[1762305286.068][INFO]: Waiting for pending navigations...
[1762305286.068][DEBUG]: DevTools WebSocket Command: Runtime.evaluate (id=298) (session_id=020896624AC3A50119819791F246C3B0) 0D5EDC095436449006366D111B2AD7EB {
   "expression": "1"
}
[1762305286.069][DEBUG]: DevTools WebSocket Response: Runtime.releaseObjectGroup (id=297) (session_id=020896624AC3A50119819791F246C3B0) 0D5EDC095436449006366D111B2AD7EB {
}
[1762305286.069][DEBUG]: DevTools WebSocket Response: Runtime.evaluate (id=298) (session_id=020896624AC3A50119819791F246C3B0) 0D5EDC095436449006366D111B2AD7EB {
   "result": {
      "description": "1",
      "type": "number",
      "value": 1
   }
}
[1762305286.069][INFO]: Done waiting for pending navigations. Status: ok
[1762305286.069][INFO]: [4c8a8d7329e980191e11d5349f9c329c] RESPONSE GetElementText "Buscar\nNightwatch (película)\nNightwatch es una película de terror, thriller estrenada en 1997 dirigida por Ole Bornedal y protagonizada por Ewan McGregor, Patricia Arquette, Josh Brolin y Nick No..."
[1762305286.572][INFO]: [4c8a8d7329e980191e11d5349f9c329c] COMMAND FindElements {
   "using": "css selector",
   "value": ".layout__content"
}
[1762305286.572][INFO]: Waiting for pending navigations...
[1762305286.572][DEBUG]: DevTools WebSocket Command: Runtime.evaluate (id=299) (session_id=020896624AC3A50119819791F246C3B0) 0D5EDC095436449006366D111B2AD7EB {
   "expression": "1"
}
[1762305286.572][DEBUG]: DevTools WebSocket Response: Runtime.evaluate (id=299) (session_id=020896624AC3A50119819791F246C3B0) 0D5EDC095436449006366D111B2AD7EB {
   "result": {
      "description": "1",
      "type": "number",
      "value": 1
   }
}
[1762305286.572][INFO]: Done waiting for pending navigations. Status: ok
[1762305286.572][DEBUG]: DevTools WebSocket Command: Page.getFrameTree (id=300) (session_id=020896624AC3A50119819791F246C3B0) 0D5EDC095436449006366D111B2AD7EB {
}
[1762305286.572][DEBUG]: DevTools WebSocket Response: Page.getFrameTree (id=300) (session_id=020896624AC3A50119819791F246C3B0) 0D5EDC095436449006366D111B2AD7EB {
   "frameTree": {
      "childFrames": [ {
         "frame": {
            "adFrameStatus": {
               "adFrameType": "none",
               "explanations": [  ]
            },
            "crossOriginIsolatedContextType": "NotIsolated",
            "domainAndRegistry": "",
            "gatedAPIFeatures": [  ],
            "id": "2F717275A5C0646B4492B2C77BAD5047",
            "loaderId": "E7FE12CC243CD812B41B3C1C3A69BBE7",
            "mimeType": "text/html",
            "name": "__tcfapiLocator",
            "parentId": "0D5EDC095436449006366D111B2AD7EB",
            "secureContextType": "Secure",
            "securityOrigin": "://",
            "securityOriginDetails": {
               "isLocalhost": false
            },
            "url": "about:blank"
         }
      } ],
      "frame": {
         "adFrameStatus": {
            "adFrameType": "none"
         },
         "crossOriginIsolatedContextType": "NotIsolated",
         "domainAndRegistry": "ecosia.org",
         "gatedAPIFeatures": [  ],
         "id": "0D5EDC095436449006366D111B2AD7EB",
         "loaderId": "4F24EC93BC6F47E1B559756D6C051EEB",
         "mimeType": "text/html",
         "secureContextType": "Secure",
         "securityOrigin": "https://www.ecosia.org",
         "securityOriginDetails": {
            "isLocalhost": false
         },
         "url": "https://www.ecosia.org/search?method=index&q=nightwatch"
      }
   }
}
[1762305286.572][DEBUG]: DevTools WebSocket Command: Page.getFrameTree (id=301) (session_id=020896624AC3A50119819791F246C3B0) 0D5EDC095436449006366D111B2AD7EB {
}
[1762305286.573][DEBUG]: DevTools WebSocket Response: Page.getFrameTree (id=301) (session_id=020896624AC3A50119819791F246C3B0) 0D5EDC095436449006366D111B2AD7EB {
   "frameTree": {
      "childFrames": [ {
         "frame": {
            "adFrameStatus": {
               "adFrameType": "none",
               "explanations": [  ]
            },
            "crossOriginIsolatedContextType": "NotIsolated",
            "domainAndRegistry": "",
            "gatedAPIFeatures": [  ],
            "id": "2F717275A5C0646B4492B2C77BAD5047",
            "loaderId": "E7FE12CC243CD812B41B3C1C3A69BBE7",
            "mimeType": "text/html",
            "name": "__tcfapiLocator",
            "parentId": "0D5EDC095436449006366D111B2AD7EB",
            "secureContextType": "Secure",
            "securityOrigin": "://",
            "securityOriginDetails": {
               "isLocalhost": false
            },
            "url": "about:blank"
         }
      } ],
      "frame": {
         "adFrameStatus": {
            "adFrameType": "none"
         },
         "crossOriginIsolatedContextType": "NotIsolated",
         "domainAndRegistry": "ecosia.org",
         "gatedAPIFeatures": [  ],
         "id": "0D5EDC095436449006366D111B2AD7EB",
         "loaderId": "4F24EC93BC6F47E1B559756D6C051EEB",
         "mimeType": "text/html",
         "secureContextType": "Secure",
         "securityOrigin": "https://www.ecosia.org",
         "securityOriginDetails": {
            "isLocalhost": false
         },
         "url": "https://www.ecosia.org/search?method=index&q=nightwatch"
      }
   }
}
[1762305286.573][DEBUG]: DevTools WebSocket Command: Runtime.callFunctionOn (id=302) (session_id=020896624AC3A50119819791F246C3B0) 0D5EDC095436449006366D111B2AD7EB {
   "arguments": [  ],
   "awaitPromise": true,
   "functionDeclaration": "function(){ return (function() { // Copyright 2012 The Chromium Authors\n// Use of this source code is governed by a BSD-style license that can be\n// found in the LICENSE file.\n\n/**\n * Enum for WebD...",
   "serializationOptions": {
      "serialization": "deep"
   },
   "uniqueContextId": "541189270087960800.1669561289184730967"
}
[1762305286.575][DEBUG]: DevTools WebSocket Response: Runtime.callFunctionOn (id=302) (session_id=020896624AC3A50119819791F246C3B0) 0D5EDC095436449006366D111B2AD7EB {
   "result": {
      "className": "Array",
      "deepSerializedValue": {
         "type": "array",
         "value": [ {
            "type": "string",
            "value": "{\"status\":0,\"value\":[{\"element-6066-11e4-a52e-4f735466cecf\":0}]}"
         }, {
            "type": "node",
            "value": {
               "attributes": {
                  "class": "layout__content",
                  "data-test-id": "layout-content",
                  "data-v-c549f0a3": "",
                  "id": "main",
                  "tabindex": "-1"
               },
               "backendNodeId": 56,
               "childNodeCount": 3,
               "loaderId": "4F24EC93BC6F47E1B559756D6C051EEB",
               "localName": "main",
               "namespaceURI": "http://www.w3.org/1999/xhtml",
               "nodeType": 1,
               "shadowRoot": null
            }
         } ]
      },
      "description": "Array(2)",
      "objectId": "1465936456213613148.3.8",
      "subtype": "array",
      "type": "object"
   }
}
[1762305286.575][INFO]: Waiting for pending navigations...
[1762305286.575][DEBUG]: DevTools WebSocket Command: Runtime.evaluate (id=303) (session_id=020896624AC3A50119819791F246C3B0) 0D5EDC095436449006366D111B2AD7EB {
   "expression": "1"
}
[1762305286.576][DEBUG]: DevTools WebSocket Response: Runtime.evaluate (id=303) (session_id=020896624AC3A50119819791F246C3B0) 0D5EDC095436449006366D111B2AD7EB {
   "result": {
      "description": "1",
      "type": "number",
      "value": 1
   }
}
[1762305286.576][INFO]: Done waiting for pending navigations. Status: ok
[1762305286.576][INFO]: [4c8a8d7329e980191e11d5349f9c329c] RESPONSE FindElements [ {
   "element-6066-11e4-a52e-4f735466cecf": "f.0D5EDC095436449006366D111B2AD7EB.d.4F24EC93BC6F47E1B559756D6C051EEB.e.56"
} ]
[1762305286.577][INFO]: [4c8a8d7329e980191e11d5349f9c329c] COMMAND GetElementText {
   "id": "f.0D5EDC095436449006366D111B2AD7EB.d.4F24EC93BC6F47E1B559756D6C051EEB.e.56"
}
[1762305286.577][INFO]: Waiting for pending navigations...
[1762305286.577][DEBUG]: DevTools WebSocket Command: Runtime.evaluate (id=304) (session_id=020896624AC3A50119819791F246C3B0) 0D5EDC095436449006366D111B2AD7EB {
   "expression": "1"
}
[1762305286.577][DEBUG]: DevTools WebSocket Response: Runtime.evaluate (id=304) (session_id=020896624AC3A50119819791F246C3B0) 0D5EDC095436449006366D111B2AD7EB {
   "result": {
      "description": "1",
      "type": "number",
      "value": 1
   }
}
[1762305286.577][INFO]: Done waiting for pending navigations. Status: ok
[1762305286.577][DEBUG]: DevTools WebSocket Command: Page.getFrameTree (id=305) (session_id=020896624AC3A50119819791F246C3B0) 0D5EDC095436449006366D111B2AD7EB {
}
[1762305286.577][DEBUG]: DevTools WebSocket Response: Page.getFrameTree (id=305) (session_id=020896624AC3A50119819791F246C3B0) 0D5EDC095436449006366D111B2AD7EB {
   "frameTree": {
      "childFrames": [ {
         "frame": {
            "adFrameStatus": {
               "adFrameType": "none",
               "explanations": [  ]
            },
            "crossOriginIsolatedContextType": "NotIsolated",
            "domainAndRegistry": "",
            "gatedAPIFeatures": [  ],
            "id": "2F717275A5C0646B4492B2C77BAD5047",
            "loaderId": "E7FE12CC243CD812B41B3C1C3A69BBE7",
            "mimeType": "text/html",
            "name": "__tcfapiLocator",
            "parentId": "0D5EDC095436449006366D111B2AD7EB",
            "secureContextType": "Secure",
            "securityOrigin": "://",
            "securityOriginDetails": {
               "isLocalhost": false
            },
            "url": "about:blank"
         }
      } ],
      "frame": {
         "adFrameStatus": {
            "adFrameType": "none"
         },
         "crossOriginIsolatedContextType": "NotIsolated",
         "domainAndRegistry": "ecosia.org",
         "gatedAPIFeatures": [  ],
         "id": "0D5EDC095436449006366D111B2AD7EB",
         "loaderId": "4F24EC93BC6F47E1B559756D6C051EEB",
         "mimeType": "text/html",
         "secureContextType": "Secure",
         "securityOrigin": "https://www.ecosia.org",
         "securityOriginDetails": {
            "isLocalhost": false
         },
         "url": "https://www.ecosia.org/search?method=index&q=nightwatch"
      }
   }
}
[1762305286.577][DEBUG]: DevTools WebSocket Command: DOM.resolveNode (id=306) (session_id=020896624AC3A50119819791F246C3B0) 0D5EDC095436449006366D111B2AD7EB {
   "backendNodeId": 56,
   "objectGroup": "c37ead98-5d32-450b-9451-fcdc8812aca9"
}
[1762305286.578][DEBUG]: DevTools WebSocket Response: DOM.resolveNode (id=306) (session_id=020896624AC3A50119819791F246C3B0) 0D5EDC095436449006366D111B2AD7EB {
   "object": {
      "className": "HTMLElement",
      "description": "main#main.layout__content",
      "objectId": "1465936456213613148.3.9",
      "subtype": "node",
      "type": "object"
   }
}
[1762305286.578][DEBUG]: DevTools WebSocket Command: Page.getFrameTree (id=307) (session_id=020896624AC3A50119819791F246C3B0) 0D5EDC095436449006366D111B2AD7EB {
}
[1762305286.578][DEBUG]: DevTools WebSocket Response: Page.getFrameTree (id=307) (session_id=020896624AC3A50119819791F246C3B0) 0D5EDC095436449006366D111B2AD7EB {
   "frameTree": {
      "childFrames": [ {
         "frame": {
            "adFrameStatus": {
               "adFrameType": "none",
               "explanations": [  ]
            },
            "crossOriginIsolatedContextType": "NotIsolated",
            "domainAndRegistry": "",
            "gatedAPIFeatures": [  ],
            "id": "2F717275A5C0646B4492B2C77BAD5047",
            "loaderId": "E7FE12CC243CD812B41B3C1C3A69BBE7",
            "mimeType": "text/html",
            "name": "__tcfapiLocator",
            "parentId": "0D5EDC095436449006366D111B2AD7EB",
            "secureContextType": "Secure",
            "securityOrigin": "://",
            "securityOriginDetails": {
               "isLocalhost": false
            },
            "url": "about:blank"
         }
      } ],
      "frame": {
         "adFrameStatus": {
            "adFrameType": "none"
         },
         "crossOriginIsolatedContextType": "NotIsolated",
         "domainAndRegistry": "ecosia.org",
         "gatedAPIFeatures": [  ],
         "id": "0D5EDC095436449006366D111B2AD7EB",
         "loaderId": "4F24EC93BC6F47E1B559756D6C051EEB",
         "mimeType": "text/html",
         "secureContextType": "Secure",
         "securityOrigin": "https://www.ecosia.org",
         "securityOriginDetails": {
            "isLocalhost": false
         },
         "url": "https://www.ecosia.org/search?method=index&q=nightwatch"
      }
   }
}
[1762305286.578][DEBUG]: DevTools WebSocket Command: Runtime.callFunctionOn (id=308) (session_id=020896624AC3A50119819791F246C3B0) 0D5EDC095436449006366D111B2AD7EB {
   "arguments": [ {
      "objectId": "1465936456213613148.3.9"
   } ],
   "awaitPromise": true,
   "functionDeclaration": "function(){ return (function() { // Copyright 2012 The Chromium Authors\n// Use of this source code is governed by a BSD-style license that can be\n// found in the LICENSE file.\n\n/**\n * Enum for WebD...",
   "objectGroup": "c37ead98-5d32-450b-9451-fcdc8812aca9",
   "serializationOptions": {
      "serialization": "deep"
   },
   "uniqueContextId": "541189270087960800.1669561289184730967"
}
[1762305286.648][DEBUG]: DevTools WebSocket Response: Runtime.callFunctionOn (id=308) (session_id=020896624AC3A50119819791F246C3B0) 0D5EDC095436449006366D111B2AD7EB {
   "result": {
      "className": "Array",
      "deepSerializedValue": {
         "type": "array",
         "value": [ {
            "type": "string",
            "value": "{\"status\":0,\"value\":\"Buscar\\nNightwatch (película)\\nNightwatch es una película de terror, thriller estrenada en 1997 dirigida por Ole Bornedal y protagonizada por Ewan McGregor, Patricia Arquette..."
         } ]
      },
      "description": "Array(1)",
      "objectId": "1465936456213613148.3.10",
      "subtype": "array",
      "type": "object"
   }
}
[1762305286.648][DEBUG]: DevTools WebSocket Command: Runtime.releaseObjectGroup (id=309) (session_id=020896624AC3A50119819791F246C3B0) 0D5EDC095436449006366D111B2AD7EB {
   "objectGroup": "c37ead98-5d32-450b-9451-fcdc8812aca9"
}
[1762305286.648][INFO]: Waiting for pending navigations...
[1762305286.648][DEBUG]: DevTools WebSocket Command: Runtime.evaluate (id=310) (session_id=020896624AC3A50119819791F246C3B0) 0D5EDC095436449006366D111B2AD7EB {
   "expression": "1"
}
[1762305286.648][DEBUG]: DevTools WebSocket Response: Runtime.releaseObjectGroup (id=309) (session_id=020896624AC3A50119819791F246C3B0) 0D5EDC095436449006366D111B2AD7EB {
}
[1762305286.648][DEBUG]: DevTools WebSocket Response: Runtime.evaluate (id=310) (session_id=020896624AC3A50119819791F246C3B0) 0D5EDC095436449006366D111B2AD7EB {
   "result": {
      "description": "1",
      "type": "number",
      "value": 1
   }
}
[1762305286.648][INFO]: Done waiting for pending navigations. Status: ok
[1762305286.648][INFO]: [4c8a8d7329e980191e11d5349f9c329c] RESPONSE GetElementText "Buscar\nNightwatch (película)\nNightwatch es una película de terror, thriller estrenada en 1997 dirigida por Ole Bornedal y protagonizada por Ewan McGregor, Patricia Arquette, Josh Brolin y Nick No..."
[1762305287.152][INFO]: [4c8a8d7329e980191e11d5349f9c329c] COMMAND FindElements {
   "using": "css selector",
   "value": ".layout__content"
}
[1762305287.152][INFO]: Waiting for pending navigations...
[1762305287.152][DEBUG]: DevTools WebSocket Command: Runtime.evaluate (id=311) (session_id=020896624AC3A50119819791F246C3B0) 0D5EDC095436449006366D111B2AD7EB {
   "expression": "1"
}
[1762305287.152][DEBUG]: DevTools WebSocket Response: Runtime.evaluate (id=311) (session_id=020896624AC3A50119819791F246C3B0) 0D5EDC095436449006366D111B2AD7EB {
   "result": {
      "description": "1",
      "type": "number",
      "value": 1
   }
}
[1762305287.152][INFO]: Done waiting for pending navigations. Status: ok
[1762305287.152][DEBUG]: DevTools WebSocket Command: Page.getFrameTree (id=312) (session_id=020896624AC3A50119819791F246C3B0) 0D5EDC095436449006366D111B2AD7EB {
}
[1762305287.153][DEBUG]: DevTools WebSocket Response: Page.getFrameTree (id=312) (session_id=020896624AC3A50119819791F246C3B0) 0D5EDC095436449006366D111B2AD7EB {
   "frameTree": {
      "childFrames": [ {
         "frame": {
            "adFrameStatus": {
               "adFrameType": "none",
               "explanations": [  ]
            },
            "crossOriginIsolatedContextType": "NotIsolated",
            "domainAndRegistry": "",
            "gatedAPIFeatures": [  ],
            "id": "2F717275A5C0646B4492B2C77BAD5047",
            "loaderId": "E7FE12CC243CD812B41B3C1C3A69BBE7",
            "mimeType": "text/html",
            "name": "__tcfapiLocator",
            "parentId": "0D5EDC095436449006366D111B2AD7EB",
            "secureContextType": "Secure",
            "securityOrigin": "://",
            "securityOriginDetails": {
               "isLocalhost": false
            },
            "url": "about:blank"
         }
      } ],
      "frame": {
         "adFrameStatus": {
            "adFrameType": "none"
         },
         "crossOriginIsolatedContextType": "NotIsolated",
         "domainAndRegistry": "ecosia.org",
         "gatedAPIFeatures": [  ],
         "id": "0D5EDC095436449006366D111B2AD7EB",
         "loaderId": "4F24EC93BC6F47E1B559756D6C051EEB",
         "mimeType": "text/html",
         "secureContextType": "Secure",
         "securityOrigin": "https://www.ecosia.org",
         "securityOriginDetails": {
            "isLocalhost": false
         },
         "url": "https://www.ecosia.org/search?method=index&q=nightwatch"
      }
   }
}
[1762305287.153][DEBUG]: DevTools WebSocket Command: Page.getFrameTree (id=313) (session_id=020896624AC3A50119819791F246C3B0) 0D5EDC095436449006366D111B2AD7EB {
}
[1762305287.153][DEBUG]: DevTools WebSocket Response: Page.getFrameTree (id=313) (session_id=020896624AC3A50119819791F246C3B0) 0D5EDC095436449006366D111B2AD7EB {
   "frameTree": {
      "childFrames": [ {
         "frame": {
            "adFrameStatus": {
               "adFrameType": "none",
               "explanations": [  ]
            },
            "crossOriginIsolatedContextType": "NotIsolated",
            "domainAndRegistry": "",
            "gatedAPIFeatures": [  ],
            "id": "2F717275A5C0646B4492B2C77BAD5047",
            "loaderId": "E7FE12CC243CD812B41B3C1C3A69BBE7",
            "mimeType": "text/html",
            "name": "__tcfapiLocator",
            "parentId": "0D5EDC095436449006366D111B2AD7EB",
            "secureContextType": "Secure",
            "securityOrigin": "://",
            "securityOriginDetails": {
               "isLocalhost": false
            },
            "url": "about:blank"
         }
      } ],
      "frame": {
         "adFrameStatus": {
            "adFrameType": "none"
         },
         "crossOriginIsolatedContextType": "NotIsolated",
         "domainAndRegistry": "ecosia.org",
         "gatedAPIFeatures": [  ],
         "id": "0D5EDC095436449006366D111B2AD7EB",
         "loaderId": "4F24EC93BC6F47E1B559756D6C051EEB",
         "mimeType": "text/html",
         "secureContextType": "Secure",
         "securityOrigin": "https://www.ecosia.org",
         "securityOriginDetails": {
            "isLocalhost": false
         },
         "url": "https://www.ecosia.org/search?method=index&q=nightwatch"
      }
   }
}
[1762305287.154][DEBUG]: DevTools WebSocket Command: Runtime.callFunctionOn (id=314) (session_id=020896624AC3A50119819791F246C3B0) 0D5EDC095436449006366D111B2AD7EB {
   "arguments": [  ],
   "awaitPromise": true,
   "functionDeclaration": "function(){ return (function() { // Copyright 2012 The Chromium Authors\n// Use of this source code is governed by a BSD-style license that can be\n// found in the LICENSE file.\n\n/**\n * Enum for WebD...",
   "serializationOptions": {
      "serialization": "deep"
   },
   "uniqueContextId": "541189270087960800.1669561289184730967"
}
[1762305287.155][DEBUG]: DevTools WebSocket Response: Runtime.callFunctionOn (id=314) (session_id=020896624AC3A50119819791F246C3B0) 0D5EDC095436449006366D111B2AD7EB {
   "result": {
      "className": "Array",
      "deepSerializedValue": {
         "type": "array",
         "value": [ {
            "type": "string",
            "value": "{\"status\":0,\"value\":[{\"element-6066-11e4-a52e-4f735466cecf\":0}]}"
         }, {
            "type": "node",
            "value": {
               "attributes": {
                  "class": "layout__content",
                  "data-test-id": "layout-content",
                  "data-v-c549f0a3": "",
                  "id": "main",
                  "tabindex": "-1"
               },
               "backendNodeId": 56,
               "childNodeCount": 3,
               "loaderId": "4F24EC93BC6F47E1B559756D6C051EEB",
               "localName": "main",
               "namespaceURI": "http://www.w3.org/1999/xhtml",
               "nodeType": 1,
               "shadowRoot": null
            }
         } ]
      },
      "description": "Array(2)",
      "objectId": "1465936456213613148.3.11",
      "subtype": "array",
      "type": "object"
   }
}
[1762305287.155][INFO]: Waiting for pending navigations...
[1762305287.155][DEBUG]: DevTools WebSocket Command: Runtime.evaluate (id=315) (session_id=020896624AC3A50119819791F246C3B0) 0D5EDC095436449006366D111B2AD7EB {
   "expression": "1"
}
[1762305287.155][DEBUG]: DevTools WebSocket Response: Runtime.evaluate (id=315) (session_id=020896624AC3A50119819791F246C3B0) 0D5EDC095436449006366D111B2AD7EB {
   "result": {
      "description": "1",
      "type": "number",
      "value": 1
   }
}
[1762305287.155][INFO]: Done waiting for pending navigations. Status: ok
[1762305287.155][INFO]: [4c8a8d7329e980191e11d5349f9c329c] RESPONSE FindElements [ {
   "element-6066-11e4-a52e-4f735466cecf": "f.0D5EDC095436449006366D111B2AD7EB.d.4F24EC93BC6F47E1B559756D6C051EEB.e.56"
} ]
[1762305287.156][INFO]: [4c8a8d7329e980191e11d5349f9c329c] COMMAND GetElementText {
   "id": "f.0D5EDC095436449006366D111B2AD7EB.d.4F24EC93BC6F47E1B559756D6C051EEB.e.56"
}
[1762305287.156][INFO]: Waiting for pending navigations...
[1762305287.156][DEBUG]: DevTools WebSocket Command: Runtime.evaluate (id=316) (session_id=020896624AC3A50119819791F246C3B0) 0D5EDC095436449006366D111B2AD7EB {
   "expression": "1"
}
[1762305287.156][DEBUG]: DevTools WebSocket Response: Runtime.evaluate (id=316) (session_id=020896624AC3A50119819791F246C3B0) 0D5EDC095436449006366D111B2AD7EB {
   "result": {
      "description": "1",
      "type": "number",
      "value": 1
   }
}
[1762305287.156][INFO]: Done waiting for pending navigations. Status: ok
[1762305287.156][DEBUG]: DevTools WebSocket Command: Page.getFrameTree (id=317) (session_id=020896624AC3A50119819791F246C3B0) 0D5EDC095436449006366D111B2AD7EB {
}
[1762305287.157][DEBUG]: DevTools WebSocket Response: Page.getFrameTree (id=317) (session_id=020896624AC3A50119819791F246C3B0) 0D5EDC095436449006366D111B2AD7EB {
   "frameTree": {
      "childFrames": [ {
         "frame": {
            "adFrameStatus": {
               "adFrameType": "none",
               "explanations": [  ]
            },
            "crossOriginIsolatedContextType": "NotIsolated",
            "domainAndRegistry": "",
            "gatedAPIFeatures": [  ],
            "id": "2F717275A5C0646B4492B2C77BAD5047",
            "loaderId": "E7FE12CC243CD812B41B3C1C3A69BBE7",
            "mimeType": "text/html",
            "name": "__tcfapiLocator",
            "parentId": "0D5EDC095436449006366D111B2AD7EB",
            "secureContextType": "Secure",
            "securityOrigin": "://",
            "securityOriginDetails": {
               "isLocalhost": false
            },
            "url": "about:blank"
         }
      } ],
      "frame": {
         "adFrameStatus": {
            "adFrameType": "none"
         },
         "crossOriginIsolatedContextType": "NotIsolated",
         "domainAndRegistry": "ecosia.org",
         "gatedAPIFeatures": [  ],
         "id": "0D5EDC095436449006366D111B2AD7EB",
         "loaderId": "4F24EC93BC6F47E1B559756D6C051EEB",
         "mimeType": "text/html",
         "secureContextType": "Secure",
         "securityOrigin": "https://www.ecosia.org",
         "securityOriginDetails": {
            "isLocalhost": false
         },
         "url": "https://www.ecosia.org/search?method=index&q=nightwatch"
      }
   }
}
[1762305287.157][DEBUG]: DevTools WebSocket Command: DOM.resolveNode (id=318) (session_id=020896624AC3A50119819791F246C3B0) 0D5EDC095436449006366D111B2AD7EB {
   "backendNodeId": 56,
   "objectGroup": "256dcd31-bd5d-4ff3-89e3-d3745dc0d5b2"
}
[1762305287.157][DEBUG]: DevTools WebSocket Response: DOM.resolveNode (id=318) (session_id=020896624AC3A50119819791F246C3B0) 0D5EDC095436449006366D111B2AD7EB {
   "object": {
      "className": "HTMLElement",
      "description": "main#main.layout__content",
      "objectId": "1465936456213613148.3.12",
      "subtype": "node",
      "type": "object"
   }
}
[1762305287.157][DEBUG]: DevTools WebSocket Command: Page.getFrameTree (id=319) (session_id=020896624AC3A50119819791F246C3B0) 0D5EDC095436449006366D111B2AD7EB {
}
[1762305287.157][DEBUG]: DevTools WebSocket Response: Page.getFrameTree (id=319) (session_id=020896624AC3A50119819791F246C3B0) 0D5EDC095436449006366D111B2AD7EB {
   "frameTree": {
      "childFrames": [ {
         "frame": {
            "adFrameStatus": {
               "adFrameType": "none",
               "explanations": [  ]
            },
            "crossOriginIsolatedContextType": "NotIsolated",
            "domainAndRegistry": "",
            "gatedAPIFeatures": [  ],
            "id": "2F717275A5C0646B4492B2C77BAD5047",
            "loaderId": "E7FE12CC243CD812B41B3C1C3A69BBE7",
            "mimeType": "text/html",
            "name": "__tcfapiLocator",
            "parentId": "0D5EDC095436449006366D111B2AD7EB",
            "secureContextType": "Secure",
            "securityOrigin": "://",
            "securityOriginDetails": {
               "isLocalhost": false
            },
            "url": "about:blank"
         }
      } ],
      "frame": {
         "adFrameStatus": {
            "adFrameType": "none"
         },
         "crossOriginIsolatedContextType": "NotIsolated",
         "domainAndRegistry": "ecosia.org",
         "gatedAPIFeatures": [  ],
         "id": "0D5EDC095436449006366D111B2AD7EB",
         "loaderId": "4F24EC93BC6F47E1B559756D6C051EEB",
         "mimeType": "text/html",
         "secureContextType": "Secure",
         "securityOrigin": "https://www.ecosia.org",
         "securityOriginDetails": {
            "isLocalhost": false
         },
         "url": "https://www.ecosia.org/search?method=index&q=nightwatch"
      }
   }
}
[1762305287.158][DEBUG]: DevTools WebSocket Command: Runtime.callFunctionOn (id=320) (session_id=020896624AC3A50119819791F246C3B0) 0D5EDC095436449006366D111B2AD7EB {
   "arguments": [ {
      "objectId": "1465936456213613148.3.12"
   } ],
   "awaitPromise": true,
   "functionDeclaration": "function(){ return (function() { // Copyright 2012 The Chromium Authors\n// Use of this source code is governed by a BSD-style license that can be\n// found in the LICENSE file.\n\n/**\n * Enum for WebD...",
   "objectGroup": "256dcd31-bd5d-4ff3-89e3-d3745dc0d5b2",
   "serializationOptions": {
      "serialization": "deep"
   },
   "uniqueContextId": "541189270087960800.1669561289184730967"
}
[1762305287.219][DEBUG]: DevTools WebSocket Response: Runtime.callFunctionOn (id=320) (session_id=020896624AC3A50119819791F246C3B0) 0D5EDC095436449006366D111B2AD7EB {
   "result": {
      "className": "Array",
      "deepSerializedValue": {
         "type": "array",
         "value": [ {
            "type": "string",
            "value": "{\"status\":0,\"value\":\"Buscar\\nNightwatch (película)\\nNightwatch es una película de terror, thriller estrenada en 1997 dirigida por Ole Bornedal y protagonizada por Ewan McGregor, Patricia Arquette..."
         } ]
      },
      "description": "Array(1)",
      "objectId": "1465936456213613148.3.13",
      "subtype": "array",
      "type": "object"
   }
}
[1762305287.219][DEBUG]: DevTools WebSocket Command: Runtime.releaseObjectGroup (id=321) (session_id=020896624AC3A50119819791F246C3B0) 0D5EDC095436449006366D111B2AD7EB {
   "objectGroup": "256dcd31-bd5d-4ff3-89e3-d3745dc0d5b2"
}
[1762305287.220][INFO]: Waiting for pending navigations...
[1762305287.220][DEBUG]: DevTools WebSocket Command: Runtime.evaluate (id=322) (session_id=020896624AC3A50119819791F246C3B0) 0D5EDC095436449006366D111B2AD7EB {
   "expression": "1"
}
[1762305287.220][DEBUG]: DevTools WebSocket Response: Runtime.releaseObjectGroup (id=321) (session_id=020896624AC3A50119819791F246C3B0) 0D5EDC095436449006366D111B2AD7EB {
}
[1762305287.220][DEBUG]: DevTools WebSocket Response: Runtime.evaluate (id=322) (session_id=020896624AC3A50119819791F246C3B0) 0D5EDC095436449006366D111B2AD7EB {
   "result": {
      "description": "1",
      "type": "number",
      "value": 1
   }
}
[1762305287.220][INFO]: Done waiting for pending navigations. Status: ok
[1762305287.220][INFO]: [4c8a8d7329e980191e11d5349f9c329c] RESPONSE GetElementText "Buscar\nNightwatch (película)\nNightwatch es una película de terror, thriller estrenada en 1997 dirigida por Ole Bornedal y protagonizada por Ewan McGregor, Patricia Arquette, Josh Brolin y Nick No..."
[1762305287.724][INFO]: [4c8a8d7329e980191e11d5349f9c329c] COMMAND FindElements {
   "using": "css selector",
   "value": ".layout__content"
}
[1762305287.724][INFO]: Waiting for pending navigations...
[1762305287.724][DEBUG]: DevTools WebSocket Command: Runtime.evaluate (id=323) (session_id=020896624AC3A50119819791F246C3B0) 0D5EDC095436449006366D111B2AD7EB {
   "expression": "1"
}
[1762305287.724][DEBUG]: DevTools WebSocket Response: Runtime.evaluate (id=323) (session_id=020896624AC3A50119819791F246C3B0) 0D5EDC095436449006366D111B2AD7EB {
   "result": {
      "description": "1",
      "type": "number",
      "value": 1
   }
}
[1762305287.724][INFO]: Done waiting for pending navigations. Status: ok
[1762305287.724][DEBUG]: DevTools WebSocket Command: Page.getFrameTree (id=324) (session_id=020896624AC3A50119819791F246C3B0) 0D5EDC095436449006366D111B2AD7EB {
}
[1762305287.725][DEBUG]: DevTools WebSocket Response: Page.getFrameTree (id=324) (session_id=020896624AC3A50119819791F246C3B0) 0D5EDC095436449006366D111B2AD7EB {
   "frameTree": {
      "childFrames": [ {
         "frame": {
            "adFrameStatus": {
               "adFrameType": "none",
               "explanations": [  ]
            },
            "crossOriginIsolatedContextType": "NotIsolated",
            "domainAndRegistry": "",
            "gatedAPIFeatures": [  ],
            "id": "2F717275A5C0646B4492B2C77BAD5047",
            "loaderId": "E7FE12CC243CD812B41B3C1C3A69BBE7",
            "mimeType": "text/html",
            "name": "__tcfapiLocator",
            "parentId": "0D5EDC095436449006366D111B2AD7EB",
            "secureContextType": "Secure",
            "securityOrigin": "://",
            "securityOriginDetails": {
               "isLocalhost": false
            },
            "url": "about:blank"
         }
      } ],
      "frame": {
         "adFrameStatus": {
            "adFrameType": "none"
         },
         "crossOriginIsolatedContextType": "NotIsolated",
         "domainAndRegistry": "ecosia.org",
         "gatedAPIFeatures": [  ],
         "id": "0D5EDC095436449006366D111B2AD7EB",
         "loaderId": "4F24EC93BC6F47E1B559756D6C051EEB",
         "mimeType": "text/html",
         "secureContextType": "Secure",
         "securityOrigin": "https://www.ecosia.org",
         "securityOriginDetails": {
            "isLocalhost": false
         },
         "url": "https://www.ecosia.org/search?method=index&q=nightwatch"
      }
   }
}
[1762305287.725][DEBUG]: DevTools WebSocket Command: Page.getFrameTree (id=325) (session_id=020896624AC3A50119819791F246C3B0) 0D5EDC095436449006366D111B2AD7EB {
}
[1762305287.725][DEBUG]: DevTools WebSocket Response: Page.getFrameTree (id=325) (session_id=020896624AC3A50119819791F246C3B0) 0D5EDC095436449006366D111B2AD7EB {
   "frameTree": {
      "childFrames": [ {
         "frame": {
            "adFrameStatus": {
               "adFrameType": "none",
               "explanations": [  ]
            },
            "crossOriginIsolatedContextType": "NotIsolated",
            "domainAndRegistry": "",
            "gatedAPIFeatures": [  ],
            "id": "2F717275A5C0646B4492B2C77BAD5047",
            "loaderId": "E7FE12CC243CD812B41B3C1C3A69BBE7",
            "mimeType": "text/html",
            "name": "__tcfapiLocator",
            "parentId": "0D5EDC095436449006366D111B2AD7EB",
            "secureContextType": "Secure",
            "securityOrigin": "://",
            "securityOriginDetails": {
               "isLocalhost": false
            },
            "url": "about:blank"
         }
      } ],
      "frame": {
         "adFrameStatus": {
            "adFrameType": "none"
         },
         "crossOriginIsolatedContextType": "NotIsolated",
         "domainAndRegistry": "ecosia.org",
         "gatedAPIFeatures": [  ],
         "id": "0D5EDC095436449006366D111B2AD7EB",
         "loaderId": "4F24EC93BC6F47E1B559756D6C051EEB",
         "mimeType": "text/html",
         "secureContextType": "Secure",
         "securityOrigin": "https://www.ecosia.org",
         "securityOriginDetails": {
            "isLocalhost": false
         },
         "url": "https://www.ecosia.org/search?method=index&q=nightwatch"
      }
   }
}
[1762305287.726][DEBUG]: DevTools WebSocket Command: Runtime.callFunctionOn (id=326) (session_id=020896624AC3A50119819791F246C3B0) 0D5EDC095436449006366D111B2AD7EB {
   "arguments": [  ],
   "awaitPromise": true,
   "functionDeclaration": "function(){ return (function() { // Copyright 2012 The Chromium Authors\n// Use of this source code is governed by a BSD-style license that can be\n// found in the LICENSE file.\n\n/**\n * Enum for WebD...",
   "serializationOptions": {
      "serialization": "deep"
   },
   "uniqueContextId": "541189270087960800.1669561289184730967"
}
[1762305287.727][DEBUG]: DevTools WebSocket Response: Runtime.callFunctionOn (id=326) (session_id=020896624AC3A50119819791F246C3B0) 0D5EDC095436449006366D111B2AD7EB {
   "result": {
      "className": "Array",
      "deepSerializedValue": {
         "type": "array",
         "value": [ {
            "type": "string",
            "value": "{\"status\":0,\"value\":[{\"element-6066-11e4-a52e-4f735466cecf\":0}]}"
         }, {
            "type": "node",
            "value": {
               "attributes": {
                  "class": "layout__content",
                  "data-test-id": "layout-content",
                  "data-v-c549f0a3": "",
                  "id": "main",
                  "tabindex": "-1"
               },
               "backendNodeId": 56,
               "childNodeCount": 3,
               "loaderId": "4F24EC93BC6F47E1B559756D6C051EEB",
               "localName": "main",
               "namespaceURI": "http://www.w3.org/1999/xhtml",
               "nodeType": 1,
               "shadowRoot": null
            }
         } ]
      },
      "description": "Array(2)",
      "objectId": "1465936456213613148.3.14",
      "subtype": "array",
      "type": "object"
   }
}
[1762305287.728][INFO]: Waiting for pending navigations...
[1762305287.728][DEBUG]: DevTools WebSocket Command: Runtime.evaluate (id=327) (session_id=020896624AC3A50119819791F246C3B0) 0D5EDC095436449006366D111B2AD7EB {
   "expression": "1"
}
[1762305287.728][DEBUG]: DevTools WebSocket Response: Runtime.evaluate (id=327) (session_id=020896624AC3A50119819791F246C3B0) 0D5EDC095436449006366D111B2AD7EB {
   "result": {
      "description": "1",
      "type": "number",
      "value": 1
   }
}
[1762305287.728][INFO]: Done waiting for pending navigations. Status: ok
[1762305287.728][INFO]: [4c8a8d7329e980191e11d5349f9c329c] RESPONSE FindElements [ {
   "element-6066-11e4-a52e-4f735466cecf": "f.0D5EDC095436449006366D111B2AD7EB.d.4F24EC93BC6F47E1B559756D6C051EEB.e.56"
} ]
[1762305287.729][INFO]: [4c8a8d7329e980191e11d5349f9c329c] COMMAND GetElementText {
   "id": "f.0D5EDC095436449006366D111B2AD7EB.d.4F24EC93BC6F47E1B559756D6C051EEB.e.56"
}
[1762305287.729][INFO]: Waiting for pending navigations...
[1762305287.729][DEBUG]: DevTools WebSocket Command: Runtime.evaluate (id=328) (session_id=020896624AC3A50119819791F246C3B0) 0D5EDC095436449006366D111B2AD7EB {
   "expression": "1"
}
[1762305287.729][DEBUG]: DevTools WebSocket Response: Runtime.evaluate (id=328) (session_id=020896624AC3A50119819791F246C3B0) 0D5EDC095436449006366D111B2AD7EB {
   "result": {
      "description": "1",
      "type": "number",
      "value": 1
   }
}
[1762305287.729][INFO]: Done waiting for pending navigations. Status: ok
[1762305287.729][DEBUG]: DevTools WebSocket Command: Page.getFrameTree (id=329) (session_id=020896624AC3A50119819791F246C3B0) 0D5EDC095436449006366D111B2AD7EB {
}
[1762305287.729][DEBUG]: DevTools WebSocket Response: Page.getFrameTree (id=329) (session_id=020896624AC3A50119819791F246C3B0) 0D5EDC095436449006366D111B2AD7EB {
   "frameTree": {
      "childFrames": [ {
         "frame": {
            "adFrameStatus": {
               "adFrameType": "none",
               "explanations": [  ]
            },
            "crossOriginIsolatedContextType": "NotIsolated",
            "domainAndRegistry": "",
            "gatedAPIFeatures": [  ],
            "id": "2F717275A5C0646B4492B2C77BAD5047",
            "loaderId": "E7FE12CC243CD812B41B3C1C3A69BBE7",
            "mimeType": "text/html",
            "name": "__tcfapiLocator",
            "parentId": "0D5EDC095436449006366D111B2AD7EB",
            "secureContextType": "Secure",
            "securityOrigin": "://",
            "securityOriginDetails": {
               "isLocalhost": false
            },
            "url": "about:blank"
         }
      } ],
      "frame": {
         "adFrameStatus": {
            "adFrameType": "none"
         },
         "crossOriginIsolatedContextType": "NotIsolated",
         "domainAndRegistry": "ecosia.org",
         "gatedAPIFeatures": [  ],
         "id": "0D5EDC095436449006366D111B2AD7EB",
         "loaderId": "4F24EC93BC6F47E1B559756D6C051EEB",
         "mimeType": "text/html",
         "secureContextType": "Secure",
         "securityOrigin": "https://www.ecosia.org",
         "securityOriginDetails": {
            "isLocalhost": false
         },
         "url": "https://www.ecosia.org/search?method=index&q=nightwatch"
      }
   }
}
[1762305287.729][DEBUG]: DevTools WebSocket Command: DOM.resolveNode (id=330) (session_id=020896624AC3A50119819791F246C3B0) 0D5EDC095436449006366D111B2AD7EB {
   "backendNodeId": 56,
   "objectGroup": "8bba6e1d-13c7-496d-ab2e-424b9a5c513c"
}
[1762305287.730][DEBUG]: DevTools WebSocket Response: DOM.resolveNode (id=330) (session_id=020896624AC3A50119819791F246C3B0) 0D5EDC095436449006366D111B2AD7EB {
   "object": {
      "className": "HTMLElement",
      "description": "main#main.layout__content",
      "objectId": "1465936456213613148.3.15",
      "subtype": "node",
      "type": "object"
   }
}
[1762305287.730][DEBUG]: DevTools WebSocket Command: Page.getFrameTree (id=331) (session_id=020896624AC3A50119819791F246C3B0) 0D5EDC095436449006366D111B2AD7EB {
}
[1762305287.730][DEBUG]: DevTools WebSocket Response: Page.getFrameTree (id=331) (session_id=020896624AC3A50119819791F246C3B0) 0D5EDC095436449006366D111B2AD7EB {
   "frameTree": {
      "childFrames": [ {
         "frame": {
            "adFrameStatus": {
               "adFrameType": "none",
               "explanations": [  ]
            },
            "crossOriginIsolatedContextType": "NotIsolated",
            "domainAndRegistry": "",
            "gatedAPIFeatures": [  ],
            "id": "2F717275A5C0646B4492B2C77BAD5047",
            "loaderId": "E7FE12CC243CD812B41B3C1C3A69BBE7",
            "mimeType": "text/html",
            "name": "__tcfapiLocator",
            "parentId": "0D5EDC095436449006366D111B2AD7EB",
            "secureContextType": "Secure",
            "securityOrigin": "://",
            "securityOriginDetails": {
               "isLocalhost": false
            },
            "url": "about:blank"
         }
      } ],
      "frame": {
         "adFrameStatus": {
            "adFrameType": "none"
         },
         "crossOriginIsolatedContextType": "NotIsolated",
         "domainAndRegistry": "ecosia.org",
         "gatedAPIFeatures": [  ],
         "id": "0D5EDC095436449006366D111B2AD7EB",
         "loaderId": "4F24EC93BC6F47E1B559756D6C051EEB",
         "mimeType": "text/html",
         "secureContextType": "Secure",
         "securityOrigin": "https://www.ecosia.org",
         "securityOriginDetails": {
            "isLocalhost": false
         },
         "url": "https://www.ecosia.org/search?method=index&q=nightwatch"
      }
   }
}
[1762305287.731][DEBUG]: DevTools WebSocket Command: Runtime.callFunctionOn (id=332) (session_id=020896624AC3A50119819791F246C3B0) 0D5EDC095436449006366D111B2AD7EB {
   "arguments": [ {
      "objectId": "1465936456213613148.3.15"
   } ],
   "awaitPromise": true,
   "functionDeclaration": "function(){ return (function() { // Copyright 2012 The Chromium Authors\n// Use of this source code is governed by a BSD-style license that can be\n// found in the LICENSE file.\n\n/**\n * Enum for WebD...",
   "objectGroup": "8bba6e1d-13c7-496d-ab2e-424b9a5c513c",
   "serializationOptions": {
      "serialization": "deep"
   },
   "uniqueContextId": "541189270087960800.1669561289184730967"
}
[1762305287.819][DEBUG]: DevTools WebSocket Response: Runtime.callFunctionOn (id=332) (session_id=020896624AC3A50119819791F246C3B0) 0D5EDC095436449006366D111B2AD7EB {
   "result": {
      "className": "Array",
      "deepSerializedValue": {
         "type": "array",
         "value": [ {
            "type": "string",
            "value": "{\"status\":0,\"value\":\"Buscar\\nNightwatch (película)\\nNightwatch es una película de terror, thriller estrenada en 1997 dirigida por Ole Bornedal y protagonizada por Ewan McGregor, Patricia Arquette..."
         } ]
      },
      "description": "Array(1)",
      "objectId": "1465936456213613148.3.16",
      "subtype": "array",
      "type": "object"
   }
}
[1762305287.819][DEBUG]: DevTools WebSocket Command: Runtime.releaseObjectGroup (id=333) (session_id=020896624AC3A50119819791F246C3B0) 0D5EDC095436449006366D111B2AD7EB {
   "objectGroup": "8bba6e1d-13c7-496d-ab2e-424b9a5c513c"
}
[1762305287.819][INFO]: Waiting for pending navigations...
[1762305287.819][DEBUG]: DevTools WebSocket Command: Runtime.evaluate (id=334) (session_id=020896624AC3A50119819791F246C3B0) 0D5EDC095436449006366D111B2AD7EB {
   "expression": "1"
}
[1762305287.819][DEBUG]: DevTools WebSocket Response: Runtime.releaseObjectGroup (id=333) (session_id=020896624AC3A50119819791F246C3B0) 0D5EDC095436449006366D111B2AD7EB {
}
[1762305287.819][DEBUG]: DevTools WebSocket Response: Runtime.evaluate (id=334) (session_id=020896624AC3A50119819791F246C3B0) 0D5EDC095436449006366D111B2AD7EB {
   "result": {
      "description": "1",
      "type": "number",
      "value": 1
   }
}
[1762305287.819][INFO]: Done waiting for pending navigations. Status: ok
[1762305287.819][INFO]: [4c8a8d7329e980191e11d5349f9c329c] RESPONSE GetElementText "Buscar\nNightwatch (película)\nNightwatch es una película de terror, thriller estrenada en 1997 dirigida por Ole Bornedal y protagonizada por Ewan McGregor, Patricia Arquette, Josh Brolin y Nick No..."
[214628:214652:1105/021448.195338:ERROR:google_apis/gcm/engine/registration_request.cc:292] Registration response error message: PHONE_REGISTRATION_ERROR
[214628:214652:1105/021448.195977:ERROR:google_apis/gcm/engine/registration_request.cc:292] Registration response error message: PHONE_REGISTRATION_ERROR
[214628:214652:1105/021448.196429:ERROR:google_apis/gcm/engine/registration_request.cc:292] Registration response error message: PHONE_REGISTRATION_ERROR
[1762305288.322][INFO]: [4c8a8d7329e980191e11d5349f9c329c] COMMAND FindElements {
   "using": "css selector",
   "value": ".layout__content"
}
[1762305288.322][INFO]: Waiting for pending navigations...
[1762305288.322][DEBUG]: DevTools WebSocket Command: Runtime.evaluate (id=335) (session_id=020896624AC3A50119819791F246C3B0) 0D5EDC095436449006366D111B2AD7EB {
   "expression": "1"
}
[1762305288.322][DEBUG]: DevTools WebSocket Response: Runtime.evaluate (id=335) (session_id=020896624AC3A50119819791F246C3B0) 0D5EDC095436449006366D111B2AD7EB {
   "result": {
      "description": "1",
      "type": "number",
      "value": 1
   }
}
[1762305288.322][INFO]: Done waiting for pending navigations. Status: ok
[1762305288.322][DEBUG]: DevTools WebSocket Command: Page.getFrameTree (id=336) (session_id=020896624AC3A50119819791F246C3B0) 0D5EDC095436449006366D111B2AD7EB {
}
[1762305288.322][DEBUG]: DevTools WebSocket Response: Page.getFrameTree (id=336) (session_id=020896624AC3A50119819791F246C3B0) 0D5EDC095436449006366D111B2AD7EB {
   "frameTree": {
      "childFrames": [ {
         "frame": {
            "adFrameStatus": {
               "adFrameType": "none",
               "explanations": [  ]
            },
            "crossOriginIsolatedContextType": "NotIsolated",
            "domainAndRegistry": "",
            "gatedAPIFeatures": [  ],
            "id": "2F717275A5C0646B4492B2C77BAD5047",
            "loaderId": "E7FE12CC243CD812B41B3C1C3A69BBE7",
            "mimeType": "text/html",
            "name": "__tcfapiLocator",
            "parentId": "0D5EDC095436449006366D111B2AD7EB",
            "secureContextType": "Secure",
            "securityOrigin": "://",
            "securityOriginDetails": {
               "isLocalhost": false
            },
            "url": "about:blank"
         }
      } ],
      "frame": {
         "adFrameStatus": {
            "adFrameType": "none"
         },
         "crossOriginIsolatedContextType": "NotIsolated",
         "domainAndRegistry": "ecosia.org",
         "gatedAPIFeatures": [  ],
         "id": "0D5EDC095436449006366D111B2AD7EB",
         "loaderId": "4F24EC93BC6F47E1B559756D6C051EEB",
         "mimeType": "text/html",
         "secureContextType": "Secure",
         "securityOrigin": "https://www.ecosia.org",
         "securityOriginDetails": {
            "isLocalhost": false
         },
         "url": "https://www.ecosia.org/search?method=index&q=nightwatch"
      }
   }
}
[1762305288.322][DEBUG]: DevTools WebSocket Command: Page.getFrameTree (id=337) (session_id=020896624AC3A50119819791F246C3B0) 0D5EDC095436449006366D111B2AD7EB {
}
[1762305288.323][DEBUG]: DevTools WebSocket Response: Page.getFrameTree (id=337) (session_id=020896624AC3A50119819791F246C3B0) 0D5EDC095436449006366D111B2AD7EB {
   "frameTree": {
      "childFrames": [ {
         "frame": {
            "adFrameStatus": {
               "adFrameType": "none",
               "explanations": [  ]
            },
            "crossOriginIsolatedContextType": "NotIsolated",
            "domainAndRegistry": "",
            "gatedAPIFeatures": [  ],
            "id": "2F717275A5C0646B4492B2C77BAD5047",
            "loaderId": "E7FE12CC243CD812B41B3C1C3A69BBE7",
            "mimeType": "text/html",
            "name": "__tcfapiLocator",
            "parentId": "0D5EDC095436449006366D111B2AD7EB",
            "secureContextType": "Secure",
            "securityOrigin": "://",
            "securityOriginDetails": {
               "isLocalhost": false
            },
            "url": "about:blank"
         }
      } ],
      "frame": {
         "adFrameStatus": {
            "adFrameType": "none"
         },
         "crossOriginIsolatedContextType": "NotIsolated",
         "domainAndRegistry": "ecosia.org",
         "gatedAPIFeatures": [  ],
         "id": "0D5EDC095436449006366D111B2AD7EB",
         "loaderId": "4F24EC93BC6F47E1B559756D6C051EEB",
         "mimeType": "text/html",
         "secureContextType": "Secure",
         "securityOrigin": "https://www.ecosia.org",
         "securityOriginDetails": {
            "isLocalhost": false
         },
         "url": "https://www.ecosia.org/search?method=index&q=nightwatch"
      }
   }
}
[1762305288.323][DEBUG]: DevTools WebSocket Command: Runtime.callFunctionOn (id=338) (session_id=020896624AC3A50119819791F246C3B0) 0D5EDC095436449006366D111B2AD7EB {
   "arguments": [  ],
   "awaitPromise": true,
   "functionDeclaration": "function(){ return (function() { // Copyright 2012 The Chromium Authors\n// Use of this source code is governed by a BSD-style license that can be\n// found in the LICENSE file.\n\n/**\n * Enum for WebD...",
   "serializationOptions": {
      "serialization": "deep"
   },
   "uniqueContextId": "541189270087960800.1669561289184730967"
}
[1762305288.326][DEBUG]: DevTools WebSocket Response: Runtime.callFunctionOn (id=338) (session_id=020896624AC3A50119819791F246C3B0) 0D5EDC095436449006366D111B2AD7EB {
   "result": {
      "className": "Array",
      "deepSerializedValue": {
         "type": "array",
         "value": [ {
            "type": "string",
            "value": "{\"status\":0,\"value\":[{\"element-6066-11e4-a52e-4f735466cecf\":0}]}"
         }, {
            "type": "node",
            "value": {
               "attributes": {
                  "class": "layout__content",
                  "data-test-id": "layout-content",
                  "data-v-c549f0a3": "",
                  "id": "main",
                  "tabindex": "-1"
               },
               "backendNodeId": 56,
               "childNodeCount": 3,
               "loaderId": "4F24EC93BC6F47E1B559756D6C051EEB",
               "localName": "main",
               "namespaceURI": "http://www.w3.org/1999/xhtml",
               "nodeType": 1,
               "shadowRoot": null
            }
         } ]
      },
      "description": "Array(2)",
      "objectId": "1465936456213613148.3.17",
      "subtype": "array",
      "type": "object"
   }
}
[1762305288.326][INFO]: Waiting for pending navigations...
[1762305288.326][DEBUG]: DevTools WebSocket Command: Runtime.evaluate (id=339) (session_id=020896624AC3A50119819791F246C3B0) 0D5EDC095436449006366D111B2AD7EB {
   "expression": "1"
}
[1762305288.326][DEBUG]: DevTools WebSocket Response: Runtime.evaluate (id=339) (session_id=020896624AC3A50119819791F246C3B0) 0D5EDC095436449006366D111B2AD7EB {
   "result": {
      "description": "1",
      "type": "number",
      "value": 1
   }
}
[1762305288.326][INFO]: Done waiting for pending navigations. Status: ok
[1762305288.326][INFO]: [4c8a8d7329e980191e11d5349f9c329c] RESPONSE FindElements [ {
   "element-6066-11e4-a52e-4f735466cecf": "f.0D5EDC095436449006366D111B2AD7EB.d.4F24EC93BC6F47E1B559756D6C051EEB.e.56"
} ]
[1762305288.327][INFO]: [4c8a8d7329e980191e11d5349f9c329c] COMMAND GetElementText {
   "id": "f.0D5EDC095436449006366D111B2AD7EB.d.4F24EC93BC6F47E1B559756D6C051EEB.e.56"
}
[1762305288.327][INFO]: Waiting for pending navigations...
[1762305288.327][DEBUG]: DevTools WebSocket Command: Runtime.evaluate (id=340) (session_id=020896624AC3A50119819791F246C3B0) 0D5EDC095436449006366D111B2AD7EB {
   "expression": "1"
}
[1762305288.327][DEBUG]: DevTools WebSocket Response: Runtime.evaluate (id=340) (session_id=020896624AC3A50119819791F246C3B0) 0D5EDC095436449006366D111B2AD7EB {
   "result": {
      "description": "1",
      "type": "number",
      "value": 1
   }
}
[1762305288.327][INFO]: Done waiting for pending navigations. Status: ok
[1762305288.327][DEBUG]: DevTools WebSocket Command: Page.getFrameTree (id=341) (session_id=020896624AC3A50119819791F246C3B0) 0D5EDC095436449006366D111B2AD7EB {
}
[1762305288.327][DEBUG]: DevTools WebSocket Response: Page.getFrameTree (id=341) (session_id=020896624AC3A50119819791F246C3B0) 0D5EDC095436449006366D111B2AD7EB {
   "frameTree": {
      "childFrames": [ {
         "frame": {
            "adFrameStatus": {
               "adFrameType": "none",
               "explanations": [  ]
            },
            "crossOriginIsolatedContextType": "NotIsolated",
            "domainAndRegistry": "",
            "gatedAPIFeatures": [  ],
            "id": "2F717275A5C0646B4492B2C77BAD5047",
            "loaderId": "E7FE12CC243CD812B41B3C1C3A69BBE7",
            "mimeType": "text/html",
            "name": "__tcfapiLocator",
            "parentId": "0D5EDC095436449006366D111B2AD7EB",
            "secureContextType": "Secure",
            "securityOrigin": "://",
            "securityOriginDetails": {
               "isLocalhost": false
            },
            "url": "about:blank"
         }
      } ],
      "frame": {
         "adFrameStatus": {
            "adFrameType": "none"
         },
         "crossOriginIsolatedContextType": "NotIsolated",
         "domainAndRegistry": "ecosia.org",
         "gatedAPIFeatures": [  ],
         "id": "0D5EDC095436449006366D111B2AD7EB",
         "loaderId": "4F24EC93BC6F47E1B559756D6C051EEB",
         "mimeType": "text/html",
         "secureContextType": "Secure",
         "securityOrigin": "https://www.ecosia.org",
         "securityOriginDetails": {
            "isLocalhost": false
         },
         "url": "https://www.ecosia.org/search?method=index&q=nightwatch"
      }
   }
}
[1762305288.328][DEBUG]: DevTools WebSocket Command: DOM.resolveNode (id=342) (session_id=020896624AC3A50119819791F246C3B0) 0D5EDC095436449006366D111B2AD7EB {
   "backendNodeId": 56,
   "objectGroup": "9f01717f-fad6-4ac9-a40e-575543a7337d"
}
[1762305288.328][DEBUG]: DevTools WebSocket Response: DOM.resolveNode (id=342) (session_id=020896624AC3A50119819791F246C3B0) 0D5EDC095436449006366D111B2AD7EB {
   "object": {
      "className": "HTMLElement",
      "description": "main#main.layout__content",
      "objectId": "1465936456213613148.3.18",
      "subtype": "node",
      "type": "object"
   }
}
[1762305288.328][DEBUG]: DevTools WebSocket Command: Page.getFrameTree (id=343) (session_id=020896624AC3A50119819791F246C3B0) 0D5EDC095436449006366D111B2AD7EB {
}
[1762305288.328][DEBUG]: DevTools WebSocket Response: Page.getFrameTree (id=343) (session_id=020896624AC3A50119819791F246C3B0) 0D5EDC095436449006366D111B2AD7EB {
   "frameTree": {
      "childFrames": [ {
         "frame": {
            "adFrameStatus": {
               "adFrameType": "none",
               "explanations": [  ]
            },
            "crossOriginIsolatedContextType": "NotIsolated",
            "domainAndRegistry": "",
            "gatedAPIFeatures": [  ],
            "id": "2F717275A5C0646B4492B2C77BAD5047",
            "loaderId": "E7FE12CC243CD812B41B3C1C3A69BBE7",
            "mimeType": "text/html",
            "name": "__tcfapiLocator",
            "parentId": "0D5EDC095436449006366D111B2AD7EB",
            "secureContextType": "Secure",
            "securityOrigin": "://",
            "securityOriginDetails": {
               "isLocalhost": false
            },
            "url": "about:blank"
         }
      } ],
      "frame": {
         "adFrameStatus": {
            "adFrameType": "none"
         },
         "crossOriginIsolatedContextType": "NotIsolated",
         "domainAndRegistry": "ecosia.org",
         "gatedAPIFeatures": [  ],
         "id": "0D5EDC095436449006366D111B2AD7EB",
         "loaderId": "4F24EC93BC6F47E1B559756D6C051EEB",
         "mimeType": "text/html",
         "secureContextType": "Secure",
         "securityOrigin": "https://www.ecosia.org",
         "securityOriginDetails": {
            "isLocalhost": false
         },
         "url": "https://www.ecosia.org/search?method=index&q=nightwatch"
      }
   }
}
[1762305288.328][DEBUG]: DevTools WebSocket Command: Runtime.callFunctionOn (id=344) (session_id=020896624AC3A50119819791F246C3B0) 0D5EDC095436449006366D111B2AD7EB {
   "arguments": [ {
      "objectId": "1465936456213613148.3.18"
   } ],
   "awaitPromise": true,
   "functionDeclaration": "function(){ return (function() { // Copyright 2012 The Chromium Authors\n// Use of this source code is governed by a BSD-style license that can be\n// found in the LICENSE file.\n\n/**\n * Enum for WebD...",
   "objectGroup": "9f01717f-fad6-4ac9-a40e-575543a7337d",
   "serializationOptions": {
      "serialization": "deep"
   },
   "uniqueContextId": "541189270087960800.1669561289184730967"
}
[1762305288.420][DEBUG]: DevTools WebSocket Response: Runtime.callFunctionOn (id=344) (session_id=020896624AC3A50119819791F246C3B0) 0D5EDC095436449006366D111B2AD7EB {
   "result": {
      "className": "Array",
      "deepSerializedValue": {
         "type": "array",
         "value": [ {
            "type": "string",
            "value": "{\"status\":0,\"value\":\"Buscar\\nNightwatch (película)\\nNightwatch es una película de terror, thriller estrenada en 1997 dirigida por Ole Bornedal y protagonizada por Ewan McGregor, Patricia Arquette..."
         } ]
      },
      "description": "Array(1)",
      "objectId": "1465936456213613148.3.19",
      "subtype": "array",
      "type": "object"
   }
}
[1762305288.420][DEBUG]: DevTools WebSocket Command: Runtime.releaseObjectGroup (id=345) (session_id=020896624AC3A50119819791F246C3B0) 0D5EDC095436449006366D111B2AD7EB {
   "objectGroup": "9f01717f-fad6-4ac9-a40e-575543a7337d"
}
[1762305288.420][INFO]: Waiting for pending navigations...
[1762305288.420][DEBUG]: DevTools WebSocket Command: Runtime.evaluate (id=346) (session_id=020896624AC3A50119819791F246C3B0) 0D5EDC095436449006366D111B2AD7EB {
   "expression": "1"
}
[1762305288.424][DEBUG]: DevTools WebSocket Response: Runtime.releaseObjectGroup (id=345) (session_id=020896624AC3A50119819791F246C3B0) 0D5EDC095436449006366D111B2AD7EB {
}
[1762305288.424][DEBUG]: DevTools WebSocket Response: Runtime.evaluate (id=346) (session_id=020896624AC3A50119819791F246C3B0) 0D5EDC095436449006366D111B2AD7EB {
   "result": {
      "description": "1",
      "type": "number",
      "value": 1
   }
}
[1762305288.424][INFO]: Done waiting for pending navigations. Status: ok
[1762305288.424][INFO]: [4c8a8d7329e980191e11d5349f9c329c] RESPONSE GetElementText "Buscar\nNightwatch (película)\nNightwatch es una película de terror, thriller estrenada en 1997 dirigida por Ole Bornedal y protagonizada por Ewan McGregor, Patricia Arquette, Josh Brolin y Nick No..."
[1762305288.928][INFO]: [4c8a8d7329e980191e11d5349f9c329c] COMMAND FindElements {
   "using": "css selector",
   "value": ".layout__content"
}
[1762305288.928][INFO]: Waiting for pending navigations...
[1762305288.928][DEBUG]: DevTools WebSocket Command: Runtime.evaluate (id=347) (session_id=020896624AC3A50119819791F246C3B0) 0D5EDC095436449006366D111B2AD7EB {
   "expression": "1"
}
[1762305288.928][DEBUG]: DevTools WebSocket Response: Runtime.evaluate (id=347) (session_id=020896624AC3A50119819791F246C3B0) 0D5EDC095436449006366D111B2AD7EB {
   "result": {
      "description": "1",
      "type": "number",
      "value": 1
   }
}
[1762305288.928][INFO]: Done waiting for pending navigations. Status: ok
[1762305288.928][DEBUG]: DevTools WebSocket Command: Page.getFrameTree (id=348) (session_id=020896624AC3A50119819791F246C3B0) 0D5EDC095436449006366D111B2AD7EB {
}
[1762305288.928][DEBUG]: DevTools WebSocket Response: Page.getFrameTree (id=348) (session_id=020896624AC3A50119819791F246C3B0) 0D5EDC095436449006366D111B2AD7EB {
   "frameTree": {
      "childFrames": [ {
         "frame": {
            "adFrameStatus": {
               "adFrameType": "none",
               "explanations": [  ]
            },
            "crossOriginIsolatedContextType": "NotIsolated",
            "domainAndRegistry": "",
            "gatedAPIFeatures": [  ],
            "id": "2F717275A5C0646B4492B2C77BAD5047",
            "loaderId": "E7FE12CC243CD812B41B3C1C3A69BBE7",
            "mimeType": "text/html",
            "name": "__tcfapiLocator",
            "parentId": "0D5EDC095436449006366D111B2AD7EB",
            "secureContextType": "Secure",
            "securityOrigin": "://",
            "securityOriginDetails": {
               "isLocalhost": false
            },
            "url": "about:blank"
         }
      } ],
      "frame": {
         "adFrameStatus": {
            "adFrameType": "none"
         },
         "crossOriginIsolatedContextType": "NotIsolated",
         "domainAndRegistry": "ecosia.org",
         "gatedAPIFeatures": [  ],
         "id": "0D5EDC095436449006366D111B2AD7EB",
         "loaderId": "4F24EC93BC6F47E1B559756D6C051EEB",
         "mimeType": "text/html",
         "secureContextType": "Secure",
         "securityOrigin": "https://www.ecosia.org",
         "securityOriginDetails": {
            "isLocalhost": false
         },
         "url": "https://www.ecosia.org/search?method=index&q=nightwatch"
      }
   }
}
[1762305288.928][DEBUG]: DevTools WebSocket Command: Page.getFrameTree (id=349) (session_id=020896624AC3A50119819791F246C3B0) 0D5EDC095436449006366D111B2AD7EB {
}
[1762305288.928][DEBUG]: DevTools WebSocket Response: Page.getFrameTree (id=349) (session_id=020896624AC3A50119819791F246C3B0) 0D5EDC095436449006366D111B2AD7EB {
   "frameTree": {
      "childFrames": [ {
         "frame": {
            "adFrameStatus": {
               "adFrameType": "none",
               "explanations": [  ]
            },
            "crossOriginIsolatedContextType": "NotIsolated",
            "domainAndRegistry": "",
            "gatedAPIFeatures": [  ],
            "id": "2F717275A5C0646B4492B2C77BAD5047",
            "loaderId": "E7FE12CC243CD812B41B3C1C3A69BBE7",
            "mimeType": "text/html",
            "name": "__tcfapiLocator",
            "parentId": "0D5EDC095436449006366D111B2AD7EB",
            "secureContextType": "Secure",
            "securityOrigin": "://",
            "securityOriginDetails": {
               "isLocalhost": false
            },
            "url": "about:blank"
         }
      } ],
      "frame": {
         "adFrameStatus": {
            "adFrameType": "none"
         },
         "crossOriginIsolatedContextType": "NotIsolated",
         "domainAndRegistry": "ecosia.org",
         "gatedAPIFeatures": [  ],
         "id": "0D5EDC095436449006366D111B2AD7EB",
         "loaderId": "4F24EC93BC6F47E1B559756D6C051EEB",
         "mimeType": "text/html",
         "secureContextType": "Secure",
         "securityOrigin": "https://www.ecosia.org",
         "securityOriginDetails": {
            "isLocalhost": false
         },
         "url": "https://www.ecosia.org/search?method=index&q=nightwatch"
      }
   }
}
[1762305288.929][DEBUG]: DevTools WebSocket Command: Runtime.callFunctionOn (id=350) (session_id=020896624AC3A50119819791F246C3B0) 0D5EDC095436449006366D111B2AD7EB {
   "arguments": [  ],
   "awaitPromise": true,
   "functionDeclaration": "function(){ return (function() { // Copyright 2012 The Chromium Authors\n// Use of this source code is governed by a BSD-style license that can be\n// found in the LICENSE file.\n\n/**\n * Enum for WebD...",
   "serializationOptions": {
      "serialization": "deep"
   },
   "uniqueContextId": "541189270087960800.1669561289184730967"
}
[1762305288.931][DEBUG]: DevTools WebSocket Response: Runtime.callFunctionOn (id=350) (session_id=020896624AC3A50119819791F246C3B0) 0D5EDC095436449006366D111B2AD7EB {
   "result": {
      "className": "Array",
      "deepSerializedValue": {
         "type": "array",
         "value": [ {
            "type": "string",
            "value": "{\"status\":0,\"value\":[{\"element-6066-11e4-a52e-4f735466cecf\":0}]}"
         }, {
            "type": "node",
            "value": {
               "attributes": {
                  "class": "layout__content",
                  "data-test-id": "layout-content",
                  "data-v-c549f0a3": "",
                  "id": "main",
                  "tabindex": "-1"
               },
               "backendNodeId": 56,
               "childNodeCount": 3,
               "loaderId": "4F24EC93BC6F47E1B559756D6C051EEB",
               "localName": "main",
               "namespaceURI": "http://www.w3.org/1999/xhtml",
               "nodeType": 1,
               "shadowRoot": null
            }
         } ]
      },
      "description": "Array(2)",
      "objectId": "1465936456213613148.3.20",
      "subtype": "array",
      "type": "object"
   }
}
[1762305288.931][INFO]: Waiting for pending navigations...
[1762305288.931][DEBUG]: DevTools WebSocket Command: Runtime.evaluate (id=351) (session_id=020896624AC3A50119819791F246C3B0) 0D5EDC095436449006366D111B2AD7EB {
   "expression": "1"
}
[1762305288.931][DEBUG]: DevTools WebSocket Response: Runtime.evaluate (id=351) (session_id=020896624AC3A50119819791F246C3B0) 0D5EDC095436449006366D111B2AD7EB {
   "result": {
      "description": "1",
      "type": "number",
      "value": 1
   }
}
[1762305288.931][INFO]: Done waiting for pending navigations. Status: ok
[1762305288.931][INFO]: [4c8a8d7329e980191e11d5349f9c329c] RESPONSE FindElements [ {
   "element-6066-11e4-a52e-4f735466cecf": "f.0D5EDC095436449006366D111B2AD7EB.d.4F24EC93BC6F47E1B559756D6C051EEB.e.56"
} ]
[1762305288.932][INFO]: [4c8a8d7329e980191e11d5349f9c329c] COMMAND GetElementText {
   "id": "f.0D5EDC095436449006366D111B2AD7EB.d.4F24EC93BC6F47E1B559756D6C051EEB.e.56"
}
[1762305288.932][INFO]: Waiting for pending navigations...
[1762305288.932][DEBUG]: DevTools WebSocket Command: Runtime.evaluate (id=352) (session_id=020896624AC3A50119819791F246C3B0) 0D5EDC095436449006366D111B2AD7EB {
   "expression": "1"
}
[1762305288.932][DEBUG]: DevTools WebSocket Response: Runtime.evaluate (id=352) (session_id=020896624AC3A50119819791F246C3B0) 0D5EDC095436449006366D111B2AD7EB {
   "result": {
      "description": "1",
      "type": "number",
      "value": 1
   }
}
[1762305288.932][INFO]: Done waiting for pending navigations. Status: ok
[1762305288.932][DEBUG]: DevTools WebSocket Command: Page.getFrameTree (id=353) (session_id=020896624AC3A50119819791F246C3B0) 0D5EDC095436449006366D111B2AD7EB {
}
[1762305288.932][DEBUG]: DevTools WebSocket Response: Page.getFrameTree (id=353) (session_id=020896624AC3A50119819791F246C3B0) 0D5EDC095436449006366D111B2AD7EB {
   "frameTree": {
      "childFrames": [ {
         "frame": {
            "adFrameStatus": {
               "adFrameType": "none",
               "explanations": [  ]
            },
            "crossOriginIsolatedContextType": "NotIsolated",
            "domainAndRegistry": "",
            "gatedAPIFeatures": [  ],
            "id": "2F717275A5C0646B4492B2C77BAD5047",
            "loaderId": "E7FE12CC243CD812B41B3C1C3A69BBE7",
            "mimeType": "text/html",
            "name": "__tcfapiLocator",
            "parentId": "0D5EDC095436449006366D111B2AD7EB",
            "secureContextType": "Secure",
            "securityOrigin": "://",
            "securityOriginDetails": {
               "isLocalhost": false
            },
            "url": "about:blank"
         }
      } ],
      "frame": {
         "adFrameStatus": {
            "adFrameType": "none"
         },
         "crossOriginIsolatedContextType": "NotIsolated",
         "domainAndRegistry": "ecosia.org",
         "gatedAPIFeatures": [  ],
         "id": "0D5EDC095436449006366D111B2AD7EB",
         "loaderId": "4F24EC93BC6F47E1B559756D6C051EEB",
         "mimeType": "text/html",
         "secureContextType": "Secure",
         "securityOrigin": "https://www.ecosia.org",
         "securityOriginDetails": {
            "isLocalhost": false
         },
         "url": "https://www.ecosia.org/search?method=index&q=nightwatch"
      }
   }
}
[1762305288.933][DEBUG]: DevTools WebSocket Command: DOM.resolveNode (id=354) (session_id=020896624AC3A50119819791F246C3B0) 0D5EDC095436449006366D111B2AD7EB {
   "backendNodeId": 56,
   "objectGroup": "3e7599a3-3ae1-44e8-8ae3-9d6238bc2e1b"
}
[1762305288.933][DEBUG]: DevTools WebSocket Response: DOM.resolveNode (id=354) (session_id=020896624AC3A50119819791F246C3B0) 0D5EDC095436449006366D111B2AD7EB {
   "object": {
      "className": "HTMLElement",
      "description": "main#main.layout__content",
      "objectId": "1465936456213613148.3.21",
      "subtype": "node",
      "type": "object"
   }
}
[1762305288.933][DEBUG]: DevTools WebSocket Command: Page.getFrameTree (id=355) (session_id=020896624AC3A50119819791F246C3B0) 0D5EDC095436449006366D111B2AD7EB {
}
[1762305288.933][DEBUG]: DevTools WebSocket Response: Page.getFrameTree (id=355) (session_id=020896624AC3A50119819791F246C3B0) 0D5EDC095436449006366D111B2AD7EB {
   "frameTree": {
      "childFrames": [ {
         "frame": {
            "adFrameStatus": {
               "adFrameType": "none",
               "explanations": [  ]
            },
            "crossOriginIsolatedContextType": "NotIsolated",
            "domainAndRegistry": "",
            "gatedAPIFeatures": [  ],
            "id": "2F717275A5C0646B4492B2C77BAD5047",
            "loaderId": "E7FE12CC243CD812B41B3C1C3A69BBE7",
            "mimeType": "text/html",
            "name": "__tcfapiLocator",
            "parentId": "0D5EDC095436449006366D111B2AD7EB",
            "secureContextType": "Secure",
            "securityOrigin": "://",
            "securityOriginDetails": {
               "isLocalhost": false
            },
            "url": "about:blank"
         }
      } ],
      "frame": {
         "adFrameStatus": {
            "adFrameType": "none"
         },
         "crossOriginIsolatedContextType": "NotIsolated",
         "domainAndRegistry": "ecosia.org",
         "gatedAPIFeatures": [  ],
         "id": "0D5EDC095436449006366D111B2AD7EB",
         "loaderId": "4F24EC93BC6F47E1B559756D6C051EEB",
         "mimeType": "text/html",
         "secureContextType": "Secure",
         "securityOrigin": "https://www.ecosia.org",
         "securityOriginDetails": {
            "isLocalhost": false
         },
         "url": "https://www.ecosia.org/search?method=index&q=nightwatch"
      }
   }
}
[1762305288.933][DEBUG]: DevTools WebSocket Command: Runtime.callFunctionOn (id=356) (session_id=020896624AC3A50119819791F246C3B0) 0D5EDC095436449006366D111B2AD7EB {
   "arguments": [ {
      "objectId": "1465936456213613148.3.21"
   } ],
   "awaitPromise": true,
   "functionDeclaration": "function(){ return (function() { // Copyright 2012 The Chromium Authors\n// Use of this source code is governed by a BSD-style license that can be\n// found in the LICENSE file.\n\n/**\n * Enum for WebD...",
   "objectGroup": "3e7599a3-3ae1-44e8-8ae3-9d6238bc2e1b",
   "serializationOptions": {
      "serialization": "deep"
   },
   "uniqueContextId": "541189270087960800.1669561289184730967"
}
[1762305289.026][DEBUG]: DevTools WebSocket Response: Runtime.callFunctionOn (id=356) (session_id=020896624AC3A50119819791F246C3B0) 0D5EDC095436449006366D111B2AD7EB {
   "result": {
      "className": "Array",
      "deepSerializedValue": {
         "type": "array",
         "value": [ {
            "type": "string",
            "value": "{\"status\":0,\"value\":\"Buscar\\nNightwatch (película)\\nNightwatch es una película de terror, thriller estrenada en 1997 dirigida por Ole Bornedal y protagonizada por Ewan McGregor, Patricia Arquette..."
         } ]
      },
      "description": "Array(1)",
      "objectId": "1465936456213613148.3.22",
      "subtype": "array",
      "type": "object"
   }
}
[1762305289.026][DEBUG]: DevTools WebSocket Command: Runtime.releaseObjectGroup (id=357) (session_id=020896624AC3A50119819791F246C3B0) 0D5EDC095436449006366D111B2AD7EB {
   "objectGroup": "3e7599a3-3ae1-44e8-8ae3-9d6238bc2e1b"
}
[1762305289.026][INFO]: Waiting for pending navigations...
[1762305289.026][DEBUG]: DevTools WebSocket Command: Runtime.evaluate (id=358) (session_id=020896624AC3A50119819791F246C3B0) 0D5EDC095436449006366D111B2AD7EB {
   "expression": "1"
}
[1762305289.026][DEBUG]: DevTools WebSocket Response: Runtime.releaseObjectGroup (id=357) (session_id=020896624AC3A50119819791F246C3B0) 0D5EDC095436449006366D111B2AD7EB {
}
[1762305289.026][DEBUG]: DevTools WebSocket Response: Runtime.evaluate (id=358) (session_id=020896624AC3A50119819791F246C3B0) 0D5EDC095436449006366D111B2AD7EB {
   "result": {
      "description": "1",
      "type": "number",
      "value": 1
   }
}
[1762305289.026][INFO]: Done waiting for pending navigations. Status: ok
[1762305289.026][INFO]: [4c8a8d7329e980191e11d5349f9c329c] RESPONSE GetElementText "Buscar\nNightwatch (película)\nNightwatch es una película de terror, thriller estrenada en 1997 dirigida por Ole Bornedal y protagonizada por Ewan McGregor, Patricia Arquette, Josh Brolin y Nick No..."
[1762305289.530][INFO]: [4c8a8d7329e980191e11d5349f9c329c] COMMAND FindElements {
   "using": "css selector",
   "value": ".layout__content"
}
[1762305289.530][INFO]: Waiting for pending navigations...
[1762305289.530][DEBUG]: DevTools WebSocket Command: Runtime.evaluate (id=359) (session_id=020896624AC3A50119819791F246C3B0) 0D5EDC095436449006366D111B2AD7EB {
   "expression": "1"
}
[1762305289.531][DEBUG]: DevTools WebSocket Response: Runtime.evaluate (id=359) (session_id=020896624AC3A50119819791F246C3B0) 0D5EDC095436449006366D111B2AD7EB {
   "result": {
      "description": "1",
      "type": "number",
      "value": 1
   }
}
[1762305289.531][INFO]: Done waiting for pending navigations. Status: ok
[1762305289.531][DEBUG]: DevTools WebSocket Command: Page.getFrameTree (id=360) (session_id=020896624AC3A50119819791F246C3B0) 0D5EDC095436449006366D111B2AD7EB {
}
[1762305289.532][DEBUG]: DevTools WebSocket Response: Page.getFrameTree (id=360) (session_id=020896624AC3A50119819791F246C3B0) 0D5EDC095436449006366D111B2AD7EB {
   "frameTree": {
      "childFrames": [ {
         "frame": {
            "adFrameStatus": {
               "adFrameType": "none",
               "explanations": [  ]
            },
            "crossOriginIsolatedContextType": "NotIsolated",
            "domainAndRegistry": "",
            "gatedAPIFeatures": [  ],
            "id": "2F717275A5C0646B4492B2C77BAD5047",
            "loaderId": "E7FE12CC243CD812B41B3C1C3A69BBE7",
            "mimeType": "text/html",
            "name": "__tcfapiLocator",
            "parentId": "0D5EDC095436449006366D111B2AD7EB",
            "secureContextType": "Secure",
            "securityOrigin": "://",
            "securityOriginDetails": {
               "isLocalhost": false
            },
            "url": "about:blank"
         }
      } ],
      "frame": {
         "adFrameStatus": {
            "adFrameType": "none"
         },
         "crossOriginIsolatedContextType": "NotIsolated",
         "domainAndRegistry": "ecosia.org",
         "gatedAPIFeatures": [  ],
         "id": "0D5EDC095436449006366D111B2AD7EB",
         "loaderId": "4F24EC93BC6F47E1B559756D6C051EEB",
         "mimeType": "text/html",
         "secureContextType": "Secure",
         "securityOrigin": "https://www.ecosia.org",
         "securityOriginDetails": {
            "isLocalhost": false
         },
         "url": "https://www.ecosia.org/search?method=index&q=nightwatch"
      }
   }
}
[1762305289.532][DEBUG]: DevTools WebSocket Command: Page.getFrameTree (id=361) (session_id=020896624AC3A50119819791F246C3B0) 0D5EDC095436449006366D111B2AD7EB {
}
[1762305289.532][DEBUG]: DevTools WebSocket Response: Page.getFrameTree (id=361) (session_id=020896624AC3A50119819791F246C3B0) 0D5EDC095436449006366D111B2AD7EB {
   "frameTree": {
      "childFrames": [ {
         "frame": {
            "adFrameStatus": {
               "adFrameType": "none",
               "explanations": [  ]
            },
            "crossOriginIsolatedContextType": "NotIsolated",
            "domainAndRegistry": "",
            "gatedAPIFeatures": [  ],
            "id": "2F717275A5C0646B4492B2C77BAD5047",
            "loaderId": "E7FE12CC243CD812B41B3C1C3A69BBE7",
            "mimeType": "text/html",
            "name": "__tcfapiLocator",
            "parentId": "0D5EDC095436449006366D111B2AD7EB",
            "secureContextType": "Secure",
            "securityOrigin": "://",
            "securityOriginDetails": {
               "isLocalhost": false
            },
            "url": "about:blank"
         }
      } ],
      "frame": {
         "adFrameStatus": {
            "adFrameType": "none"
         },
         "crossOriginIsolatedContextType": "NotIsolated",
         "domainAndRegistry": "ecosia.org",
         "gatedAPIFeatures": [  ],
         "id": "0D5EDC095436449006366D111B2AD7EB",
         "loaderId": "4F24EC93BC6F47E1B559756D6C051EEB",
         "mimeType": "text/html",
         "secureContextType": "Secure",
         "securityOrigin": "https://www.ecosia.org",
         "securityOriginDetails": {
            "isLocalhost": false
         },
         "url": "https://www.ecosia.org/search?method=index&q=nightwatch"
      }
   }
}
[1762305289.534][DEBUG]: DevTools WebSocket Command: Runtime.callFunctionOn (id=362) (session_id=020896624AC3A50119819791F246C3B0) 0D5EDC095436449006366D111B2AD7EB {
   "arguments": [  ],
   "awaitPromise": true,
   "functionDeclaration": "function(){ return (function() { // Copyright 2012 The Chromium Authors\n// Use of this source code is governed by a BSD-style license that can be\n// found in the LICENSE file.\n\n/**\n * Enum for WebD...",
   "serializationOptions": {
      "serialization": "deep"
   },
   "uniqueContextId": "541189270087960800.1669561289184730967"
}
[1762305289.538][DEBUG]: DevTools WebSocket Response: Runtime.callFunctionOn (id=362) (session_id=020896624AC3A50119819791F246C3B0) 0D5EDC095436449006366D111B2AD7EB {
   "result": {
      "className": "Array",
      "deepSerializedValue": {
         "type": "array",
         "value": [ {
            "type": "string",
            "value": "{\"status\":0,\"value\":[{\"element-6066-11e4-a52e-4f735466cecf\":0}]}"
         }, {
            "type": "node",
            "value": {
               "attributes": {
                  "class": "layout__content",
                  "data-test-id": "layout-content",
                  "data-v-c549f0a3": "",
                  "id": "main",
                  "tabindex": "-1"
               },
               "backendNodeId": 56,
               "childNodeCount": 3,
               "loaderId": "4F24EC93BC6F47E1B559756D6C051EEB",
               "localName": "main",
               "namespaceURI": "http://www.w3.org/1999/xhtml",
               "nodeType": 1,
               "shadowRoot": null
            }
         } ]
      },
      "description": "Array(2)",
      "objectId": "1465936456213613148.3.23",
      "subtype": "array",
      "type": "object"
   }
}
[1762305289.538][INFO]: Waiting for pending navigations...
[1762305289.538][DEBUG]: DevTools WebSocket Command: Runtime.evaluate (id=363) (session_id=020896624AC3A50119819791F246C3B0) 0D5EDC095436449006366D111B2AD7EB {
   "expression": "1"
}
[1762305289.539][DEBUG]: DevTools WebSocket Response: Runtime.evaluate (id=363) (session_id=020896624AC3A50119819791F246C3B0) 0D5EDC095436449006366D111B2AD7EB {
   "result": {
      "description": "1",
      "type": "number",
      "value": 1
   }
}
[1762305289.539][INFO]: Done waiting for pending navigations. Status: ok
[1762305289.539][INFO]: [4c8a8d7329e980191e11d5349f9c329c] RESPONSE FindElements [ {
   "element-6066-11e4-a52e-4f735466cecf": "f.0D5EDC095436449006366D111B2AD7EB.d.4F24EC93BC6F47E1B559756D6C051EEB.e.56"
} ]
[1762305289.541][INFO]: [4c8a8d7329e980191e11d5349f9c329c] COMMAND GetElementText {
   "id": "f.0D5EDC095436449006366D111B2AD7EB.d.4F24EC93BC6F47E1B559756D6C051EEB.e.56"
}
[1762305289.541][INFO]: Waiting for pending navigations...
[1762305289.541][DEBUG]: DevTools WebSocket Command: Runtime.evaluate (id=364) (session_id=020896624AC3A50119819791F246C3B0) 0D5EDC095436449006366D111B2AD7EB {
   "expression": "1"
}
[1762305289.541][DEBUG]: DevTools WebSocket Response: Runtime.evaluate (id=364) (session_id=020896624AC3A50119819791F246C3B0) 0D5EDC095436449006366D111B2AD7EB {
   "result": {
      "description": "1",
      "type": "number",
      "value": 1
   }
}
[1762305289.541][INFO]: Done waiting for pending navigations. Status: ok
[1762305289.541][DEBUG]: DevTools WebSocket Command: Page.getFrameTree (id=365) (session_id=020896624AC3A50119819791F246C3B0) 0D5EDC095436449006366D111B2AD7EB {
}
[1762305289.542][DEBUG]: DevTools WebSocket Response: Page.getFrameTree (id=365) (session_id=020896624AC3A50119819791F246C3B0) 0D5EDC095436449006366D111B2AD7EB {
   "frameTree": {
      "childFrames": [ {
         "frame": {
            "adFrameStatus": {
               "adFrameType": "none",
               "explanations": [  ]
            },
            "crossOriginIsolatedContextType": "NotIsolated",
            "domainAndRegistry": "",
            "gatedAPIFeatures": [  ],
            "id": "2F717275A5C0646B4492B2C77BAD5047",
            "loaderId": "E7FE12CC243CD812B41B3C1C3A69BBE7",
            "mimeType": "text/html",
            "name": "__tcfapiLocator",
            "parentId": "0D5EDC095436449006366D111B2AD7EB",
            "secureContextType": "Secure",
            "securityOrigin": "://",
            "securityOriginDetails": {
               "isLocalhost": false
            },
            "url": "about:blank"
         }
      } ],
      "frame": {
         "adFrameStatus": {
            "adFrameType": "none"
         },
         "crossOriginIsolatedContextType": "NotIsolated",
         "domainAndRegistry": "ecosia.org",
         "gatedAPIFeatures": [  ],
         "id": "0D5EDC095436449006366D111B2AD7EB",
         "loaderId": "4F24EC93BC6F47E1B559756D6C051EEB",
         "mimeType": "text/html",
         "secureContextType": "Secure",
         "securityOrigin": "https://www.ecosia.org",
         "securityOriginDetails": {
            "isLocalhost": false
         },
         "url": "https://www.ecosia.org/search?method=index&q=nightwatch"
      }
   }
}
[1762305289.542][DEBUG]: DevTools WebSocket Command: DOM.resolveNode (id=366) (session_id=020896624AC3A50119819791F246C3B0) 0D5EDC095436449006366D111B2AD7EB {
   "backendNodeId": 56,
   "objectGroup": "41a55804-f9cb-4bb1-b195-f3fde64f92fa"
}
[1762305289.542][DEBUG]: DevTools WebSocket Response: DOM.resolveNode (id=366) (session_id=020896624AC3A50119819791F246C3B0) 0D5EDC095436449006366D111B2AD7EB {
   "object": {
      "className": "HTMLElement",
      "description": "main#main.layout__content",
      "objectId": "1465936456213613148.3.24",
      "subtype": "node",
      "type": "object"
   }
}
[1762305289.542][DEBUG]: DevTools WebSocket Command: Page.getFrameTree (id=367) (session_id=020896624AC3A50119819791F246C3B0) 0D5EDC095436449006366D111B2AD7EB {
}
[1762305289.543][DEBUG]: DevTools WebSocket Response: Page.getFrameTree (id=367) (session_id=020896624AC3A50119819791F246C3B0) 0D5EDC095436449006366D111B2AD7EB {
   "frameTree": {
      "childFrames": [ {
         "frame": {
            "adFrameStatus": {
               "adFrameType": "none",
               "explanations": [  ]
            },
            "crossOriginIsolatedContextType": "NotIsolated",
            "domainAndRegistry": "",
            "gatedAPIFeatures": [  ],
            "id": "2F717275A5C0646B4492B2C77BAD5047",
            "loaderId": "E7FE12CC243CD812B41B3C1C3A69BBE7",
            "mimeType": "text/html",
            "name": "__tcfapiLocator",
            "parentId": "0D5EDC095436449006366D111B2AD7EB",
            "secureContextType": "Secure",
            "securityOrigin": "://",
            "securityOriginDetails": {
               "isLocalhost": false
            },
            "url": "about:blank"
         }
      } ],
      "frame": {
         "adFrameStatus": {
            "adFrameType": "none"
         },
         "crossOriginIsolatedContextType": "NotIsolated",
         "domainAndRegistry": "ecosia.org",
         "gatedAPIFeatures": [  ],
         "id": "0D5EDC095436449006366D111B2AD7EB",
         "loaderId": "4F24EC93BC6F47E1B559756D6C051EEB",
         "mimeType": "text/html",
         "secureContextType": "Secure",
         "securityOrigin": "https://www.ecosia.org",
         "securityOriginDetails": {
            "isLocalhost": false
         },
         "url": "https://www.ecosia.org/search?method=index&q=nightwatch"
      }
   }
}
[1762305289.544][DEBUG]: DevTools WebSocket Command: Runtime.callFunctionOn (id=368) (session_id=020896624AC3A50119819791F246C3B0) 0D5EDC095436449006366D111B2AD7EB {
   "arguments": [ {
      "objectId": "1465936456213613148.3.24"
   } ],
   "awaitPromise": true,
   "functionDeclaration": "function(){ return (function() { // Copyright 2012 The Chromium Authors\n// Use of this source code is governed by a BSD-style license that can be\n// found in the LICENSE file.\n\n/**\n * Enum for WebD...",
   "objectGroup": "41a55804-f9cb-4bb1-b195-f3fde64f92fa",
   "serializationOptions": {
      "serialization": "deep"
   },
   "uniqueContextId": "541189270087960800.1669561289184730967"
}
[1762305289.616][DEBUG]: DevTools WebSocket Response: Runtime.callFunctionOn (id=368) (session_id=020896624AC3A50119819791F246C3B0) 0D5EDC095436449006366D111B2AD7EB {
   "result": {
      "className": "Array",
      "deepSerializedValue": {
         "type": "array",
         "value": [ {
            "type": "string",
            "value": "{\"status\":0,\"value\":\"Buscar\\nNightwatch (película)\\nNightwatch es una película de terror, thriller estrenada en 1997 dirigida por Ole Bornedal y protagonizada por Ewan McGregor, Patricia Arquette..."
         } ]
      },
      "description": "Array(1)",
      "objectId": "1465936456213613148.3.25",
      "subtype": "array",
      "type": "object"
   }
}
[1762305289.616][DEBUG]: DevTools WebSocket Command: Runtime.releaseObjectGroup (id=369) (session_id=020896624AC3A50119819791F246C3B0) 0D5EDC095436449006366D111B2AD7EB {
   "objectGroup": "41a55804-f9cb-4bb1-b195-f3fde64f92fa"
}
[1762305289.616][INFO]: Waiting for pending navigations...
[1762305289.616][DEBUG]: DevTools WebSocket Command: Runtime.evaluate (id=370) (session_id=020896624AC3A50119819791F246C3B0) 0D5EDC095436449006366D111B2AD7EB {
   "expression": "1"
}
[1762305289.617][DEBUG]: DevTools WebSocket Response: Runtime.releaseObjectGroup (id=369) (session_id=020896624AC3A50119819791F246C3B0) 0D5EDC095436449006366D111B2AD7EB {
}
[1762305289.617][DEBUG]: DevTools WebSocket Response: Runtime.evaluate (id=370) (session_id=020896624AC3A50119819791F246C3B0) 0D5EDC095436449006366D111B2AD7EB {
   "result": {
      "description": "1",
      "type": "number",
      "value": 1
   }
}
[1762305289.617][INFO]: Done waiting for pending navigations. Status: ok
[1762305289.617][INFO]: [4c8a8d7329e980191e11d5349f9c329c] RESPONSE GetElementText "Buscar\nNightwatch (película)\nNightwatch es una película de terror, thriller estrenada en 1997 dirigida por Ole Bornedal y protagonizada por Ewan McGregor, Patricia Arquette, Josh Brolin y Nick No..."
[1762305290.122][INFO]: [4c8a8d7329e980191e11d5349f9c329c] COMMAND FindElements {
   "using": "css selector",
   "value": ".layout__content"
}
[1762305290.122][INFO]: Waiting for pending navigations...
[1762305290.122][DEBUG]: DevTools WebSocket Command: Runtime.evaluate (id=371) (session_id=020896624AC3A50119819791F246C3B0) 0D5EDC095436449006366D111B2AD7EB {
   "expression": "1"
}
[1762305290.123][DEBUG]: DevTools WebSocket Response: Runtime.evaluate (id=371) (session_id=020896624AC3A50119819791F246C3B0) 0D5EDC095436449006366D111B2AD7EB {
   "result": {
      "description": "1",
      "type": "number",
      "value": 1
   }
}
[1762305290.123][INFO]: Done waiting for pending navigations. Status: ok
[1762305290.123][DEBUG]: DevTools WebSocket Command: Page.getFrameTree (id=372) (session_id=020896624AC3A50119819791F246C3B0) 0D5EDC095436449006366D111B2AD7EB {
}
[1762305290.124][DEBUG]: DevTools WebSocket Response: Page.getFrameTree (id=372) (session_id=020896624AC3A50119819791F246C3B0) 0D5EDC095436449006366D111B2AD7EB {
   "frameTree": {
      "childFrames": [ {
         "frame": {
            "adFrameStatus": {
               "adFrameType": "none",
               "explanations": [  ]
            },
            "crossOriginIsolatedContextType": "NotIsolated",
            "domainAndRegistry": "",
            "gatedAPIFeatures": [  ],
            "id": "2F717275A5C0646B4492B2C77BAD5047",
            "loaderId": "E7FE12CC243CD812B41B3C1C3A69BBE7",
            "mimeType": "text/html",
            "name": "__tcfapiLocator",
            "parentId": "0D5EDC095436449006366D111B2AD7EB",
            "secureContextType": "Secure",
            "securityOrigin": "://",
            "securityOriginDetails": {
               "isLocalhost": false
            },
            "url": "about:blank"
         }
      } ],
      "frame": {
         "adFrameStatus": {
            "adFrameType": "none"
         },
         "crossOriginIsolatedContextType": "NotIsolated",
         "domainAndRegistry": "ecosia.org",
         "gatedAPIFeatures": [  ],
         "id": "0D5EDC095436449006366D111B2AD7EB",
         "loaderId": "4F24EC93BC6F47E1B559756D6C051EEB",
         "mimeType": "text/html",
         "secureContextType": "Secure",
         "securityOrigin": "https://www.ecosia.org",
         "securityOriginDetails": {
            "isLocalhost": false
         },
         "url": "https://www.ecosia.org/search?method=index&q=nightwatch"
      }
   }
}
[1762305290.124][DEBUG]: DevTools WebSocket Command: Page.getFrameTree (id=373) (session_id=020896624AC3A50119819791F246C3B0) 0D5EDC095436449006366D111B2AD7EB {
}
[1762305290.124][DEBUG]: DevTools WebSocket Response: Page.getFrameTree (id=373) (session_id=020896624AC3A50119819791F246C3B0) 0D5EDC095436449006366D111B2AD7EB {
   "frameTree": {
      "childFrames": [ {
         "frame": {
            "adFrameStatus": {
               "adFrameType": "none",
               "explanations": [  ]
            },
            "crossOriginIsolatedContextType": "NotIsolated",
            "domainAndRegistry": "",
            "gatedAPIFeatures": [  ],
            "id": "2F717275A5C0646B4492B2C77BAD5047",
            "loaderId": "E7FE12CC243CD812B41B3C1C3A69BBE7",
            "mimeType": "text/html",
            "name": "__tcfapiLocator",
            "parentId": "0D5EDC095436449006366D111B2AD7EB",
            "secureContextType": "Secure",
            "securityOrigin": "://",
            "securityOriginDetails": {
               "isLocalhost": false
            },
            "url": "about:blank"
         }
      } ],
      "frame": {
         "adFrameStatus": {
            "adFrameType": "none"
         },
         "crossOriginIsolatedContextType": "NotIsolated",
         "domainAndRegistry": "ecosia.org",
         "gatedAPIFeatures": [  ],
         "id": "0D5EDC095436449006366D111B2AD7EB",
         "loaderId": "4F24EC93BC6F47E1B559756D6C051EEB",
         "mimeType": "text/html",
         "secureContextType": "Secure",
         "securityOrigin": "https://www.ecosia.org",
         "securityOriginDetails": {
            "isLocalhost": false
         },
         "url": "https://www.ecosia.org/search?method=index&q=nightwatch"
      }
   }
}
[1762305290.126][DEBUG]: DevTools WebSocket Command: Runtime.callFunctionOn (id=374) (session_id=020896624AC3A50119819791F246C3B0) 0D5EDC095436449006366D111B2AD7EB {
   "arguments": [  ],
   "awaitPromise": true,
   "functionDeclaration": "function(){ return (function() { // Copyright 2012 The Chromium Authors\n// Use of this source code is governed by a BSD-style license that can be\n// found in the LICENSE file.\n\n/**\n * Enum for WebD...",
   "serializationOptions": {
      "serialization": "deep"
   },
   "uniqueContextId": "541189270087960800.1669561289184730967"
}
[1762305290.130][DEBUG]: DevTools WebSocket Response: Runtime.callFunctionOn (id=374) (session_id=020896624AC3A50119819791F246C3B0) 0D5EDC095436449006366D111B2AD7EB {
   "result": {
      "className": "Array",
      "deepSerializedValue": {
         "type": "array",
         "value": [ {
            "type": "string",
            "value": "{\"status\":0,\"value\":[{\"element-6066-11e4-a52e-4f735466cecf\":0}]}"
         }, {
            "type": "node",
            "value": {
               "attributes": {
                  "class": "layout__content",
                  "data-test-id": "layout-content",
                  "data-v-c549f0a3": "",
                  "id": "main",
                  "tabindex": "-1"
               },
               "backendNodeId": 56,
               "childNodeCount": 3,
               "loaderId": "4F24EC93BC6F47E1B559756D6C051EEB",
               "localName": "main",
               "namespaceURI": "http://www.w3.org/1999/xhtml",
               "nodeType": 1,
               "shadowRoot": null
            }
         } ]
      },
      "description": "Array(2)",
      "objectId": "1465936456213613148.3.26",
      "subtype": "array",
      "type": "object"
   }
}
[1762305290.130][INFO]: Waiting for pending navigations...
[1762305290.130][DEBUG]: DevTools WebSocket Command: Runtime.evaluate (id=375) (session_id=020896624AC3A50119819791F246C3B0) 0D5EDC095436449006366D111B2AD7EB {
   "expression": "1"
}
[1762305290.131][DEBUG]: DevTools WebSocket Response: Runtime.evaluate (id=375) (session_id=020896624AC3A50119819791F246C3B0) 0D5EDC095436449006366D111B2AD7EB {
   "result": {
      "description": "1",
      "type": "number",
      "value": 1
   }
}
[1762305290.131][INFO]: Done waiting for pending navigations. Status: ok
[1762305290.131][INFO]: [4c8a8d7329e980191e11d5349f9c329c] RESPONSE FindElements [ {
   "element-6066-11e4-a52e-4f735466cecf": "f.0D5EDC095436449006366D111B2AD7EB.d.4F24EC93BC6F47E1B559756D6C051EEB.e.56"
} ]
[1762305290.133][INFO]: [4c8a8d7329e980191e11d5349f9c329c] COMMAND GetElementText {
   "id": "f.0D5EDC095436449006366D111B2AD7EB.d.4F24EC93BC6F47E1B559756D6C051EEB.e.56"
}
[1762305290.133][INFO]: Waiting for pending navigations...
[1762305290.133][DEBUG]: DevTools WebSocket Command: Runtime.evaluate (id=376) (session_id=020896624AC3A50119819791F246C3B0) 0D5EDC095436449006366D111B2AD7EB {
   "expression": "1"
}
[1762305290.133][DEBUG]: DevTools WebSocket Response: Runtime.evaluate (id=376) (session_id=020896624AC3A50119819791F246C3B0) 0D5EDC095436449006366D111B2AD7EB {
   "result": {
      "description": "1",
      "type": "number",
      "value": 1
   }
}
[1762305290.133][INFO]: Done waiting for pending navigations. Status: ok
[1762305290.133][DEBUG]: DevTools WebSocket Command: Page.getFrameTree (id=377) (session_id=020896624AC3A50119819791F246C3B0) 0D5EDC095436449006366D111B2AD7EB {
}
[1762305290.134][DEBUG]: DevTools WebSocket Response: Page.getFrameTree (id=377) (session_id=020896624AC3A50119819791F246C3B0) 0D5EDC095436449006366D111B2AD7EB {
   "frameTree": {
      "childFrames": [ {
         "frame": {
            "adFrameStatus": {
               "adFrameType": "none",
               "explanations": [  ]
            },
            "crossOriginIsolatedContextType": "NotIsolated",
            "domainAndRegistry": "",
            "gatedAPIFeatures": [  ],
            "id": "2F717275A5C0646B4492B2C77BAD5047",
            "loaderId": "E7FE12CC243CD812B41B3C1C3A69BBE7",
            "mimeType": "text/html",
            "name": "__tcfapiLocator",
            "parentId": "0D5EDC095436449006366D111B2AD7EB",
            "secureContextType": "Secure",
            "securityOrigin": "://",
            "securityOriginDetails": {
               "isLocalhost": false
            },
            "url": "about:blank"
         }
      } ],
      "frame": {
         "adFrameStatus": {
            "adFrameType": "none"
         },
         "crossOriginIsolatedContextType": "NotIsolated",
         "domainAndRegistry": "ecosia.org",
         "gatedAPIFeatures": [  ],
         "id": "0D5EDC095436449006366D111B2AD7EB",
         "loaderId": "4F24EC93BC6F47E1B559756D6C051EEB",
         "mimeType": "text/html",
         "secureContextType": "Secure",
         "securityOrigin": "https://www.ecosia.org",
         "securityOriginDetails": {
            "isLocalhost": false
         },
         "url": "https://www.ecosia.org/search?method=index&q=nightwatch"
      }
   }
}
[1762305290.134][DEBUG]: DevTools WebSocket Command: DOM.resolveNode (id=378) (session_id=020896624AC3A50119819791F246C3B0) 0D5EDC095436449006366D111B2AD7EB {
   "backendNodeId": 56,
   "objectGroup": "fde798f2-1e06-4669-b488-92f8fb665f4e"
}
[1762305290.134][DEBUG]: DevTools WebSocket Response: DOM.resolveNode (id=378) (session_id=020896624AC3A50119819791F246C3B0) 0D5EDC095436449006366D111B2AD7EB {
   "object": {
      "className": "HTMLElement",
      "description": "main#main.layout__content",
      "objectId": "1465936456213613148.3.27",
      "subtype": "node",
      "type": "object"
   }
}
[1762305290.134][DEBUG]: DevTools WebSocket Command: Page.getFrameTree (id=379) (session_id=020896624AC3A50119819791F246C3B0) 0D5EDC095436449006366D111B2AD7EB {
}
[1762305290.135][DEBUG]: DevTools WebSocket Response: Page.getFrameTree (id=379) (session_id=020896624AC3A50119819791F246C3B0) 0D5EDC095436449006366D111B2AD7EB {
   "frameTree": {
      "childFrames": [ {
         "frame": {
            "adFrameStatus": {
               "adFrameType": "none",
               "explanations": [  ]
            },
            "crossOriginIsolatedContextType": "NotIsolated",
            "domainAndRegistry": "",
            "gatedAPIFeatures": [  ],
            "id": "2F717275A5C0646B4492B2C77BAD5047",
            "loaderId": "E7FE12CC243CD812B41B3C1C3A69BBE7",
            "mimeType": "text/html",
            "name": "__tcfapiLocator",
            "parentId": "0D5EDC095436449006366D111B2AD7EB",
            "secureContextType": "Secure",
            "securityOrigin": "://",
            "securityOriginDetails": {
               "isLocalhost": false
            },
            "url": "about:blank"
         }
      } ],
      "frame": {
         "adFrameStatus": {
            "adFrameType": "none"
         },
         "crossOriginIsolatedContextType": "NotIsolated",
         "domainAndRegistry": "ecosia.org",
         "gatedAPIFeatures": [  ],
         "id": "0D5EDC095436449006366D111B2AD7EB",
         "loaderId": "4F24EC93BC6F47E1B559756D6C051EEB",
         "mimeType": "text/html",
         "secureContextType": "Secure",
         "securityOrigin": "https://www.ecosia.org",
         "securityOriginDetails": {
            "isLocalhost": false
         },
         "url": "https://www.ecosia.org/search?method=index&q=nightwatch"
      }
   }
}
[1762305290.136][DEBUG]: DevTools WebSocket Command: Runtime.callFunctionOn (id=380) (session_id=020896624AC3A50119819791F246C3B0) 0D5EDC095436449006366D111B2AD7EB {
   "arguments": [ {
      "objectId": "1465936456213613148.3.27"
   } ],
   "awaitPromise": true,
   "functionDeclaration": "function(){ return (function() { // Copyright 2012 The Chromium Authors\n// Use of this source code is governed by a BSD-style license that can be\n// found in the LICENSE file.\n\n/**\n * Enum for WebD...",
   "objectGroup": "fde798f2-1e06-4669-b488-92f8fb665f4e",
   "serializationOptions": {
      "serialization": "deep"
   },
   "uniqueContextId": "541189270087960800.1669561289184730967"
}
[1762305290.234][DEBUG]: DevTools WebSocket Response: Runtime.callFunctionOn (id=380) (session_id=020896624AC3A50119819791F246C3B0) 0D5EDC095436449006366D111B2AD7EB {
   "result": {
      "className": "Array",
      "deepSerializedValue": {
         "type": "array",
         "value": [ {
            "type": "string",
            "value": "{\"status\":0,\"value\":\"Buscar\\nNightwatch (película)\\nNightwatch es una película de terror, thriller estrenada en 1997 dirigida por Ole Bornedal y protagonizada por Ewan McGregor, Patricia Arquette..."
         } ]
      },
      "description": "Array(1)",
      "objectId": "1465936456213613148.3.28",
      "subtype": "array",
      "type": "object"
   }
}
[1762305290.234][DEBUG]: DevTools WebSocket Command: Runtime.releaseObjectGroup (id=381) (session_id=020896624AC3A50119819791F246C3B0) 0D5EDC095436449006366D111B2AD7EB {
   "objectGroup": "fde798f2-1e06-4669-b488-92f8fb665f4e"
}
[1762305290.234][INFO]: Waiting for pending navigations...
[1762305290.234][DEBUG]: DevTools WebSocket Command: Runtime.evaluate (id=382) (session_id=020896624AC3A50119819791F246C3B0) 0D5EDC095436449006366D111B2AD7EB {
   "expression": "1"
}
[1762305290.234][DEBUG]: DevTools WebSocket Response: Runtime.releaseObjectGroup (id=381) (session_id=020896624AC3A50119819791F246C3B0) 0D5EDC095436449006366D111B2AD7EB {
}
[1762305290.234][DEBUG]: DevTools WebSocket Response: Runtime.evaluate (id=382) (session_id=020896624AC3A50119819791F246C3B0) 0D5EDC095436449006366D111B2AD7EB {
   "result": {
      "description": "1",
      "type": "number",
      "value": 1
   }
}
[1762305290.234][INFO]: Done waiting for pending navigations. Status: ok
[1762305290.234][INFO]: [4c8a8d7329e980191e11d5349f9c329c] RESPONSE GetElementText "Buscar\nNightwatch (película)\nNightwatch es una película de terror, thriller estrenada en 1997 dirigida por Ole Bornedal y protagonizada por Ewan McGregor, Patricia Arquette, Josh Brolin y Nick No..."
[1762305290.738][INFO]: [4c8a8d7329e980191e11d5349f9c329c] COMMAND FindElements {
   "using": "css selector",
   "value": ".layout__content"
}
[1762305290.738][INFO]: Waiting for pending navigations...
[1762305290.738][DEBUG]: DevTools WebSocket Command: Runtime.evaluate (id=383) (session_id=020896624AC3A50119819791F246C3B0) 0D5EDC095436449006366D111B2AD7EB {
   "expression": "1"
}
[1762305290.738][DEBUG]: DevTools WebSocket Response: Runtime.evaluate (id=383) (session_id=020896624AC3A50119819791F246C3B0) 0D5EDC095436449006366D111B2AD7EB {
   "result": {
      "description": "1",
      "type": "number",
      "value": 1
   }
}
[1762305290.738][INFO]: Done waiting for pending navigations. Status: ok
[1762305290.738][DEBUG]: DevTools WebSocket Command: Page.getFrameTree (id=384) (session_id=020896624AC3A50119819791F246C3B0) 0D5EDC095436449006366D111B2AD7EB {
}
[1762305290.739][DEBUG]: DevTools WebSocket Response: Page.getFrameTree (id=384) (session_id=020896624AC3A50119819791F246C3B0) 0D5EDC095436449006366D111B2AD7EB {
   "frameTree": {
      "childFrames": [ {
         "frame": {
            "adFrameStatus": {
               "adFrameType": "none",
               "explanations": [  ]
            },
            "crossOriginIsolatedContextType": "NotIsolated",
            "domainAndRegistry": "",
            "gatedAPIFeatures": [  ],
            "id": "2F717275A5C0646B4492B2C77BAD5047",
            "loaderId": "E7FE12CC243CD812B41B3C1C3A69BBE7",
            "mimeType": "text/html",
            "name": "__tcfapiLocator",
            "parentId": "0D5EDC095436449006366D111B2AD7EB",
            "secureContextType": "Secure",
            "securityOrigin": "://",
            "securityOriginDetails": {
               "isLocalhost": false
            },
            "url": "about:blank"
         }
      } ],
      "frame": {
         "adFrameStatus": {
            "adFrameType": "none"
         },
         "crossOriginIsolatedContextType": "NotIsolated",
         "domainAndRegistry": "ecosia.org",
         "gatedAPIFeatures": [  ],
         "id": "0D5EDC095436449006366D111B2AD7EB",
         "loaderId": "4F24EC93BC6F47E1B559756D6C051EEB",
         "mimeType": "text/html",
         "secureContextType": "Secure",
         "securityOrigin": "https://www.ecosia.org",
         "securityOriginDetails": {
            "isLocalhost": false
         },
         "url": "https://www.ecosia.org/search?method=index&q=nightwatch"
      }
   }
}
[1762305290.739][DEBUG]: DevTools WebSocket Command: Page.getFrameTree (id=385) (session_id=020896624AC3A50119819791F246C3B0) 0D5EDC095436449006366D111B2AD7EB {
}
[1762305290.739][DEBUG]: DevTools WebSocket Response: Page.getFrameTree (id=385) (session_id=020896624AC3A50119819791F246C3B0) 0D5EDC095436449006366D111B2AD7EB {
   "frameTree": {
      "childFrames": [ {
         "frame": {
            "adFrameStatus": {
               "adFrameType": "none",
               "explanations": [  ]
            },
            "crossOriginIsolatedContextType": "NotIsolated",
            "domainAndRegistry": "",
            "gatedAPIFeatures": [  ],
            "id": "2F717275A5C0646B4492B2C77BAD5047",
            "loaderId": "E7FE12CC243CD812B41B3C1C3A69BBE7",
            "mimeType": "text/html",
            "name": "__tcfapiLocator",
            "parentId": "0D5EDC095436449006366D111B2AD7EB",
            "secureContextType": "Secure",
            "securityOrigin": "://",
            "securityOriginDetails": {
               "isLocalhost": false
            },
            "url": "about:blank"
         }
      } ],
      "frame": {
         "adFrameStatus": {
            "adFrameType": "none"
         },
         "crossOriginIsolatedContextType": "NotIsolated",
         "domainAndRegistry": "ecosia.org",
         "gatedAPIFeatures": [  ],
         "id": "0D5EDC095436449006366D111B2AD7EB",
         "loaderId": "4F24EC93BC6F47E1B559756D6C051EEB",
         "mimeType": "text/html",
         "secureContextType": "Secure",
         "securityOrigin": "https://www.ecosia.org",
         "securityOriginDetails": {
            "isLocalhost": false
         },
         "url": "https://www.ecosia.org/search?method=index&q=nightwatch"
      }
   }
}
[1762305290.740][DEBUG]: DevTools WebSocket Command: Runtime.callFunctionOn (id=386) (session_id=020896624AC3A50119819791F246C3B0) 0D5EDC095436449006366D111B2AD7EB {
   "arguments": [  ],
   "awaitPromise": true,
   "functionDeclaration": "function(){ return (function() { // Copyright 2012 The Chromium Authors\n// Use of this source code is governed by a BSD-style license that can be\n// found in the LICENSE file.\n\n/**\n * Enum for WebD...",
   "serializationOptions": {
      "serialization": "deep"
   },
   "uniqueContextId": "541189270087960800.1669561289184730967"
}
[1762305290.742][DEBUG]: DevTools WebSocket Response: Runtime.callFunctionOn (id=386) (session_id=020896624AC3A50119819791F246C3B0) 0D5EDC095436449006366D111B2AD7EB {
   "result": {
      "className": "Array",
      "deepSerializedValue": {
         "type": "array",
         "value": [ {
            "type": "string",
            "value": "{\"status\":0,\"value\":[{\"element-6066-11e4-a52e-4f735466cecf\":0}]}"
         }, {
            "type": "node",
            "value": {
               "attributes": {
                  "class": "layout__content",
                  "data-test-id": "layout-content",
                  "data-v-c549f0a3": "",
                  "id": "main",
                  "tabindex": "-1"
               },
               "backendNodeId": 56,
               "childNodeCount": 3,
               "loaderId": "4F24EC93BC6F47E1B559756D6C051EEB",
               "localName": "main",
               "namespaceURI": "http://www.w3.org/1999/xhtml",
               "nodeType": 1,
               "shadowRoot": null
            }
         } ]
      },
      "description": "Array(2)",
      "objectId": "1465936456213613148.3.29",
      "subtype": "array",
      "type": "object"
   }
}
[1762305290.742][INFO]: Waiting for pending navigations...
[1762305290.742][DEBUG]: DevTools WebSocket Command: Runtime.evaluate (id=387) (session_id=020896624AC3A50119819791F246C3B0) 0D5EDC095436449006366D111B2AD7EB {
   "expression": "1"
}
[1762305290.742][DEBUG]: DevTools WebSocket Response: Runtime.evaluate (id=387) (session_id=020896624AC3A50119819791F246C3B0) 0D5EDC095436449006366D111B2AD7EB {
   "result": {
      "description": "1",
      "type": "number",
      "value": 1
   }
}
[1762305290.742][INFO]: Done waiting for pending navigations. Status: ok
[1762305290.742][INFO]: [4c8a8d7329e980191e11d5349f9c329c] RESPONSE FindElements [ {
   "element-6066-11e4-a52e-4f735466cecf": "f.0D5EDC095436449006366D111B2AD7EB.d.4F24EC93BC6F47E1B559756D6C051EEB.e.56"
} ]
[1762305290.743][INFO]: [4c8a8d7329e980191e11d5349f9c329c] COMMAND GetElementText {
   "id": "f.0D5EDC095436449006366D111B2AD7EB.d.4F24EC93BC6F47E1B559756D6C051EEB.e.56"
}
[1762305290.743][INFO]: Waiting for pending navigations...
[1762305290.743][DEBUG]: DevTools WebSocket Command: Runtime.evaluate (id=388) (session_id=020896624AC3A50119819791F246C3B0) 0D5EDC095436449006366D111B2AD7EB {
   "expression": "1"
}
[1762305290.743][DEBUG]: DevTools WebSocket Response: Runtime.evaluate (id=388) (session_id=020896624AC3A50119819791F246C3B0) 0D5EDC095436449006366D111B2AD7EB {
   "result": {
      "description": "1",
      "type": "number",
      "value": 1
   }
}
[1762305290.743][INFO]: Done waiting for pending navigations. Status: ok
[1762305290.743][DEBUG]: DevTools WebSocket Command: Page.getFrameTree (id=389) (session_id=020896624AC3A50119819791F246C3B0) 0D5EDC095436449006366D111B2AD7EB {
}
[1762305290.743][DEBUG]: DevTools WebSocket Response: Page.getFrameTree (id=389) (session_id=020896624AC3A50119819791F246C3B0) 0D5EDC095436449006366D111B2AD7EB {
   "frameTree": {
      "childFrames": [ {
         "frame": {
            "adFrameStatus": {
               "adFrameType": "none",
               "explanations": [  ]
            },
            "crossOriginIsolatedContextType": "NotIsolated",
            "domainAndRegistry": "",
            "gatedAPIFeatures": [  ],
            "id": "2F717275A5C0646B4492B2C77BAD5047",
            "loaderId": "E7FE12CC243CD812B41B3C1C3A69BBE7",
            "mimeType": "text/html",
            "name": "__tcfapiLocator",
            "parentId": "0D5EDC095436449006366D111B2AD7EB",
            "secureContextType": "Secure",
            "securityOrigin": "://",
            "securityOriginDetails": {
               "isLocalhost": false
            },
            "url": "about:blank"
         }
      } ],
      "frame": {
         "adFrameStatus": {
            "adFrameType": "none"
         },
         "crossOriginIsolatedContextType": "NotIsolated",
         "domainAndRegistry": "ecosia.org",
         "gatedAPIFeatures": [  ],
         "id": "0D5EDC095436449006366D111B2AD7EB",
         "loaderId": "4F24EC93BC6F47E1B559756D6C051EEB",
         "mimeType": "text/html",
         "secureContextType": "Secure",
         "securityOrigin": "https://www.ecosia.org",
         "securityOriginDetails": {
            "isLocalhost": false
         },
         "url": "https://www.ecosia.org/search?method=index&q=nightwatch"
      }
   }
}
[1762305290.743][DEBUG]: DevTools WebSocket Command: DOM.resolveNode (id=390) (session_id=020896624AC3A50119819791F246C3B0) 0D5EDC095436449006366D111B2AD7EB {
   "backendNodeId": 56,
   "objectGroup": "abc471b0-7e25-4fb0-8305-2a3fb44bf7a8"
}
[1762305290.743][DEBUG]: DevTools WebSocket Response: DOM.resolveNode (id=390) (session_id=020896624AC3A50119819791F246C3B0) 0D5EDC095436449006366D111B2AD7EB {
   "object": {
      "className": "HTMLElement",
      "description": "main#main.layout__content",
      "objectId": "1465936456213613148.3.30",
      "subtype": "node",
      "type": "object"
   }
}
[1762305290.743][DEBUG]: DevTools WebSocket Command: Page.getFrameTree (id=391) (session_id=020896624AC3A50119819791F246C3B0) 0D5EDC095436449006366D111B2AD7EB {
}
[1762305290.744][DEBUG]: DevTools WebSocket Response: Page.getFrameTree (id=391) (session_id=020896624AC3A50119819791F246C3B0) 0D5EDC095436449006366D111B2AD7EB {
   "frameTree": {
      "childFrames": [ {
         "frame": {
            "adFrameStatus": {
               "adFrameType": "none",
               "explanations": [  ]
            },
            "crossOriginIsolatedContextType": "NotIsolated",
            "domainAndRegistry": "",
            "gatedAPIFeatures": [  ],
            "id": "2F717275A5C0646B4492B2C77BAD5047",
            "loaderId": "E7FE12CC243CD812B41B3C1C3A69BBE7",
            "mimeType": "text/html",
            "name": "__tcfapiLocator",
            "parentId": "0D5EDC095436449006366D111B2AD7EB",
            "secureContextType": "Secure",
            "securityOrigin": "://",
            "securityOriginDetails": {
               "isLocalhost": false
            },
            "url": "about:blank"
         }
      } ],
      "frame": {
         "adFrameStatus": {
            "adFrameType": "none"
         },
         "crossOriginIsolatedContextType": "NotIsolated",
         "domainAndRegistry": "ecosia.org",
         "gatedAPIFeatures": [  ],
         "id": "0D5EDC095436449006366D111B2AD7EB",
         "loaderId": "4F24EC93BC6F47E1B559756D6C051EEB",
         "mimeType": "text/html",
         "secureContextType": "Secure",
         "securityOrigin": "https://www.ecosia.org",
         "securityOriginDetails": {
            "isLocalhost": false
         },
         "url": "https://www.ecosia.org/search?method=index&q=nightwatch"
      }
   }
}
[1762305290.744][DEBUG]: DevTools WebSocket Command: Runtime.callFunctionOn (id=392) (session_id=020896624AC3A50119819791F246C3B0) 0D5EDC095436449006366D111B2AD7EB {
   "arguments": [ {
      "objectId": "1465936456213613148.3.30"
   } ],
   "awaitPromise": true,
   "functionDeclaration": "function(){ return (function() { // Copyright 2012 The Chromium Authors\n// Use of this source code is governed by a BSD-style license that can be\n// found in the LICENSE file.\n\n/**\n * Enum for WebD...",
   "objectGroup": "abc471b0-7e25-4fb0-8305-2a3fb44bf7a8",
   "serializationOptions": {
      "serialization": "deep"
   },
   "uniqueContextId": "541189270087960800.1669561289184730967"
}
[1762305290.814][DEBUG]: DevTools WebSocket Response: Runtime.callFunctionOn (id=392) (session_id=020896624AC3A50119819791F246C3B0) 0D5EDC095436449006366D111B2AD7EB {
   "result": {
      "className": "Array",
      "deepSerializedValue": {
         "type": "array",
         "value": [ {
            "type": "string",
            "value": "{\"status\":0,\"value\":\"Buscar\\nNightwatch (película)\\nNightwatch es una película de terror, thriller estrenada en 1997 dirigida por Ole Bornedal y protagonizada por Ewan McGregor, Patricia Arquette..."
         } ]
      },
      "description": "Array(1)",
      "objectId": "1465936456213613148.3.31",
      "subtype": "array",
      "type": "object"
   }
}
[1762305290.814][DEBUG]: DevTools WebSocket Command: Runtime.releaseObjectGroup (id=393) (session_id=020896624AC3A50119819791F246C3B0) 0D5EDC095436449006366D111B2AD7EB {
   "objectGroup": "abc471b0-7e25-4fb0-8305-2a3fb44bf7a8"
}
[1762305290.814][INFO]: Waiting for pending navigations...
[1762305290.814][DEBUG]: DevTools WebSocket Command: Runtime.evaluate (id=394) (session_id=020896624AC3A50119819791F246C3B0) 0D5EDC095436449006366D111B2AD7EB {
   "expression": "1"
}
[1762305290.815][DEBUG]: DevTools WebSocket Response: Runtime.releaseObjectGroup (id=393) (session_id=020896624AC3A50119819791F246C3B0) 0D5EDC095436449006366D111B2AD7EB {
}
[1762305290.815][DEBUG]: DevTools WebSocket Response: Runtime.evaluate (id=394) (session_id=020896624AC3A50119819791F246C3B0) 0D5EDC095436449006366D111B2AD7EB {
   "result": {
      "description": "1",
      "type": "number",
      "value": 1
   }
}
[1762305290.815][INFO]: Done waiting for pending navigations. Status: ok
[1762305290.815][INFO]: [4c8a8d7329e980191e11d5349f9c329c] RESPONSE GetElementText "Buscar\nNightwatch (película)\nNightwatch es una película de terror, thriller estrenada en 1997 dirigida por Ole Bornedal y protagonizada por Ewan McGregor, Patricia Arquette, Josh Brolin y Nick No..."
[1762305290.874][INFO]: [4c8a8d7329e980191e11d5349f9c329c] COMMAND Quit {
}
[1762305290.925][INFO]: [4c8a8d7329e980191e11d5349f9c329c] RESPONSE Quit
[1762305290.925][DEBUG]: Log type 'driver' lost 0 entries on destruction
[1762305290.925][DEBUG]: Log type 'browser' lost 1 entries on destruction
