Starting ChromeDriver 142.0.7444.59 (4b8153ab58d3c3f4c9f7e4baad9616ecf80db5fa-refs/branch-heads/7444_52@{#4}) on port 9515
Only local connections are allowed.
Please see https://chromedriver.chromium.org/security-considerations for suggestions on keeping ChromeDriver safe.
ChromeDriver was started successfully on port 9515.
[1762356511.768][INFO]: [5dd5ad9cb758ee0a51bcfe57cd02220c] COMMAND InitSession {
   "capabilities": {
      "alwaysMatch": {
         "browserName": "chrome",
         "goog:chromeOptions": {
         }
      },
      "firstMatch": [ {
      } ]
   }
}
[1762356511.768][INFO]: Browser search. Trying... /home/danlois/Development/Proyectos/En Desarrollo/portaflio-v3/node_modules/.pnpm/chromedriver@142.0.0/node_modules/chromedriver/lib/chromedriver/chrome
[1762356511.768][INFO]: Browser search. Trying... /home/danlois/Development/Proyectos/En Desarrollo/portaflio-v3/node_modules/.pnpm/chromedriver@142.0.0/node_modules/chromedriver/lib/chromedriver/chrome
[1762356511.768][INFO]: Browser search. Trying... /home/danlois/Development/Proyectos/En Desarrollo/portaflio-v3/node_modules/.pnpm/chromedriver@142.0.0/node_modules/chromedriver/lib/chromedriver/google-chrome
[1762356511.768][INFO]: Browser search. Trying... /home/danlois/Development/Proyectos/En Desarrollo/portaflio-v3/node_modules/.pnpm/chromedriver@142.0.0/node_modules/chromedriver/lib/chromedriver/chromium
[1762356511.768][INFO]: Browser search. Trying... /home/danlois/Development/Proyectos/En Desarrollo/portaflio-v3/node_modules/.pnpm/chromedriver@142.0.0/node_modules/chromedriver/lib/chromedriver/chromium-browser
[1762356511.768][INFO]: Browser search. Trying... /usr/local/sbin/chrome
[1762356511.768][INFO]: Browser search. Trying... /usr/local/bin/chrome
[1762356511.768][INFO]: Browser search. Trying... /usr/sbin/chrome
[1762356511.768][INFO]: Browser search. Trying... /usr/bin/chrome
[1762356511.768][INFO]: Browser search. Trying... /sbin/chrome
[1762356511.768][INFO]: Browser search. Trying... /bin/chrome
[1762356511.768][INFO]: Browser search. Trying... /opt/google/chrome/chrome
[1762356511.768][INFO]: Browser search. Found at  /opt/google/chrome/chrome
[1762356511.768][INFO]: Populating Preferences file: {
   "alternate_error_pages": {
      "enabled": false
   },
   "autofill": {
      "enabled": false
   },
   "browser": {
      "check_default_browser": false
   },
   "distribution": {
      "import_bookmarks": false,
      "import_history": false,
      "import_search_engine": false,
      "make_chrome_default_for_user": false,
      "skip_first_run_ui": true
   },
   "dns_prefetching": {
      "enabled": false
   },
   "profile": {
      "content_settings": {
         "pattern_pairs": {
            "https://*,*": {
               "media-stream": {
                  "audio": "Default",
                  "video": "Default"
               }
            }
         }
      },
      "default_content_setting_values": {
         "geolocation": 1
      },
      "default_content_settings": {
         "geolocation": 1,
         "mouselock": 1,
         "notifications": 1,
         "popups": 1,
         "ppapi-broker": 1
      },
      "password_manager_enabled": false
   },
   "safebrowsing": {
      "enabled": false
   },
   "search": {
      "suggest_enabled": false
   },
   "translate": {
      "enabled": false
   }
}
[1762356511.768][INFO]: Populating Local State file: {
   "background_mode": {
      "enabled": false
   },
   "ssl": {
      "rev_checking": {
         "enabled": false
      }
   }
}
[1762356511.768][INFO]: ChromeDriver supports communication with Chrome via pipes. This is more reliable and more secure.
[1762356511.768][INFO]: Use the --remote-debugging-pipe Chrome switch instead of the default --remote-debugging-port to enable this communication mode.
[1762356511.768][INFO]: Launching chrome: /opt/google/chrome/chrome --allow-pre-commit-input --disable-background-networking --disable-client-side-phishing-detection --disable-default-apps --disable-features=IgnoreDuplicateNavs,Prewarm --disable-hang-monitor --disable-popup-blocking --disable-prompt-on-repost --disable-sync --enable-automation --enable-logging=stderr --log-level=0 --no-first-run --no-service-autorun --password-store=basic --remote-debugging-port=0 --test-type=webdriver --use-mock-keychain --user-data-dir=/tmp/.org.chromium.Chromium.scoped_dir.MAG1Nf data:,
[1105/162831.779070:WARNING:chrome/app/chrome_main_linux.cc:82] Read channel stable from /opt/google/chrome/CHROME_VERSION_EXTRA
[67653:67653:1105/162831.847548:INFO:components/enterprise/browser/controller/chrome_browser_cloud_management_controller.cc:206] No machine level policy manager exists.

DevTools listening on ws://127.0.0.1:41989/devtools/browser/959610ad-c4cc-454a-a7d6-e21d8a474d3d
[1762356511.924][DEBUG]: DevTools HTTP Request: http://localhost:41989/json/version
[67690:67690:1105/162831.945840:ERROR:media/gpu/vaapi/vaapi_wrapper.cc:1653] Installed VAAPI version is too old. min supported version: 1.17 installed version: 1.14
[67690:67690:1105/162831.955120:WARNING:sandbox/policy/linux/sandbox_linux.cc:404] InitializeSandbox() called with multiple threads in process gpu-process.
[1762356511.962][DEBUG]: DevTools HTTP Response: {
   "Browser": "Chrome/142.0.7444.59",
   "Protocol-Version": "1.3",
   "User-Agent": "Mozilla/5.0 (X11; Linux x86_64) AppleWebKit/537.36 (KHTML, like Gecko) Chrome/142.0.0.0 Safari/537.36",
   "V8-Version": "14.2.231.14",
   "WebKit-Version": "537.36 (@4b8153ab58d3c3f4c9f7e4baad9616ecf80db5fa)",
   "webSocketDebuggerUrl": "ws://localhost:41989/devtools/browser/959610ad-c4cc-454a-a7d6-e21d8a474d3d"
}

[1762356511.962][DEBUG]: DevTools HTTP Request: http://localhost:41989/json/list
[1762356512.014][DEBUG]: DevTools HTTP Response: [ {
   "description": "",
   "devtoolsFrontendUrl": "https://chrome-devtools-frontend.appspot.com/serve_rev/@4b8153ab58d3c3f4c9f7e4baad9616ecf80db5fa/inspector.html?ws=localhost:41989/devtools/page/63163AC2DBA8772733A5A69B0BB490D8",
   "id": "63163AC2DBA8772733A5A69B0BB490D8",
   "title": "",
   "type": "page",
   "url": "data:,",
   "webSocketDebuggerUrl": "ws://localhost:41989/devtools/page/63163AC2DBA8772733A5A69B0BB490D8"
} ]

[1762356512.014][INFO]: resolved localhost to ["127.0.0.1"]
[1762356512.017][DEBUG]: DevTools WebSocket Command: Target.getTargets (id=1) (session_id=) browser {
   "filter": [ {
      "exclude": true,
      "type": "browser"
   }, {
      "exclude": true,
      "type": "page"
   }, {
      "exclude": false
   } ]
}
[1762356512.018][DEBUG]: DevTools WebSocket Response: Target.getTargets (id=1) (session_id=) browser {
   "targetInfos": [ {
      "attached": false,
      "browserContextId": "70206EBFDF6D4B68E6E34D542E179289",
      "canAccessOpener": false,
      "targetId": "054E2DD8DBA0221A99840E5FB354F68A",
      "title": "",
      "type": "tab",
      "url": "data:,"
   } ]
}
[1762356512.018][DEBUG]: DevTools WebSocket Command: Target.attachToTarget (id=2) (session_id=) browser {
   "flatten": true,
   "targetId": "054E2DD8DBA0221A99840E5FB354F68A"
}
[1762356512.022][DEBUG]: DevTools WebSocket Event: Target.attachedToTarget (session_id=) browser {
   "sessionId": "84CE50934FF48EAD4E03B1C85AA2444B",
   "targetInfo": {
      "attached": true,
      "browserContextId": "70206EBFDF6D4B68E6E34D542E179289",
      "canAccessOpener": false,
      "targetId": "054E2DD8DBA0221A99840E5FB354F68A",
      "title": "",
      "type": "tab",
      "url": "data:,"
   },
   "waitingForDebugger": false
}
[1762356512.022][DEBUG]: DevTools WebSocket Response: Target.attachToTarget (id=2) (session_id=) browser {
   "sessionId": "84CE50934FF48EAD4E03B1C85AA2444B"
}
[1762356512.022][DEBUG]: DevTools WebSocket Command: Target.setAutoAttach (id=3) (session_id=84CE50934FF48EAD4E03B1C85AA2444B) 054E2DD8DBA0221A99840E5FB354F68A {
   "autoAttach": true,
   "flatten": true,
   "waitForDebuggerOnStart": false
}
[1762356512.079][DEBUG]: DevTools WebSocket Event: Target.attachedToTarget (session_id=84CE50934FF48EAD4E03B1C85AA2444B) 054E2DD8DBA0221A99840E5FB354F68A {
   "sessionId": "4DCB025D4F4ED801B3571B81546B2590",
   "targetInfo": {
      "attached": true,
      "browserContextId": "70206EBFDF6D4B68E6E34D542E179289",
      "canAccessOpener": false,
      "targetId": "63163AC2DBA8772733A5A69B0BB490D8",
      "title": "",
      "type": "page",
      "url": "data:,"
   },
   "waitingForDebugger": false
}
[1762356512.079][DEBUG]: DevTools WebSocket Command: Page.enable (id=4) (session_id=4DCB025D4F4ED801B3571B81546B2590) 63163AC2DBA8772733A5A69B0BB490D8 {
}
[1762356512.079][DEBUG]: DevTools WebSocket Command: Page.addScriptToEvaluateOnNewDocument (id=5) (session_id=4DCB025D4F4ED801B3571B81546B2590) 63163AC2DBA8772733A5A69B0BB490D8 {
   "source": "(function () {window.cdc_adoQpoasnfa76pfcZLmcfl_Array = window.Array;window.cdc_adoQpoasnfa76pfcZLmcfl_Object = window.Object;window.cdc_adoQpoasnfa76pfcZLmcfl_Promise = window.Promise;window.cdc_a..."
}
[1762356512.079][DEBUG]: DevTools WebSocket Command: Runtime.evaluate (id=6) (session_id=4DCB025D4F4ED801B3571B81546B2590) 63163AC2DBA8772733A5A69B0BB490D8 {
   "expression": "(function () {window.cdc_adoQpoasnfa76pfcZLmcfl_Array = window.Array;window.cdc_adoQpoasnfa76pfcZLmcfl_Object = window.Object;window.cdc_adoQpoasnfa76pfcZLmcfl_Promise = window.Promise;window.cdc_a..."
}
[1762356512.079][DEBUG]: DevTools WebSocket Command: Log.enable (id=7) (session_id=4DCB025D4F4ED801B3571B81546B2590) 63163AC2DBA8772733A5A69B0BB490D8 {
}
[1762356512.079][DEBUG]: DevTools WebSocket Command: Target.setAutoAttach (id=8) (session_id=4DCB025D4F4ED801B3571B81546B2590) 63163AC2DBA8772733A5A69B0BB490D8 {
   "autoAttach": true,
   "flatten": true,
   "waitForDebuggerOnStart": false
}
[1762356512.079][DEBUG]: DevTools WebSocket Response: Target.setAutoAttach (id=3) (session_id=84CE50934FF48EAD4E03B1C85AA2444B) 054E2DD8DBA0221A99840E5FB354F68A {
}
[67653:67653:1105/162832.079773:WARNING:ui/base/idle/idle_linux.cc:98] None of the known D-Bus ScreenSaver services could be used.
[1762356512.085][DEBUG]: DevTools WebSocket Response: Page.enable (id=4) (session_id=4DCB025D4F4ED801B3571B81546B2590) 63163AC2DBA8772733A5A69B0BB490D8 {
}
[1762356512.085][DEBUG]: DevTools WebSocket Response: Page.addScriptToEvaluateOnNewDocument (id=5) (session_id=4DCB025D4F4ED801B3571B81546B2590) 63163AC2DBA8772733A5A69B0BB490D8 {
   "identifier": "1"
}
[1762356512.085][DEBUG]: DevTools WebSocket Response: Runtime.evaluate (id=6) (session_id=4DCB025D4F4ED801B3571B81546B2590) 63163AC2DBA8772733A5A69B0BB490D8 {
   "result": {
      "type": "undefined"
   }
}
[1762356512.085][DEBUG]: DevTools WebSocket Response: Log.enable (id=7) (session_id=4DCB025D4F4ED801B3571B81546B2590) 63163AC2DBA8772733A5A69B0BB490D8 {
}
[1762356512.085][DEBUG]: DevTools WebSocket Response: Target.setAutoAttach (id=8) (session_id=4DCB025D4F4ED801B3571B81546B2590) 63163AC2DBA8772733A5A69B0BB490D8 {
}
[1762356512.085][DEBUG]: DevTools WebSocket Command: Runtime.enable (id=9) (session_id=4DCB025D4F4ED801B3571B81546B2590) 63163AC2DBA8772733A5A69B0BB490D8 {
}
[1762356512.085][DEBUG]: DevTools WebSocket Event: Page.domContentEventFired (session_id=4DCB025D4F4ED801B3571B81546B2590) 63163AC2DBA8772733A5A69B0BB490D8 {
   "timestamp": 3004.223875
}
[1762356512.085][DEBUG]: DevTools WebSocket Event: Page.loadEventFired (session_id=4DCB025D4F4ED801B3571B81546B2590) 63163AC2DBA8772733A5A69B0BB490D8 {
   "timestamp": 3004.224164
}
[1762356512.088][DEBUG]: DevTools WebSocket Event: Page.frameStoppedLoading (session_id=4DCB025D4F4ED801B3571B81546B2590) 63163AC2DBA8772733A5A69B0BB490D8 {
   "frameId": "63163AC2DBA8772733A5A69B0BB490D8"
}
[1762356512.088][DEBUG]: DevTools WebSocket Event: Page.frameResized (session_id=4DCB025D4F4ED801B3571B81546B2590) 63163AC2DBA8772733A5A69B0BB490D8 {
}
[1762356512.091][DEBUG]: DevTools WebSocket Event: Runtime.executionContextCreated (session_id=4DCB025D4F4ED801B3571B81546B2590) 63163AC2DBA8772733A5A69B0BB490D8 {
   "context": {
      "auxData": {
         "frameId": "63163AC2DBA8772733A5A69B0BB490D8",
         "isDefault": true,
         "type": "default"
      },
      "id": 1,
      "name": "",
      "origin": "://",
      "uniqueId": "7269655535149617026.-2830458978385756054"
   }
}
[1762356512.091][DEBUG]: DevTools WebSocket Response: Runtime.enable (id=9) (session_id=4DCB025D4F4ED801B3571B81546B2590) 63163AC2DBA8772733A5A69B0BB490D8 {
}
[1762356512.091][DEBUG]: DevTools WebSocket Command: Runtime.enable (id=10) (session_id=4DCB025D4F4ED801B3571B81546B2590) 63163AC2DBA8772733A5A69B0BB490D8 {
}
[1762356512.091][DEBUG]: DevTools WebSocket Response: Runtime.enable (id=10) (session_id=4DCB025D4F4ED801B3571B81546B2590) 63163AC2DBA8772733A5A69B0BB490D8 {
}
[1762356512.091][INFO]: [5dd5ad9cb758ee0a51bcfe57cd02220c] RESPONSE InitSession {
   "capabilities": {
      "acceptInsecureCerts": false,
      "browserName": "chrome",
      "browserVersion": "142.0.7444.59",
      "chrome": {
         "chromedriverVersion": "142.0.7444.59 (4b8153ab58d3c3f4c9f7e4baad9616ecf80db5fa-refs/branch-heads/7444_52@{#4})",
         "userDataDir": "/tmp/.org.chromium.Chromium.scoped_dir.MAG1Nf"
      },
      "fedcm:accounts": true,
      "goog:chromeOptions": {
         "debuggerAddress": "localhost:41989"
      },
      "goog:processID": 67653,
      "networkConnectionEnabled": false,
      "pageLoadStrategy": "normal",
      "platformName": "linux",
      "proxy": {
      },
      "setWindowRect": true,
      "strictFileInteractability": false,
      "timeouts": {
         "implicit": 0,
         "pageLoad": 300000,
         "script": 30000
      },
      "unhandledPromptBehavior": "dismiss and notify",
      "webauthn:extension:credBlob": true,
      "webauthn:extension:largeBlob": true,
      "webauthn:extension:minPinLength": true,
      "webauthn:extension:prf": true,
      "~~~": "..."
   },
   "sessionId": "5dd5ad9cb758ee0a51bcfe57cd02220c"
}
[1762356512.104][INFO]: [5dd5ad9cb758ee0a51bcfe57cd02220c] COMMAND Navigate {
   "url": "https://github.com"
}
[1762356512.104][INFO]: Waiting for pending navigations...
[1762356512.104][DEBUG]: DevTools WebSocket Command: Runtime.evaluate (id=11) (session_id=4DCB025D4F4ED801B3571B81546B2590) 63163AC2DBA8772733A5A69B0BB490D8 {
   "expression": "1"
}
[1762356512.104][DEBUG]: DevTools WebSocket Response: Runtime.evaluate (id=11) (session_id=4DCB025D4F4ED801B3571B81546B2590) 63163AC2DBA8772733A5A69B0BB490D8 {
   "result": {
      "description": "1",
      "type": "number",
      "value": 1
   }
}
[1762356512.104][INFO]: Done waiting for pending navigations. Status: ok
[1762356512.104][DEBUG]: DevTools WebSocket Command: Page.navigate (id=12) (session_id=4DCB025D4F4ED801B3571B81546B2590) 63163AC2DBA8772733A5A69B0BB490D8 {
   "url": "https://github.com"
}
[1762356512.106][DEBUG]: DevTools WebSocket Event: Page.frameStartedNavigating (session_id=4DCB025D4F4ED801B3571B81546B2590) 63163AC2DBA8772733A5A69B0BB490D8 {
   "frameId": "63163AC2DBA8772733A5A69B0BB490D8",
   "loaderId": "4F9DF89DC48658D54674C4F966F534D4",
   "navigationType": "differentDocument",
   "url": "https://github.com/"
}
[1762356512.106][DEBUG]: DevTools WebSocket Event: Page.frameStartedLoading (session_id=4DCB025D4F4ED801B3571B81546B2590) 63163AC2DBA8772733A5A69B0BB490D8 {
   "frameId": "63163AC2DBA8772733A5A69B0BB490D8"
}
[1762356512.263][DEBUG]: DevTools WebSocket Response: Page.navigate (id=12) (session_id=4DCB025D4F4ED801B3571B81546B2590) 63163AC2DBA8772733A5A69B0BB490D8 {
   "frameId": "63163AC2DBA8772733A5A69B0BB490D8",
   "isDownload": false,
   "loaderId": "4F9DF89DC48658D54674C4F966F534D4"
}
[1762356512.263][INFO]: Waiting for pending navigations...
[1762356512.263][DEBUG]: DevTools WebSocket Command: Runtime.evaluate (id=13) (session_id=4DCB025D4F4ED801B3571B81546B2590) 63163AC2DBA8772733A5A69B0BB490D8 {
   "expression": "1"
}
[1762356512.264][DEBUG]: DevTools WebSocket Event: Runtime.executionContextsCleared (session_id=4DCB025D4F4ED801B3571B81546B2590) 63163AC2DBA8772733A5A69B0BB490D8 {
}
[1762356512.265][DEBUG]: DevTools WebSocket Event: Runtime.executionContextsCleared (session_id=4DCB025D4F4ED801B3571B81546B2590) 63163AC2DBA8772733A5A69B0BB490D8 {
}
[1762356512.265][DEBUG]: DevTools WebSocket Event: Page.frameNavigated (session_id=4DCB025D4F4ED801B3571B81546B2590) 63163AC2DBA8772733A5A69B0BB490D8 {
   "frame": {
      "adFrameStatus": {
         "adFrameType": "none"
      },
      "crossOriginIsolatedContextType": "NotIsolated",
      "domainAndRegistry": "github.com",
      "gatedAPIFeatures": [  ],
      "id": "63163AC2DBA8772733A5A69B0BB490D8",
      "loaderId": "4F9DF89DC48658D54674C4F966F534D4",
      "mimeType": "text/html",
      "secureContextType": "Secure",
      "securityOrigin": "https://github.com",
      "securityOriginDetails": {
         "isLocalhost": false
      },
      "url": "https://github.com/"
   },
   "type": "Navigation"
}
[1762356512.270][DEBUG]: DevTools WebSocket Event: Runtime.executionContextCreated (session_id=4DCB025D4F4ED801B3571B81546B2590) 63163AC2DBA8772733A5A69B0BB490D8 {
   "context": {
      "auxData": {
         "frameId": "63163AC2DBA8772733A5A69B0BB490D8",
         "isDefault": true,
         "type": "default"
      },
      "id": 1,
      "name": "",
      "origin": "https://github.com",
      "uniqueId": "-2902713692363838615.9086766554315011250"
   }
}
[1762356512.272][DEBUG]: DevTools WebSocket Response: Runtime.evaluate (id=13) (session_id=4DCB025D4F4ED801B3571B81546B2590) 63163AC2DBA8772733A5A69B0BB490D8 {
   "result": {
      "description": "1",
      "type": "number",
      "value": 1
   }
}
[1762356512.285][DEBUG]: DevTools WebSocket Event: Page.frameResized (session_id=4DCB025D4F4ED801B3571B81546B2590) 63163AC2DBA8772733A5A69B0BB490D8 {
}
[1762356512.285][DEBUG]: DevTools WebSocket Command: Runtime.evaluate (id=14) (session_id=4DCB025D4F4ED801B3571B81546B2590) 63163AC2DBA8772733A5A69B0BB490D8 {
   "expression": "1"
}
[1762356512.285][DEBUG]: DevTools WebSocket Response: Runtime.evaluate (id=14) (session_id=4DCB025D4F4ED801B3571B81546B2590) 63163AC2DBA8772733A5A69B0BB490D8 {
   "result": {
      "description": "1",
      "type": "number",
      "value": 1
   }
}
[1762356512.640][DEBUG]: DevTools WebSocket Event: Page.navigatedWithinDocument (session_id=4DCB025D4F4ED801B3571B81546B2590) 63163AC2DBA8772733A5A69B0BB490D8 {
   "frameId": "63163AC2DBA8772733A5A69B0BB490D8",
   "navigationType": "historyApi",
   "url": "https://github.com/"
}
[1762356512.640][DEBUG]: DevTools WebSocket Command: Runtime.evaluate (id=15) (session_id=4DCB025D4F4ED801B3571B81546B2590) 63163AC2DBA8772733A5A69B0BB490D8 {
   "expression": "1"
}
[1762356512.724][DEBUG]: DevTools WebSocket Event: Page.frameResized (session_id=4DCB025D4F4ED801B3571B81546B2590) 63163AC2DBA8772733A5A69B0BB490D8 {
}
[1762356512.919][DEBUG]: DevTools WebSocket Event: Page.navigatedWithinDocument (session_id=4DCB025D4F4ED801B3571B81546B2590) 63163AC2DBA8772733A5A69B0BB490D8 {
   "frameId": "63163AC2DBA8772733A5A69B0BB490D8",
   "navigationType": "historyApi",
   "url": "https://github.com/"
}
[1762356512.919][DEBUG]: DevTools WebSocket Event: Page.navigatedWithinDocument (session_id=4DCB025D4F4ED801B3571B81546B2590) 63163AC2DBA8772733A5A69B0BB490D8 {
   "frameId": "63163AC2DBA8772733A5A69B0BB490D8",
   "navigationType": "historyApi",
   "url": "https://github.com/"
}
[1762356512.919][DEBUG]: DevTools WebSocket Event: Page.navigatedWithinDocument (session_id=4DCB025D4F4ED801B3571B81546B2590) 63163AC2DBA8772733A5A69B0BB490D8 {
   "frameId": "63163AC2DBA8772733A5A69B0BB490D8",
   "navigationType": "historyApi",
   "url": "https://github.com/"
}
[1762356512.919][DEBUG]: DevTools WebSocket Event: Page.domContentEventFired (session_id=4DCB025D4F4ED801B3571B81546B2590) 63163AC2DBA8772733A5A69B0BB490D8 {
   "timestamp": 3005.013236
}
[1762356512.929][DEBUG]: DevTools WebSocket Response: Runtime.evaluate (id=15) (session_id=4DCB025D4F4ED801B3571B81546B2590) 63163AC2DBA8772733A5A69B0BB490D8 {
   "result": {
      "description": "1",
      "type": "number",
      "value": 1
   }
}
[1762356513.157][DEBUG]: DevTools WebSocket Event: Page.loadEventFired (session_id=4DCB025D4F4ED801B3571B81546B2590) 63163AC2DBA8772733A5A69B0BB490D8 {
   "timestamp": 3005.296347
}
[1762356513.157][DEBUG]: DevTools WebSocket Command: Runtime.evaluate (id=16) (session_id=4DCB025D4F4ED801B3571B81546B2590) 63163AC2DBA8772733A5A69B0BB490D8 {
   "awaitPromise": false,
   "expression": "document.readyState",
   "returnByValue": true,
   "uniqueContextId": "-2902713692363838615.9086766554315011250"
}
[1762356513.158][DEBUG]: DevTools WebSocket Event: Page.frameStoppedLoading (session_id=4DCB025D4F4ED801B3571B81546B2590) 63163AC2DBA8772733A5A69B0BB490D8 {
   "frameId": "63163AC2DBA8772733A5A69B0BB490D8"
}
[1762356513.166][DEBUG]: DevTools WebSocket Response: Runtime.evaluate (id=16) (session_id=4DCB025D4F4ED801B3571B81546B2590) 63163AC2DBA8772733A5A69B0BB490D8 {
   "result": {
      "type": "string",
      "value": "complete"
   }
}
[1762356513.166][DEBUG]: DevTools WebSocket Command: Runtime.evaluate (id=17) (session_id=4DCB025D4F4ED801B3571B81546B2590) 63163AC2DBA8772733A5A69B0BB490D8 {
   "expression": "1"
}
[1762356513.176][DEBUG]: DevTools WebSocket Response: Runtime.evaluate (id=17) (session_id=4DCB025D4F4ED801B3571B81546B2590) 63163AC2DBA8772733A5A69B0BB490D8 {
   "result": {
      "description": "1",
      "type": "number",
      "value": 1
   }
}
[1762356513.177][INFO]: Done waiting for pending navigations. Status: ok
[1762356513.177][INFO]: [5dd5ad9cb758ee0a51bcfe57cd02220c] RESPONSE Navigate
[1762356513.182][INFO]: [5dd5ad9cb758ee0a51bcfe57cd02220c] COMMAND GetTitle {
}
[1762356513.182][INFO]: Waiting for pending navigations...
[1762356513.182][DEBUG]: DevTools WebSocket Command: Runtime.evaluate (id=18) (session_id=4DCB025D4F4ED801B3571B81546B2590) 63163AC2DBA8772733A5A69B0BB490D8 {
   "expression": "1"
}
[1762356513.194][DEBUG]: DevTools WebSocket Response: Runtime.evaluate (id=18) (session_id=4DCB025D4F4ED801B3571B81546B2590) 63163AC2DBA8772733A5A69B0BB490D8 {
   "result": {
      "description": "1",
      "type": "number",
      "value": 1
   }
}
[1762356513.194][INFO]: Done waiting for pending navigations. Status: ok
[1762356513.194][DEBUG]: DevTools WebSocket Command: Page.getFrameTree (id=19) (session_id=4DCB025D4F4ED801B3571B81546B2590) 63163AC2DBA8772733A5A69B0BB490D8 {
}
[1762356513.195][DEBUG]: DevTools WebSocket Response: Page.getFrameTree (id=19) (session_id=4DCB025D4F4ED801B3571B81546B2590) 63163AC2DBA8772733A5A69B0BB490D8 {
   "frameTree": {
      "frame": {
         "adFrameStatus": {
            "adFrameType": "none"
         },
         "crossOriginIsolatedContextType": "NotIsolated",
         "domainAndRegistry": "github.com",
         "gatedAPIFeatures": [  ],
         "id": "63163AC2DBA8772733A5A69B0BB490D8",
         "loaderId": "4F9DF89DC48658D54674C4F966F534D4",
         "mimeType": "text/html",
         "secureContextType": "Secure",
         "securityOrigin": "https://github.com",
         "securityOriginDetails": {
            "isLocalhost": false
         },
         "url": "https://github.com/"
      }
   }
}
[1762356513.195][DEBUG]: DevTools WebSocket Command: Page.getFrameTree (id=20) (session_id=4DCB025D4F4ED801B3571B81546B2590) 63163AC2DBA8772733A5A69B0BB490D8 {
}
[1762356513.196][DEBUG]: DevTools WebSocket Response: Page.getFrameTree (id=20) (session_id=4DCB025D4F4ED801B3571B81546B2590) 63163AC2DBA8772733A5A69B0BB490D8 {
   "frameTree": {
      "frame": {
         "adFrameStatus": {
            "adFrameType": "none"
         },
         "crossOriginIsolatedContextType": "NotIsolated",
         "domainAndRegistry": "github.com",
         "gatedAPIFeatures": [  ],
         "id": "63163AC2DBA8772733A5A69B0BB490D8",
         "loaderId": "4F9DF89DC48658D54674C4F966F534D4",
         "mimeType": "text/html",
         "secureContextType": "Secure",
         "securityOrigin": "https://github.com",
         "securityOriginDetails": {
            "isLocalhost": false
         },
         "url": "https://github.com/"
      }
   }
}
[1762356513.196][DEBUG]: DevTools WebSocket Command: Runtime.callFunctionOn (id=21) (session_id=4DCB025D4F4ED801B3571B81546B2590) 63163AC2DBA8772733A5A69B0BB490D8 {
   "arguments": [  ],
   "awaitPromise": true,
   "functionDeclaration": "function(){ return (function() { // Copyright 2012 The Chromium Authors\n// Use of this source code is governed by a BSD-style license that can be\n// found in the LICENSE file.\n\n/**\n * Enum for WebD...",
   "serializationOptions": {
      "serialization": "deep"
   },
   "uniqueContextId": "-2902713692363838615.9086766554315011250"
}
[1762356513.197][DEBUG]: DevTools WebSocket Response: Runtime.callFunctionOn (id=21) (session_id=4DCB025D4F4ED801B3571B81546B2590) 63163AC2DBA8772733A5A69B0BB490D8 {
   "result": {
      "className": "Array",
      "deepSerializedValue": {
         "type": "array",
         "value": [ {
            "type": "string",
            "value": "{\"status\":0,\"value\":\"GitHub · Change is constant. GitHub keeps you ahead. · GitHub\"}"
         } ]
      },
      "description": "Array(1)",
      "objectId": "8779287950773027740.1.1",
      "subtype": "array",
      "type": "object"
   }
}
[1762356513.197][INFO]: Waiting for pending navigations...
[1762356513.197][DEBUG]: DevTools WebSocket Command: Runtime.evaluate (id=22) (session_id=4DCB025D4F4ED801B3571B81546B2590) 63163AC2DBA8772733A5A69B0BB490D8 {
   "expression": "1"
}
[1762356513.223][DEBUG]: DevTools WebSocket Response: Runtime.evaluate (id=22) (session_id=4DCB025D4F4ED801B3571B81546B2590) 63163AC2DBA8772733A5A69B0BB490D8 {
   "result": {
      "description": "1",
      "type": "number",
      "value": 1
   }
}
[1762356513.223][INFO]: Done waiting for pending navigations. Status: ok
[1762356513.223][INFO]: [5dd5ad9cb758ee0a51bcfe57cd02220c] RESPONSE GetTitle "GitHub · Change is constant. GitHub keeps you ahead. · GitHub"
[1762356513.233][INFO]: [5dd5ad9cb758ee0a51bcfe57cd02220c] COMMAND Navigate {
   "url": "https://github.com/search"
}
[1762356513.233][INFO]: Waiting for pending navigations...
[1762356513.233][DEBUG]: DevTools WebSocket Command: Runtime.evaluate (id=23) (session_id=4DCB025D4F4ED801B3571B81546B2590) 63163AC2DBA8772733A5A69B0BB490D8 {
   "expression": "1"
}
[1762356513.234][DEBUG]: DevTools WebSocket Response: Runtime.evaluate (id=23) (session_id=4DCB025D4F4ED801B3571B81546B2590) 63163AC2DBA8772733A5A69B0BB490D8 {
   "result": {
      "description": "1",
      "type": "number",
      "value": 1
   }
}
[1762356513.234][INFO]: Done waiting for pending navigations. Status: ok
[1762356513.234][DEBUG]: DevTools WebSocket Command: Page.navigate (id=24) (session_id=4DCB025D4F4ED801B3571B81546B2590) 63163AC2DBA8772733A5A69B0BB490D8 {
   "url": "https://github.com/search"
}
[1762356513.235][DEBUG]: DevTools WebSocket Event: Page.frameStartedNavigating (session_id=4DCB025D4F4ED801B3571B81546B2590) 63163AC2DBA8772733A5A69B0BB490D8 {
   "frameId": "63163AC2DBA8772733A5A69B0BB490D8",
   "loaderId": "BC52F7741AFE59B6A079A84D9A41AFB1",
   "navigationType": "differentDocument",
   "url": "https://github.com/search"
}
[1762356513.235][DEBUG]: DevTools WebSocket Event: Page.frameStartedLoading (session_id=4DCB025D4F4ED801B3571B81546B2590) 63163AC2DBA8772733A5A69B0BB490D8 {
   "frameId": "63163AC2DBA8772733A5A69B0BB490D8"
}
[1762356513.492][DEBUG]: DevTools WebSocket Response: Page.navigate (id=24) (session_id=4DCB025D4F4ED801B3571B81546B2590) 63163AC2DBA8772733A5A69B0BB490D8 {
   "frameId": "63163AC2DBA8772733A5A69B0BB490D8",
   "isDownload": false,
   "loaderId": "BC52F7741AFE59B6A079A84D9A41AFB1"
}
[1762356513.492][INFO]: Waiting for pending navigations...
[1762356513.492][DEBUG]: DevTools WebSocket Command: Runtime.evaluate (id=25) (session_id=4DCB025D4F4ED801B3571B81546B2590) 63163AC2DBA8772733A5A69B0BB490D8 {
   "expression": "1"
}
[1762356513.493][DEBUG]: DevTools WebSocket Event: Runtime.executionContextsCleared (session_id=4DCB025D4F4ED801B3571B81546B2590) 63163AC2DBA8772733A5A69B0BB490D8 {
}
[1762356513.496][DEBUG]: DevTools WebSocket Event: Runtime.executionContextsCleared (session_id=4DCB025D4F4ED801B3571B81546B2590) 63163AC2DBA8772733A5A69B0BB490D8 {
}
[1762356513.496][DEBUG]: DevTools WebSocket Event: Page.frameNavigated (session_id=4DCB025D4F4ED801B3571B81546B2590) 63163AC2DBA8772733A5A69B0BB490D8 {
   "frame": {
      "adFrameStatus": {
         "adFrameType": "none"
      },
      "crossOriginIsolatedContextType": "NotIsolated",
      "domainAndRegistry": "github.com",
      "gatedAPIFeatures": [  ],
      "id": "63163AC2DBA8772733A5A69B0BB490D8",
      "loaderId": "BC52F7741AFE59B6A079A84D9A41AFB1",
      "mimeType": "text/html",
      "secureContextType": "Secure",
      "securityOrigin": "https://github.com",
      "securityOriginDetails": {
         "isLocalhost": false
      },
      "url": "https://github.com/search"
   },
   "type": "Navigation"
}
[1762356513.503][DEBUG]: DevTools WebSocket Event: Runtime.executionContextCreated (session_id=4DCB025D4F4ED801B3571B81546B2590) 63163AC2DBA8772733A5A69B0BB490D8 {
   "context": {
      "auxData": {
         "frameId": "63163AC2DBA8772733A5A69B0BB490D8",
         "isDefault": true,
         "type": "default"
      },
      "id": 2,
      "name": "",
      "origin": "https://github.com",
      "uniqueId": "-8908945788913384037.-1572819235194483600"
   }
}
[1762356513.503][DEBUG]: DevTools WebSocket Response: Runtime.evaluate (id=25) (session_id=4DCB025D4F4ED801B3571B81546B2590) 63163AC2DBA8772733A5A69B0BB490D8 {
   "result": {
      "description": "1",
      "type": "number",
      "value": 1
   }
}
[1762356513.577][DEBUG]: DevTools WebSocket Event: Page.navigatedWithinDocument (session_id=4DCB025D4F4ED801B3571B81546B2590) 63163AC2DBA8772733A5A69B0BB490D8 {
   "frameId": "63163AC2DBA8772733A5A69B0BB490D8",
   "navigationType": "historyApi",
   "url": "https://github.com/search"
}
[1762356513.577][DEBUG]: DevTools WebSocket Command: Runtime.evaluate (id=26) (session_id=4DCB025D4F4ED801B3571B81546B2590) 63163AC2DBA8772733A5A69B0BB490D8 {
   "expression": "1"
}
[1762356513.632][DEBUG]: DevTools WebSocket Event: Page.navigatedWithinDocument (session_id=4DCB025D4F4ED801B3571B81546B2590) 63163AC2DBA8772733A5A69B0BB490D8 {
   "frameId": "63163AC2DBA8772733A5A69B0BB490D8",
   "navigationType": "historyApi",
   "url": "https://github.com/search"
}
[1762356513.632][DEBUG]: DevTools WebSocket Event: Page.navigatedWithinDocument (session_id=4DCB025D4F4ED801B3571B81546B2590) 63163AC2DBA8772733A5A69B0BB490D8 {
   "frameId": "63163AC2DBA8772733A5A69B0BB490D8",
   "navigationType": "historyApi",
   "url": "https://github.com/search"
}
[1762356513.632][DEBUG]: DevTools WebSocket Event: Page.navigatedWithinDocument (session_id=4DCB025D4F4ED801B3571B81546B2590) 63163AC2DBA8772733A5A69B0BB490D8 {
   "frameId": "63163AC2DBA8772733A5A69B0BB490D8",
   "navigationType": "historyApi",
   "url": "https://github.com/search"
}
[1762356513.632][DEBUG]: DevTools WebSocket Event: Page.domContentEventFired (session_id=4DCB025D4F4ED801B3571B81546B2590) 63163AC2DBA8772733A5A69B0BB490D8 {
   "timestamp": 3005.760801
}
[1762356513.633][DEBUG]: DevTools WebSocket Event: Page.frameResized (session_id=4DCB025D4F4ED801B3571B81546B2590) 63163AC2DBA8772733A5A69B0BB490D8 {
}
[1762356513.633][DEBUG]: DevTools WebSocket Response: Runtime.evaluate (id=26) (session_id=4DCB025D4F4ED801B3571B81546B2590) 63163AC2DBA8772733A5A69B0BB490D8 {
   "result": {
      "description": "1",
      "type": "number",
      "value": 1
   }
}
[1762356513.640][DEBUG]: DevTools WebSocket Event: Page.frameResized (session_id=4DCB025D4F4ED801B3571B81546B2590) 63163AC2DBA8772733A5A69B0BB490D8 {
}
[1762356513.640][DEBUG]: DevTools WebSocket Command: Runtime.evaluate (id=27) (session_id=4DCB025D4F4ED801B3571B81546B2590) 63163AC2DBA8772733A5A69B0BB490D8 {
   "expression": "1"
}
[1762356513.657][DEBUG]: DevTools WebSocket Response: Runtime.evaluate (id=27) (session_id=4DCB025D4F4ED801B3571B81546B2590) 63163AC2DBA8772733A5A69B0BB490D8 {
   "result": {
      "description": "1",
      "type": "number",
      "value": 1
   }
}
[1762356513.721][DEBUG]: DevTools WebSocket Event: Page.loadEventFired (session_id=4DCB025D4F4ED801B3571B81546B2590) 63163AC2DBA8772733A5A69B0BB490D8 {
   "timestamp": 3005.862389
}
[1762356513.721][DEBUG]: DevTools WebSocket Command: Runtime.evaluate (id=28) (session_id=4DCB025D4F4ED801B3571B81546B2590) 63163AC2DBA8772733A5A69B0BB490D8 {
   "awaitPromise": false,
   "expression": "document.readyState",
   "returnByValue": true,
   "uniqueContextId": "-8908945788913384037.-1572819235194483600"
}
[1762356513.721][DEBUG]: DevTools WebSocket Event: Page.frameStoppedLoading (session_id=4DCB025D4F4ED801B3571B81546B2590) 63163AC2DBA8772733A5A69B0BB490D8 {
   "frameId": "63163AC2DBA8772733A5A69B0BB490D8"
}
[1762356513.722][DEBUG]: DevTools WebSocket Response: Runtime.evaluate (id=28) (session_id=4DCB025D4F4ED801B3571B81546B2590) 63163AC2DBA8772733A5A69B0BB490D8 {
   "result": {
      "type": "string",
      "value": "complete"
   }
}
[1762356513.722][DEBUG]: DevTools WebSocket Command: Runtime.evaluate (id=29) (session_id=4DCB025D4F4ED801B3571B81546B2590) 63163AC2DBA8772733A5A69B0BB490D8 {
   "expression": "1"
}
[1762356513.724][DEBUG]: DevTools WebSocket Response: Runtime.evaluate (id=29) (session_id=4DCB025D4F4ED801B3571B81546B2590) 63163AC2DBA8772733A5A69B0BB490D8 {
   "result": {
      "description": "1",
      "type": "number",
      "value": 1
   }
}
[1762356513.724][INFO]: Done waiting for pending navigations. Status: ok
[1762356513.724][INFO]: [5dd5ad9cb758ee0a51bcfe57cd02220c] RESPONSE Navigate
[1762356513.728][INFO]: [5dd5ad9cb758ee0a51bcfe57cd02220c] COMMAND FindElements {
   "using": "css selector",
   "value": "[placeholder='Search GitHub']"
}
[1762356513.728][INFO]: Waiting for pending navigations...
[1762356513.728][DEBUG]: DevTools WebSocket Command: Runtime.evaluate (id=30) (session_id=4DCB025D4F4ED801B3571B81546B2590) 63163AC2DBA8772733A5A69B0BB490D8 {
   "expression": "1"
}
[1762356513.728][DEBUG]: DevTools WebSocket Response: Runtime.evaluate (id=30) (session_id=4DCB025D4F4ED801B3571B81546B2590) 63163AC2DBA8772733A5A69B0BB490D8 {
   "result": {
      "description": "1",
      "type": "number",
      "value": 1
   }
}
[1762356513.728][INFO]: Done waiting for pending navigations. Status: ok
[1762356513.729][DEBUG]: DevTools WebSocket Command: Page.getFrameTree (id=31) (session_id=4DCB025D4F4ED801B3571B81546B2590) 63163AC2DBA8772733A5A69B0BB490D8 {
}
[1762356513.729][DEBUG]: DevTools WebSocket Response: Page.getFrameTree (id=31) (session_id=4DCB025D4F4ED801B3571B81546B2590) 63163AC2DBA8772733A5A69B0BB490D8 {
   "frameTree": {
      "frame": {
         "adFrameStatus": {
            "adFrameType": "none"
         },
         "crossOriginIsolatedContextType": "NotIsolated",
         "domainAndRegistry": "github.com",
         "gatedAPIFeatures": [  ],
         "id": "63163AC2DBA8772733A5A69B0BB490D8",
         "loaderId": "BC52F7741AFE59B6A079A84D9A41AFB1",
         "mimeType": "text/html",
         "secureContextType": "Secure",
         "securityOrigin": "https://github.com",
         "securityOriginDetails": {
            "isLocalhost": false
         },
         "url": "https://github.com/search"
      }
   }
}
[1762356513.729][DEBUG]: DevTools WebSocket Command: Page.getFrameTree (id=32) (session_id=4DCB025D4F4ED801B3571B81546B2590) 63163AC2DBA8772733A5A69B0BB490D8 {
}
[1762356513.729][DEBUG]: DevTools WebSocket Response: Page.getFrameTree (id=32) (session_id=4DCB025D4F4ED801B3571B81546B2590) 63163AC2DBA8772733A5A69B0BB490D8 {
   "frameTree": {
      "frame": {
         "adFrameStatus": {
            "adFrameType": "none"
         },
         "crossOriginIsolatedContextType": "NotIsolated",
         "domainAndRegistry": "github.com",
         "gatedAPIFeatures": [  ],
         "id": "63163AC2DBA8772733A5A69B0BB490D8",
         "loaderId": "BC52F7741AFE59B6A079A84D9A41AFB1",
         "mimeType": "text/html",
         "secureContextType": "Secure",
         "securityOrigin": "https://github.com",
         "securityOriginDetails": {
            "isLocalhost": false
         },
         "url": "https://github.com/search"
      }
   }
}
[1762356513.730][DEBUG]: DevTools WebSocket Command: Runtime.callFunctionOn (id=33) (session_id=4DCB025D4F4ED801B3571B81546B2590) 63163AC2DBA8772733A5A69B0BB490D8 {
   "arguments": [  ],
   "awaitPromise": true,
   "functionDeclaration": "function(){ return (function() { // Copyright 2012 The Chromium Authors\n// Use of this source code is governed by a BSD-style license that can be\n// found in the LICENSE file.\n\n/**\n * Enum for WebD...",
   "serializationOptions": {
      "serialization": "deep"
   },
   "uniqueContextId": "-8908945788913384037.-1572819235194483600"
}
[1762356513.734][DEBUG]: DevTools WebSocket Response: Runtime.callFunctionOn (id=33) (session_id=4DCB025D4F4ED801B3571B81546B2590) 63163AC2DBA8772733A5A69B0BB490D8 {
   "result": {
      "className": "Array",
      "deepSerializedValue": {
         "type": "array",
         "value": [ {
            "type": "string",
            "value": "{\"status\":0,\"value\":[{\"element-6066-11e4-a52e-4f735466cecf\":0}]}"
         }, {
            "type": "node",
            "value": {
               "attributes": {
                  "aria-describedby": ":R9b: :R9bH1:",
                  "aria-label": "Search GitHub",
                  "autofocus": "",
                  "class": "prc-components-Input-Ic-y8",
                  "data-component": "input",
                  "placeholder": "Search GitHub",
                  "type": "text",
                  "value": ""
               },
               "backendNodeId": 25,
               "childNodeCount": 0,
               "loaderId": "BC52F7741AFE59B6A079A84D9A41AFB1",
               "localName": "input",
               "namespaceURI": "http://www.w3.org/1999/xhtml",
               "nodeType": 1,
               "shadowRoot": {
                  "type": "node",
                  "value": {
                     "backendNodeId": 56,
                     "childNodeCount": 2,
                     "loaderId": "BC52F7741AFE59B6A079A84D9A41AFB1",
                     "mode": "closed",
                     "nodeType": 11
                  }
               }
            }
         } ]
      },
      "description": "Array(2)",
      "objectId": "8779287950773027740.2.1",
      "subtype": "array",
      "type": "object"
   }
}
[1762356513.734][INFO]: Waiting for pending navigations...
[1762356513.734][DEBUG]: DevTools WebSocket Command: Runtime.evaluate (id=34) (session_id=4DCB025D4F4ED801B3571B81546B2590) 63163AC2DBA8772733A5A69B0BB490D8 {
   "expression": "1"
}
[1762356513.734][DEBUG]: DevTools WebSocket Response: Runtime.evaluate (id=34) (session_id=4DCB025D4F4ED801B3571B81546B2590) 63163AC2DBA8772733A5A69B0BB490D8 {
   "result": {
      "description": "1",
      "type": "number",
      "value": 1
   }
}
[1762356513.734][INFO]: Done waiting for pending navigations. Status: ok
[1762356513.734][INFO]: [5dd5ad9cb758ee0a51bcfe57cd02220c] RESPONSE FindElements [ {
   "element-6066-11e4-a52e-4f735466cecf": "f.63163AC2DBA8772733A5A69B0BB490D8.d.BC52F7741AFE59B6A079A84D9A41AFB1.e.25"
} ]
[1762356513.736][INFO]: [5dd5ad9cb758ee0a51bcfe57cd02220c] COMMAND ClearElement {
   "id": "f.63163AC2DBA8772733A5A69B0BB490D8.d.BC52F7741AFE59B6A079A84D9A41AFB1.e.25"
}
[1762356513.736][INFO]: Waiting for pending navigations...
[1762356513.736][DEBUG]: DevTools WebSocket Command: Runtime.evaluate (id=35) (session_id=4DCB025D4F4ED801B3571B81546B2590) 63163AC2DBA8772733A5A69B0BB490D8 {
   "expression": "1"
}
[1762356513.736][DEBUG]: DevTools WebSocket Response: Runtime.evaluate (id=35) (session_id=4DCB025D4F4ED801B3571B81546B2590) 63163AC2DBA8772733A5A69B0BB490D8 {
   "result": {
      "description": "1",
      "type": "number",
      "value": 1
   }
}
[1762356513.736][INFO]: Done waiting for pending navigations. Status: ok
[1762356513.736][DEBUG]: DevTools WebSocket Command: Page.getFrameTree (id=36) (session_id=4DCB025D4F4ED801B3571B81546B2590) 63163AC2DBA8772733A5A69B0BB490D8 {
}
[1762356513.736][DEBUG]: DevTools WebSocket Response: Page.getFrameTree (id=36) (session_id=4DCB025D4F4ED801B3571B81546B2590) 63163AC2DBA8772733A5A69B0BB490D8 {
   "frameTree": {
      "frame": {
         "adFrameStatus": {
            "adFrameType": "none"
         },
         "crossOriginIsolatedContextType": "NotIsolated",
         "domainAndRegistry": "github.com",
         "gatedAPIFeatures": [  ],
         "id": "63163AC2DBA8772733A5A69B0BB490D8",
         "loaderId": "BC52F7741AFE59B6A079A84D9A41AFB1",
         "mimeType": "text/html",
         "secureContextType": "Secure",
         "securityOrigin": "https://github.com",
         "securityOriginDetails": {
            "isLocalhost": false
         },
         "url": "https://github.com/search"
      }
   }
}
[1762356513.736][DEBUG]: DevTools WebSocket Command: DOM.resolveNode (id=37) (session_id=4DCB025D4F4ED801B3571B81546B2590) 63163AC2DBA8772733A5A69B0BB490D8 {
   "backendNodeId": 25,
   "objectGroup": "016b161b-2b96-4d24-ab25-fa14f3f392b6"
}
[1762356513.736][DEBUG]: DevTools WebSocket Response: DOM.resolveNode (id=37) (session_id=4DCB025D4F4ED801B3571B81546B2590) 63163AC2DBA8772733A5A69B0BB490D8 {
   "object": {
      "className": "HTMLInputElement",
      "description": "input.prc-components-Input-Ic-y8",
      "objectId": "8779287950773027740.2.2",
      "subtype": "node",
      "type": "object"
   }
}
[1762356513.736][DEBUG]: DevTools WebSocket Command: Page.getFrameTree (id=38) (session_id=4DCB025D4F4ED801B3571B81546B2590) 63163AC2DBA8772733A5A69B0BB490D8 {
}
[1762356513.737][DEBUG]: DevTools WebSocket Response: Page.getFrameTree (id=38) (session_id=4DCB025D4F4ED801B3571B81546B2590) 63163AC2DBA8772733A5A69B0BB490D8 {
   "frameTree": {
      "frame": {
         "adFrameStatus": {
            "adFrameType": "none"
         },
         "crossOriginIsolatedContextType": "NotIsolated",
         "domainAndRegistry": "github.com",
         "gatedAPIFeatures": [  ],
         "id": "63163AC2DBA8772733A5A69B0BB490D8",
         "loaderId": "BC52F7741AFE59B6A079A84D9A41AFB1",
         "mimeType": "text/html",
         "secureContextType": "Secure",
         "securityOrigin": "https://github.com",
         "securityOriginDetails": {
            "isLocalhost": false
         },
         "url": "https://github.com/search"
      }
   }
}
[1762356513.737][DEBUG]: DevTools WebSocket Command: Runtime.callFunctionOn (id=39) (session_id=4DCB025D4F4ED801B3571B81546B2590) 63163AC2DBA8772733A5A69B0BB490D8 {
   "arguments": [ {
      "objectId": "8779287950773027740.2.2"
   } ],
   "awaitPromise": true,
   "functionDeclaration": "function(){ return (function() { // Copyright 2012 The Chromium Authors\n// Use of this source code is governed by a BSD-style license that can be\n// found in the LICENSE file.\n\n/**\n * Enum for WebD...",
   "objectGroup": "016b161b-2b96-4d24-ab25-fa14f3f392b6",
   "serializationOptions": {
      "serialization": "deep"
   },
   "uniqueContextId": "-8908945788913384037.-1572819235194483600"
}
[1762356513.738][DEBUG]: DevTools WebSocket Response: Runtime.callFunctionOn (id=39) (session_id=4DCB025D4F4ED801B3571B81546B2590) 63163AC2DBA8772733A5A69B0BB490D8 {
   "result": {
      "className": "Array",
      "deepSerializedValue": {
         "type": "array",
         "value": [ {
            "type": "string",
            "value": "{\"status\":0,\"value\":\"INPUT\"}"
         } ]
      },
      "description": "Array(1)",
      "objectId": "8779287950773027740.2.3",
      "subtype": "array",
      "type": "object"
   }
}
[1762356513.738][DEBUG]: DevTools WebSocket Command: Runtime.releaseObjectGroup (id=40) (session_id=4DCB025D4F4ED801B3571B81546B2590) 63163AC2DBA8772733A5A69B0BB490D8 {
   "objectGroup": "016b161b-2b96-4d24-ab25-fa14f3f392b6"
}
[1762356513.738][DEBUG]: DevTools WebSocket Command: Page.getFrameTree (id=41) (session_id=4DCB025D4F4ED801B3571B81546B2590) 63163AC2DBA8772733A5A69B0BB490D8 {
}
[1762356513.738][DEBUG]: DevTools WebSocket Response: Runtime.releaseObjectGroup (id=40) (session_id=4DCB025D4F4ED801B3571B81546B2590) 63163AC2DBA8772733A5A69B0BB490D8 {
}
[1762356513.738][DEBUG]: DevTools WebSocket Response: Page.getFrameTree (id=41) (session_id=4DCB025D4F4ED801B3571B81546B2590) 63163AC2DBA8772733A5A69B0BB490D8 {
   "frameTree": {
      "frame": {
         "adFrameStatus": {
            "adFrameType": "none"
         },
         "crossOriginIsolatedContextType": "NotIsolated",
         "domainAndRegistry": "github.com",
         "gatedAPIFeatures": [  ],
         "id": "63163AC2DBA8772733A5A69B0BB490D8",
         "loaderId": "BC52F7741AFE59B6A079A84D9A41AFB1",
         "mimeType": "text/html",
         "secureContextType": "Secure",
         "securityOrigin": "https://github.com",
         "securityOriginDetails": {
            "isLocalhost": false
         },
         "url": "https://github.com/search"
      }
   }
}
[1762356513.738][DEBUG]: DevTools WebSocket Command: DOM.resolveNode (id=42) (session_id=4DCB025D4F4ED801B3571B81546B2590) 63163AC2DBA8772733A5A69B0BB490D8 {
   "backendNodeId": 25,
   "objectGroup": "3751d1c9-6800-489a-9c09-d62d523b050b"
}
[1762356513.738][DEBUG]: DevTools WebSocket Response: DOM.resolveNode (id=42) (session_id=4DCB025D4F4ED801B3571B81546B2590) 63163AC2DBA8772733A5A69B0BB490D8 {
   "object": {
      "className": "HTMLInputElement",
      "description": "input.prc-components-Input-Ic-y8",
      "objectId": "8779287950773027740.2.4",
      "subtype": "node",
      "type": "object"
   }
}
[1762356513.738][DEBUG]: DevTools WebSocket Command: Page.getFrameTree (id=43) (session_id=4DCB025D4F4ED801B3571B81546B2590) 63163AC2DBA8772733A5A69B0BB490D8 {
}
[1762356513.738][DEBUG]: DevTools WebSocket Response: Page.getFrameTree (id=43) (session_id=4DCB025D4F4ED801B3571B81546B2590) 63163AC2DBA8772733A5A69B0BB490D8 {
   "frameTree": {
      "frame": {
         "adFrameStatus": {
            "adFrameType": "none"
         },
         "crossOriginIsolatedContextType": "NotIsolated",
         "domainAndRegistry": "github.com",
         "gatedAPIFeatures": [  ],
         "id": "63163AC2DBA8772733A5A69B0BB490D8",
         "loaderId": "BC52F7741AFE59B6A079A84D9A41AFB1",
         "mimeType": "text/html",
         "secureContextType": "Secure",
         "securityOrigin": "https://github.com",
         "securityOriginDetails": {
            "isLocalhost": false
         },
         "url": "https://github.com/search"
      }
   }
}
[1762356513.739][DEBUG]: DevTools WebSocket Command: Runtime.callFunctionOn (id=44) (session_id=4DCB025D4F4ED801B3571B81546B2590) 63163AC2DBA8772733A5A69B0BB490D8 {
   "arguments": [ {
      "objectId": "8779287950773027740.2.4"
   } ],
   "awaitPromise": true,
   "functionDeclaration": "function(){ return (function() { // Copyright 2012 The Chromium Authors\n// Use of this source code is governed by a BSD-style license that can be\n// found in the LICENSE file.\n\n/**\n * Enum for WebD...",
   "objectGroup": "3751d1c9-6800-489a-9c09-d62d523b050b",
   "serializationOptions": {
      "serialization": "deep"
   },
   "uniqueContextId": "-8908945788913384037.-1572819235194483600"
}
[1762356513.742][DEBUG]: DevTools WebSocket Response: Runtime.callFunctionOn (id=44) (session_id=4DCB025D4F4ED801B3571B81546B2590) 63163AC2DBA8772733A5A69B0BB490D8 {
   "result": {
      "className": "Array",
      "deepSerializedValue": {
         "type": "array",
         "value": [ {
            "type": "string",
            "value": "{\"status\":0,\"value\":\"text\"}"
         } ]
      },
      "description": "Array(1)",
      "objectId": "8779287950773027740.2.5",
      "subtype": "array",
      "type": "object"
   }
}
[1762356513.742][DEBUG]: DevTools WebSocket Command: Runtime.releaseObjectGroup (id=45) (session_id=4DCB025D4F4ED801B3571B81546B2590) 63163AC2DBA8772733A5A69B0BB490D8 {
   "objectGroup": "3751d1c9-6800-489a-9c09-d62d523b050b"
}
[1762356513.742][DEBUG]: DevTools WebSocket Command: Page.getFrameTree (id=46) (session_id=4DCB025D4F4ED801B3571B81546B2590) 63163AC2DBA8772733A5A69B0BB490D8 {
}
[1762356513.742][DEBUG]: DevTools WebSocket Response: Runtime.releaseObjectGroup (id=45) (session_id=4DCB025D4F4ED801B3571B81546B2590) 63163AC2DBA8772733A5A69B0BB490D8 {
}
[1762356513.742][DEBUG]: DevTools WebSocket Response: Page.getFrameTree (id=46) (session_id=4DCB025D4F4ED801B3571B81546B2590) 63163AC2DBA8772733A5A69B0BB490D8 {
   "frameTree": {
      "frame": {
         "adFrameStatus": {
            "adFrameType": "none"
         },
         "crossOriginIsolatedContextType": "NotIsolated",
         "domainAndRegistry": "github.com",
         "gatedAPIFeatures": [  ],
         "id": "63163AC2DBA8772733A5A69B0BB490D8",
         "loaderId": "BC52F7741AFE59B6A079A84D9A41AFB1",
         "mimeType": "text/html",
         "secureContextType": "Secure",
         "securityOrigin": "https://github.com",
         "securityOriginDetails": {
            "isLocalhost": false
         },
         "url": "https://github.com/search"
      }
   }
}
[1762356513.742][DEBUG]: DevTools WebSocket Command: DOM.resolveNode (id=47) (session_id=4DCB025D4F4ED801B3571B81546B2590) 63163AC2DBA8772733A5A69B0BB490D8 {
   "backendNodeId": 25,
   "objectGroup": "ba62827c-1564-4501-9f2f-0e17635aba7a"
}
[1762356513.742][DEBUG]: DevTools WebSocket Response: DOM.resolveNode (id=47) (session_id=4DCB025D4F4ED801B3571B81546B2590) 63163AC2DBA8772733A5A69B0BB490D8 {
   "object": {
      "className": "HTMLInputElement",
      "description": "input.prc-components-Input-Ic-y8",
      "objectId": "8779287950773027740.2.6",
      "subtype": "node",
      "type": "object"
   }
}
[1762356513.742][DEBUG]: DevTools WebSocket Command: Page.getFrameTree (id=48) (session_id=4DCB025D4F4ED801B3571B81546B2590) 63163AC2DBA8772733A5A69B0BB490D8 {
}
[1762356513.742][DEBUG]: DevTools WebSocket Response: Page.getFrameTree (id=48) (session_id=4DCB025D4F4ED801B3571B81546B2590) 63163AC2DBA8772733A5A69B0BB490D8 {
   "frameTree": {
      "frame": {
         "adFrameStatus": {
            "adFrameType": "none"
         },
         "crossOriginIsolatedContextType": "NotIsolated",
         "domainAndRegistry": "github.com",
         "gatedAPIFeatures": [  ],
         "id": "63163AC2DBA8772733A5A69B0BB490D8",
         "loaderId": "BC52F7741AFE59B6A079A84D9A41AFB1",
         "mimeType": "text/html",
         "secureContextType": "Secure",
         "securityOrigin": "https://github.com",
         "securityOriginDetails": {
            "isLocalhost": false
         },
         "url": "https://github.com/search"
      }
   }
}
[1762356513.743][DEBUG]: DevTools WebSocket Command: Runtime.callFunctionOn (id=49) (session_id=4DCB025D4F4ED801B3571B81546B2590) 63163AC2DBA8772733A5A69B0BB490D8 {
   "arguments": [ {
      "objectId": "8779287950773027740.2.6"
   } ],
   "awaitPromise": true,
   "functionDeclaration": "function(){ return (function() { // Copyright 2012 The Chromium Authors\n// Use of this source code is governed by a BSD-style license that can be\n// found in the LICENSE file.\n\n/**\n * Enum for WebD...",
   "objectGroup": "ba62827c-1564-4501-9f2f-0e17635aba7a",
   "serializationOptions": {
      "serialization": "deep"
   },
   "uniqueContextId": "-8908945788913384037.-1572819235194483600"
}
[1762356513.743][DEBUG]: DevTools WebSocket Response: Runtime.callFunctionOn (id=49) (session_id=4DCB025D4F4ED801B3571B81546B2590) 63163AC2DBA8772733A5A69B0BB490D8 {
   "result": {
      "className": "Array",
      "deepSerializedValue": {
         "type": "array",
         "value": [ {
            "type": "string",
            "value": "{\"status\":0,\"value\":false}"
         } ]
      },
      "description": "Array(1)",
      "objectId": "8779287950773027740.2.7",
      "subtype": "array",
      "type": "object"
   }
}
[1762356513.743][DEBUG]: DevTools WebSocket Command: Runtime.releaseObjectGroup (id=50) (session_id=4DCB025D4F4ED801B3571B81546B2590) 63163AC2DBA8772733A5A69B0BB490D8 {
   "objectGroup": "ba62827c-1564-4501-9f2f-0e17635aba7a"
}
[1762356513.743][DEBUG]: DevTools WebSocket Command: Page.getFrameTree (id=51) (session_id=4DCB025D4F4ED801B3571B81546B2590) 63163AC2DBA8772733A5A69B0BB490D8 {
}
[1762356513.743][DEBUG]: DevTools WebSocket Response: Runtime.releaseObjectGroup (id=50) (session_id=4DCB025D4F4ED801B3571B81546B2590) 63163AC2DBA8772733A5A69B0BB490D8 {
}
[1762356513.744][DEBUG]: DevTools WebSocket Response: Page.getFrameTree (id=51) (session_id=4DCB025D4F4ED801B3571B81546B2590) 63163AC2DBA8772733A5A69B0BB490D8 {
   "frameTree": {
      "frame": {
         "adFrameStatus": {
            "adFrameType": "none"
         },
         "crossOriginIsolatedContextType": "NotIsolated",
         "domainAndRegistry": "github.com",
         "gatedAPIFeatures": [  ],
         "id": "63163AC2DBA8772733A5A69B0BB490D8",
         "loaderId": "BC52F7741AFE59B6A079A84D9A41AFB1",
         "mimeType": "text/html",
         "secureContextType": "Secure",
         "securityOrigin": "https://github.com",
         "securityOriginDetails": {
            "isLocalhost": false
         },
         "url": "https://github.com/search"
      }
   }
}
[1762356513.744][DEBUG]: DevTools WebSocket Command: DOM.resolveNode (id=52) (session_id=4DCB025D4F4ED801B3571B81546B2590) 63163AC2DBA8772733A5A69B0BB490D8 {
   "backendNodeId": 25,
   "objectGroup": "d5079f79-4a92-46a2-a186-fc7a1ea40afb"
}
[1762356513.744][DEBUG]: DevTools WebSocket Response: DOM.resolveNode (id=52) (session_id=4DCB025D4F4ED801B3571B81546B2590) 63163AC2DBA8772733A5A69B0BB490D8 {
   "object": {
      "className": "HTMLInputElement",
      "description": "input.prc-components-Input-Ic-y8",
      "objectId": "8779287950773027740.2.8",
      "subtype": "node",
      "type": "object"
   }
}
[1762356513.744][DEBUG]: DevTools WebSocket Command: Page.getFrameTree (id=53) (session_id=4DCB025D4F4ED801B3571B81546B2590) 63163AC2DBA8772733A5A69B0BB490D8 {
}
[1762356513.744][DEBUG]: DevTools WebSocket Response: Page.getFrameTree (id=53) (session_id=4DCB025D4F4ED801B3571B81546B2590) 63163AC2DBA8772733A5A69B0BB490D8 {
   "frameTree": {
      "frame": {
         "adFrameStatus": {
            "adFrameType": "none"
         },
         "crossOriginIsolatedContextType": "NotIsolated",
         "domainAndRegistry": "github.com",
         "gatedAPIFeatures": [  ],
         "id": "63163AC2DBA8772733A5A69B0BB490D8",
         "loaderId": "BC52F7741AFE59B6A079A84D9A41AFB1",
         "mimeType": "text/html",
         "secureContextType": "Secure",
         "securityOrigin": "https://github.com",
         "securityOriginDetails": {
            "isLocalhost": false
         },
         "url": "https://github.com/search"
      }
   }
}
[1762356513.744][DEBUG]: DevTools WebSocket Command: Runtime.callFunctionOn (id=54) (session_id=4DCB025D4F4ED801B3571B81546B2590) 63163AC2DBA8772733A5A69B0BB490D8 {
   "arguments": [ {
      "objectId": "8779287950773027740.2.8"
   } ],
   "awaitPromise": true,
   "functionDeclaration": "function(){ return (function() { // Copyright 2012 The Chromium Authors\n// Use of this source code is governed by a BSD-style license that can be\n// found in the LICENSE file.\n\n/**\n * Enum for WebD...",
   "objectGroup": "d5079f79-4a92-46a2-a186-fc7a1ea40afb",
   "serializationOptions": {
      "serialization": "deep"
   },
   "uniqueContextId": "-8908945788913384037.-1572819235194483600"
}
[1762356513.747][DEBUG]: DevTools WebSocket Response: Runtime.callFunctionOn (id=54) (session_id=4DCB025D4F4ED801B3571B81546B2590) 63163AC2DBA8772733A5A69B0BB490D8 {
   "result": {
      "className": "Array",
      "deepSerializedValue": {
         "type": "array",
         "value": [ {
            "type": "string",
            "value": "{\"status\":0,\"value\":true}"
         } ]
      },
      "description": "Array(1)",
      "objectId": "8779287950773027740.2.9",
      "subtype": "array",
      "type": "object"
   }
}
[1762356513.748][DEBUG]: DevTools WebSocket Command: Runtime.releaseObjectGroup (id=55) (session_id=4DCB025D4F4ED801B3571B81546B2590) 63163AC2DBA8772733A5A69B0BB490D8 {
   "objectGroup": "d5079f79-4a92-46a2-a186-fc7a1ea40afb"
}
[1762356513.748][INFO]: 
	=== NOTE: ===
	The Clear command in ChromeDriver 2.43 and above
	has been updated to conform to the current standard,
	including raising blur event after clearing.

[1762356513.748][DEBUG]: DevTools WebSocket Command: Page.getFrameTree (id=56) (session_id=4DCB025D4F4ED801B3571B81546B2590) 63163AC2DBA8772733A5A69B0BB490D8 {
}
[1762356513.748][DEBUG]: DevTools WebSocket Response: Runtime.releaseObjectGroup (id=55) (session_id=4DCB025D4F4ED801B3571B81546B2590) 63163AC2DBA8772733A5A69B0BB490D8 {
}
[1762356513.748][DEBUG]: DevTools WebSocket Response: Page.getFrameTree (id=56) (session_id=4DCB025D4F4ED801B3571B81546B2590) 63163AC2DBA8772733A5A69B0BB490D8 {
   "frameTree": {
      "frame": {
         "adFrameStatus": {
            "adFrameType": "none"
         },
         "crossOriginIsolatedContextType": "NotIsolated",
         "domainAndRegistry": "github.com",
         "gatedAPIFeatures": [  ],
         "id": "63163AC2DBA8772733A5A69B0BB490D8",
         "loaderId": "BC52F7741AFE59B6A079A84D9A41AFB1",
         "mimeType": "text/html",
         "secureContextType": "Secure",
         "securityOrigin": "https://github.com",
         "securityOriginDetails": {
            "isLocalhost": false
         },
         "url": "https://github.com/search"
      }
   }
}
[1762356513.748][DEBUG]: DevTools WebSocket Command: DOM.resolveNode (id=57) (session_id=4DCB025D4F4ED801B3571B81546B2590) 63163AC2DBA8772733A5A69B0BB490D8 {
   "backendNodeId": 25,
   "objectGroup": "f5283ba1-b32c-411d-a933-1f530cf7b162"
}
[1762356513.748][DEBUG]: DevTools WebSocket Response: DOM.resolveNode (id=57) (session_id=4DCB025D4F4ED801B3571B81546B2590) 63163AC2DBA8772733A5A69B0BB490D8 {
   "object": {
      "className": "HTMLInputElement",
      "description": "input.prc-components-Input-Ic-y8",
      "objectId": "8779287950773027740.2.10",
      "subtype": "node",
      "type": "object"
   }
}
[1762356513.748][DEBUG]: DevTools WebSocket Command: Page.getFrameTree (id=58) (session_id=4DCB025D4F4ED801B3571B81546B2590) 63163AC2DBA8772733A5A69B0BB490D8 {
}
[1762356513.748][DEBUG]: DevTools WebSocket Response: Page.getFrameTree (id=58) (session_id=4DCB025D4F4ED801B3571B81546B2590) 63163AC2DBA8772733A5A69B0BB490D8 {
   "frameTree": {
      "frame": {
         "adFrameStatus": {
            "adFrameType": "none"
         },
         "crossOriginIsolatedContextType": "NotIsolated",
         "domainAndRegistry": "github.com",
         "gatedAPIFeatures": [  ],
         "id": "63163AC2DBA8772733A5A69B0BB490D8",
         "loaderId": "BC52F7741AFE59B6A079A84D9A41AFB1",
         "mimeType": "text/html",
         "secureContextType": "Secure",
         "securityOrigin": "https://github.com",
         "securityOriginDetails": {
            "isLocalhost": false
         },
         "url": "https://github.com/search"
      }
   }
}
[1762356513.749][DEBUG]: DevTools WebSocket Command: Runtime.callFunctionOn (id=59) (session_id=4DCB025D4F4ED801B3571B81546B2590) 63163AC2DBA8772733A5A69B0BB490D8 {
   "arguments": [ {
      "objectId": "8779287950773027740.2.10"
   } ],
   "awaitPromise": true,
   "functionDeclaration": "function(){ return (function() { // Copyright 2012 The Chromium Authors\n// Use of this source code is governed by a BSD-style license that can be\n// found in the LICENSE file.\n\n/**\n * Enum for WebD...",
   "objectGroup": "f5283ba1-b32c-411d-a933-1f530cf7b162",
   "serializationOptions": {
      "serialization": "deep"
   },
   "uniqueContextId": "-8908945788913384037.-1572819235194483600"
}
[1762356513.753][DEBUG]: DevTools WebSocket Response: Runtime.callFunctionOn (id=59) (session_id=4DCB025D4F4ED801B3571B81546B2590) 63163AC2DBA8772733A5A69B0BB490D8 {
   "result": {
      "className": "Array",
      "deepSerializedValue": {
         "type": "array",
         "value": [ {
            "type": "string",
            "value": "{\"status\":0,\"value\":null}"
         } ]
      },
      "description": "Array(1)",
      "objectId": "8779287950773027740.2.11",
      "subtype": "array",
      "type": "object"
   }
}
[1762356513.753][DEBUG]: DevTools WebSocket Command: Runtime.releaseObjectGroup (id=60) (session_id=4DCB025D4F4ED801B3571B81546B2590) 63163AC2DBA8772733A5A69B0BB490D8 {
   "objectGroup": "f5283ba1-b32c-411d-a933-1f530cf7b162"
}
[1762356513.753][INFO]: Waiting for pending navigations...
[1762356513.753][DEBUG]: DevTools WebSocket Command: Runtime.evaluate (id=61) (session_id=4DCB025D4F4ED801B3571B81546B2590) 63163AC2DBA8772733A5A69B0BB490D8 {
   "expression": "1"
}
[1762356513.753][DEBUG]: DevTools WebSocket Response: Runtime.releaseObjectGroup (id=60) (session_id=4DCB025D4F4ED801B3571B81546B2590) 63163AC2DBA8772733A5A69B0BB490D8 {
}
[1762356513.753][DEBUG]: DevTools WebSocket Response: Runtime.evaluate (id=61) (session_id=4DCB025D4F4ED801B3571B81546B2590) 63163AC2DBA8772733A5A69B0BB490D8 {
   "result": {
      "description": "1",
      "type": "number",
      "value": 1
   }
}
[1762356513.753][INFO]: Done waiting for pending navigations. Status: ok
[1762356513.753][INFO]: [5dd5ad9cb758ee0a51bcfe57cd02220c] RESPONSE ClearElement
[1762356513.754][INFO]: [5dd5ad9cb758ee0a51bcfe57cd02220c] COMMAND GetElementProperty {
   "id": "f.63163AC2DBA8772733A5A69B0BB490D8.d.BC52F7741AFE59B6A079A84D9A41AFB1.e.25",
   "name": "value"
}
[1762356513.754][INFO]: Waiting for pending navigations...
[1762356513.754][DEBUG]: DevTools WebSocket Command: Runtime.evaluate (id=62) (session_id=4DCB025D4F4ED801B3571B81546B2590) 63163AC2DBA8772733A5A69B0BB490D8 {
   "expression": "1"
}
[1762356513.754][DEBUG]: DevTools WebSocket Response: Runtime.evaluate (id=62) (session_id=4DCB025D4F4ED801B3571B81546B2590) 63163AC2DBA8772733A5A69B0BB490D8 {
   "result": {
      "description": "1",
      "type": "number",
      "value": 1
   }
}
[1762356513.754][INFO]: Done waiting for pending navigations. Status: ok
[1762356513.754][DEBUG]: DevTools WebSocket Command: Page.getFrameTree (id=63) (session_id=4DCB025D4F4ED801B3571B81546B2590) 63163AC2DBA8772733A5A69B0BB490D8 {
}
[1762356513.755][DEBUG]: DevTools WebSocket Response: Page.getFrameTree (id=63) (session_id=4DCB025D4F4ED801B3571B81546B2590) 63163AC2DBA8772733A5A69B0BB490D8 {
   "frameTree": {
      "frame": {
         "adFrameStatus": {
            "adFrameType": "none"
         },
         "crossOriginIsolatedContextType": "NotIsolated",
         "domainAndRegistry": "github.com",
         "gatedAPIFeatures": [  ],
         "id": "63163AC2DBA8772733A5A69B0BB490D8",
         "loaderId": "BC52F7741AFE59B6A079A84D9A41AFB1",
         "mimeType": "text/html",
         "secureContextType": "Secure",
         "securityOrigin": "https://github.com",
         "securityOriginDetails": {
            "isLocalhost": false
         },
         "url": "https://github.com/search"
      }
   }
}
[1762356513.755][DEBUG]: DevTools WebSocket Command: DOM.resolveNode (id=64) (session_id=4DCB025D4F4ED801B3571B81546B2590) 63163AC2DBA8772733A5A69B0BB490D8 {
   "backendNodeId": 25,
   "objectGroup": "8d92c980-54fe-4fb6-bf08-4709c175e4f7"
}
[1762356513.755][DEBUG]: DevTools WebSocket Response: DOM.resolveNode (id=64) (session_id=4DCB025D4F4ED801B3571B81546B2590) 63163AC2DBA8772733A5A69B0BB490D8 {
   "object": {
      "className": "HTMLInputElement",
      "description": "input.prc-components-Input-Ic-y8",
      "objectId": "8779287950773027740.2.12",
      "subtype": "node",
      "type": "object"
   }
}
[1762356513.755][DEBUG]: DevTools WebSocket Command: Page.getFrameTree (id=65) (session_id=4DCB025D4F4ED801B3571B81546B2590) 63163AC2DBA8772733A5A69B0BB490D8 {
}
[1762356513.755][DEBUG]: DevTools WebSocket Response: Page.getFrameTree (id=65) (session_id=4DCB025D4F4ED801B3571B81546B2590) 63163AC2DBA8772733A5A69B0BB490D8 {
   "frameTree": {
      "frame": {
         "adFrameStatus": {
            "adFrameType": "none"
         },
         "crossOriginIsolatedContextType": "NotIsolated",
         "domainAndRegistry": "github.com",
         "gatedAPIFeatures": [  ],
         "id": "63163AC2DBA8772733A5A69B0BB490D8",
         "loaderId": "BC52F7741AFE59B6A079A84D9A41AFB1",
         "mimeType": "text/html",
         "secureContextType": "Secure",
         "securityOrigin": "https://github.com",
         "securityOriginDetails": {
            "isLocalhost": false
         },
         "url": "https://github.com/search"
      }
   }
}
[1762356513.755][DEBUG]: DevTools WebSocket Command: Runtime.callFunctionOn (id=66) (session_id=4DCB025D4F4ED801B3571B81546B2590) 63163AC2DBA8772733A5A69B0BB490D8 {
   "arguments": [ {
      "objectId": "8779287950773027740.2.12"
   } ],
   "awaitPromise": true,
   "functionDeclaration": "function(){ return (function() { // Copyright 2012 The Chromium Authors\n// Use of this source code is governed by a BSD-style license that can be\n// found in the LICENSE file.\n\n/**\n * Enum for WebD...",
   "objectGroup": "8d92c980-54fe-4fb6-bf08-4709c175e4f7",
   "serializationOptions": {
      "serialization": "deep"
   },
   "uniqueContextId": "-8908945788913384037.-1572819235194483600"
}
[1762356513.756][DEBUG]: DevTools WebSocket Response: Runtime.callFunctionOn (id=66) (session_id=4DCB025D4F4ED801B3571B81546B2590) 63163AC2DBA8772733A5A69B0BB490D8 {
   "result": {
      "className": "Array",
      "deepSerializedValue": {
         "type": "array",
         "value": [ {
            "type": "string",
            "value": "{\"status\":0,\"value\":\"\"}"
         } ]
      },
      "description": "Array(1)",
      "objectId": "8779287950773027740.2.13",
      "subtype": "array",
      "type": "object"
   }
}
[1762356513.756][DEBUG]: DevTools WebSocket Command: Runtime.releaseObjectGroup (id=67) (session_id=4DCB025D4F4ED801B3571B81546B2590) 63163AC2DBA8772733A5A69B0BB490D8 {
   "objectGroup": "8d92c980-54fe-4fb6-bf08-4709c175e4f7"
}
[1762356513.756][INFO]: Waiting for pending navigations...
[1762356513.756][DEBUG]: DevTools WebSocket Command: Runtime.evaluate (id=68) (session_id=4DCB025D4F4ED801B3571B81546B2590) 63163AC2DBA8772733A5A69B0BB490D8 {
   "expression": "1"
}
[1762356513.756][DEBUG]: DevTools WebSocket Response: Runtime.releaseObjectGroup (id=67) (session_id=4DCB025D4F4ED801B3571B81546B2590) 63163AC2DBA8772733A5A69B0BB490D8 {
}
[1762356513.756][DEBUG]: DevTools WebSocket Response: Runtime.evaluate (id=68) (session_id=4DCB025D4F4ED801B3571B81546B2590) 63163AC2DBA8772733A5A69B0BB490D8 {
   "result": {
      "description": "1",
      "type": "number",
      "value": 1
   }
}
[1762356513.756][INFO]: Done waiting for pending navigations. Status: ok
[1762356513.756][INFO]: [5dd5ad9cb758ee0a51bcfe57cd02220c] RESPONSE GetElementProperty ""
[1762356513.758][INFO]: [5dd5ad9cb758ee0a51bcfe57cd02220c] COMMAND FindElements {
   "using": "css selector",
   "value": "[placeholder='Search GitHub']"
}
[1762356513.758][INFO]: Waiting for pending navigations...
[1762356513.758][DEBUG]: DevTools WebSocket Command: Runtime.evaluate (id=69) (session_id=4DCB025D4F4ED801B3571B81546B2590) 63163AC2DBA8772733A5A69B0BB490D8 {
   "expression": "1"
}
[1762356513.758][DEBUG]: DevTools WebSocket Response: Runtime.evaluate (id=69) (session_id=4DCB025D4F4ED801B3571B81546B2590) 63163AC2DBA8772733A5A69B0BB490D8 {
   "result": {
      "description": "1",
      "type": "number",
      "value": 1
   }
}
[1762356513.758][INFO]: Done waiting for pending navigations. Status: ok
[1762356513.758][DEBUG]: DevTools WebSocket Command: Page.getFrameTree (id=70) (session_id=4DCB025D4F4ED801B3571B81546B2590) 63163AC2DBA8772733A5A69B0BB490D8 {
}
[1762356513.758][DEBUG]: DevTools WebSocket Response: Page.getFrameTree (id=70) (session_id=4DCB025D4F4ED801B3571B81546B2590) 63163AC2DBA8772733A5A69B0BB490D8 {
   "frameTree": {
      "frame": {
         "adFrameStatus": {
            "adFrameType": "none"
         },
         "crossOriginIsolatedContextType": "NotIsolated",
         "domainAndRegistry": "github.com",
         "gatedAPIFeatures": [  ],
         "id": "63163AC2DBA8772733A5A69B0BB490D8",
         "loaderId": "BC52F7741AFE59B6A079A84D9A41AFB1",
         "mimeType": "text/html",
         "secureContextType": "Secure",
         "securityOrigin": "https://github.com",
         "securityOriginDetails": {
            "isLocalhost": false
         },
         "url": "https://github.com/search"
      }
   }
}
[1762356513.758][DEBUG]: DevTools WebSocket Command: Page.getFrameTree (id=71) (session_id=4DCB025D4F4ED801B3571B81546B2590) 63163AC2DBA8772733A5A69B0BB490D8 {
}
[1762356513.758][DEBUG]: DevTools WebSocket Response: Page.getFrameTree (id=71) (session_id=4DCB025D4F4ED801B3571B81546B2590) 63163AC2DBA8772733A5A69B0BB490D8 {
   "frameTree": {
      "frame": {
         "adFrameStatus": {
            "adFrameType": "none"
         },
         "crossOriginIsolatedContextType": "NotIsolated",
         "domainAndRegistry": "github.com",
         "gatedAPIFeatures": [  ],
         "id": "63163AC2DBA8772733A5A69B0BB490D8",
         "loaderId": "BC52F7741AFE59B6A079A84D9A41AFB1",
         "mimeType": "text/html",
         "secureContextType": "Secure",
         "securityOrigin": "https://github.com",
         "securityOriginDetails": {
            "isLocalhost": false
         },
         "url": "https://github.com/search"
      }
   }
}
[1762356513.759][DEBUG]: DevTools WebSocket Command: Runtime.callFunctionOn (id=72) (session_id=4DCB025D4F4ED801B3571B81546B2590) 63163AC2DBA8772733A5A69B0BB490D8 {
   "arguments": [  ],
   "awaitPromise": true,
   "functionDeclaration": "function(){ return (function() { // Copyright 2012 The Chromium Authors\n// Use of this source code is governed by a BSD-style license that can be\n// found in the LICENSE file.\n\n/**\n * Enum for WebD...",
   "serializationOptions": {
      "serialization": "deep"
   },
   "uniqueContextId": "-8908945788913384037.-1572819235194483600"
}
[1762356513.760][DEBUG]: DevTools WebSocket Response: Runtime.callFunctionOn (id=72) (session_id=4DCB025D4F4ED801B3571B81546B2590) 63163AC2DBA8772733A5A69B0BB490D8 {
   "result": {
      "className": "Array",
      "deepSerializedValue": {
         "type": "array",
         "value": [ {
            "type": "string",
            "value": "{\"status\":0,\"value\":[{\"element-6066-11e4-a52e-4f735466cecf\":0}]}"
         }, {
            "type": "node",
            "value": {
               "attributes": {
                  "aria-describedby": ":R9b: :R9bH1:",
                  "aria-label": "Search GitHub",
                  "autofocus": "",
                  "class": "prc-components-Input-Ic-y8",
                  "data-component": "input",
                  "placeholder": "Search GitHub",
                  "type": "text",
                  "value": ""
               },
               "backendNodeId": 25,
               "childNodeCount": 0,
               "loaderId": "BC52F7741AFE59B6A079A84D9A41AFB1",
               "localName": "input",
               "namespaceURI": "http://www.w3.org/1999/xhtml",
               "nodeType": 1,
               "shadowRoot": {
                  "type": "node",
                  "value": {
                     "backendNodeId": 56,
                     "childNodeCount": 2,
                     "loaderId": "BC52F7741AFE59B6A079A84D9A41AFB1",
                     "mode": "closed",
                     "nodeType": 11
                  }
               }
            }
         } ]
      },
      "description": "Array(2)",
      "objectId": "8779287950773027740.2.14",
      "subtype": "array",
      "type": "object"
   }
}
[1762356513.760][INFO]: Waiting for pending navigations...
[1762356513.760][DEBUG]: DevTools WebSocket Command: Runtime.evaluate (id=73) (session_id=4DCB025D4F4ED801B3571B81546B2590) 63163AC2DBA8772733A5A69B0BB490D8 {
   "expression": "1"
}
[1762356513.761][DEBUG]: DevTools WebSocket Response: Runtime.evaluate (id=73) (session_id=4DCB025D4F4ED801B3571B81546B2590) 63163AC2DBA8772733A5A69B0BB490D8 {
   "result": {
      "description": "1",
      "type": "number",
      "value": 1
   }
}
[1762356513.761][INFO]: Done waiting for pending navigations. Status: ok
[1762356513.761][INFO]: [5dd5ad9cb758ee0a51bcfe57cd02220c] RESPONSE FindElements [ {
   "element-6066-11e4-a52e-4f735466cecf": "f.63163AC2DBA8772733A5A69B0BB490D8.d.BC52F7741AFE59B6A079A84D9A41AFB1.e.25"
} ]
[1762356513.762][INFO]: [5dd5ad9cb758ee0a51bcfe57cd02220c] COMMAND ClearElement {
   "id": "f.63163AC2DBA8772733A5A69B0BB490D8.d.BC52F7741AFE59B6A079A84D9A41AFB1.e.25"
}
[1762356513.762][INFO]: Waiting for pending navigations...
[1762356513.762][DEBUG]: DevTools WebSocket Command: Runtime.evaluate (id=74) (session_id=4DCB025D4F4ED801B3571B81546B2590) 63163AC2DBA8772733A5A69B0BB490D8 {
   "expression": "1"
}
[1762356513.762][DEBUG]: DevTools WebSocket Response: Runtime.evaluate (id=74) (session_id=4DCB025D4F4ED801B3571B81546B2590) 63163AC2DBA8772733A5A69B0BB490D8 {
   "result": {
      "description": "1",
      "type": "number",
      "value": 1
   }
}
[1762356513.762][INFO]: Done waiting for pending navigations. Status: ok
[1762356513.762][DEBUG]: DevTools WebSocket Command: Page.getFrameTree (id=75) (session_id=4DCB025D4F4ED801B3571B81546B2590) 63163AC2DBA8772733A5A69B0BB490D8 {
}
[1762356513.762][DEBUG]: DevTools WebSocket Response: Page.getFrameTree (id=75) (session_id=4DCB025D4F4ED801B3571B81546B2590) 63163AC2DBA8772733A5A69B0BB490D8 {
   "frameTree": {
      "frame": {
         "adFrameStatus": {
            "adFrameType": "none"
         },
         "crossOriginIsolatedContextType": "NotIsolated",
         "domainAndRegistry": "github.com",
         "gatedAPIFeatures": [  ],
         "id": "63163AC2DBA8772733A5A69B0BB490D8",
         "loaderId": "BC52F7741AFE59B6A079A84D9A41AFB1",
         "mimeType": "text/html",
         "secureContextType": "Secure",
         "securityOrigin": "https://github.com",
         "securityOriginDetails": {
            "isLocalhost": false
         },
         "url": "https://github.com/search"
      }
   }
}
[1762356513.762][DEBUG]: DevTools WebSocket Command: DOM.resolveNode (id=76) (session_id=4DCB025D4F4ED801B3571B81546B2590) 63163AC2DBA8772733A5A69B0BB490D8 {
   "backendNodeId": 25,
   "objectGroup": "81e6fc87-b78e-4cfb-9ba4-b32473ca439e"
}
[1762356513.762][DEBUG]: DevTools WebSocket Response: DOM.resolveNode (id=76) (session_id=4DCB025D4F4ED801B3571B81546B2590) 63163AC2DBA8772733A5A69B0BB490D8 {
   "object": {
      "className": "HTMLInputElement",
      "description": "input.prc-components-Input-Ic-y8",
      "objectId": "8779287950773027740.2.15",
      "subtype": "node",
      "type": "object"
   }
}
[1762356513.762][DEBUG]: DevTools WebSocket Command: Page.getFrameTree (id=77) (session_id=4DCB025D4F4ED801B3571B81546B2590) 63163AC2DBA8772733A5A69B0BB490D8 {
}
[1762356513.763][DEBUG]: DevTools WebSocket Response: Page.getFrameTree (id=77) (session_id=4DCB025D4F4ED801B3571B81546B2590) 63163AC2DBA8772733A5A69B0BB490D8 {
   "frameTree": {
      "frame": {
         "adFrameStatus": {
            "adFrameType": "none"
         },
         "crossOriginIsolatedContextType": "NotIsolated",
         "domainAndRegistry": "github.com",
         "gatedAPIFeatures": [  ],
         "id": "63163AC2DBA8772733A5A69B0BB490D8",
         "loaderId": "BC52F7741AFE59B6A079A84D9A41AFB1",
         "mimeType": "text/html",
         "secureContextType": "Secure",
         "securityOrigin": "https://github.com",
         "securityOriginDetails": {
            "isLocalhost": false
         },
         "url": "https://github.com/search"
      }
   }
}
[1762356513.763][DEBUG]: DevTools WebSocket Command: Runtime.callFunctionOn (id=78) (session_id=4DCB025D4F4ED801B3571B81546B2590) 63163AC2DBA8772733A5A69B0BB490D8 {
   "arguments": [ {
      "objectId": "8779287950773027740.2.15"
   } ],
   "awaitPromise": true,
   "functionDeclaration": "function(){ return (function() { // Copyright 2012 The Chromium Authors\n// Use of this source code is governed by a BSD-style license that can be\n// found in the LICENSE file.\n\n/**\n * Enum for WebD...",
   "objectGroup": "81e6fc87-b78e-4cfb-9ba4-b32473ca439e",
   "serializationOptions": {
      "serialization": "deep"
   },
   "uniqueContextId": "-8908945788913384037.-1572819235194483600"
}
[1762356513.763][DEBUG]: DevTools WebSocket Response: Runtime.callFunctionOn (id=78) (session_id=4DCB025D4F4ED801B3571B81546B2590) 63163AC2DBA8772733A5A69B0BB490D8 {
   "result": {
      "className": "Array",
      "deepSerializedValue": {
         "type": "array",
         "value": [ {
            "type": "string",
            "value": "{\"status\":0,\"value\":\"INPUT\"}"
         } ]
      },
      "description": "Array(1)",
      "objectId": "8779287950773027740.2.16",
      "subtype": "array",
      "type": "object"
   }
}
[1762356513.763][DEBUG]: DevTools WebSocket Command: Runtime.releaseObjectGroup (id=79) (session_id=4DCB025D4F4ED801B3571B81546B2590) 63163AC2DBA8772733A5A69B0BB490D8 {
   "objectGroup": "81e6fc87-b78e-4cfb-9ba4-b32473ca439e"
}
[1762356513.763][DEBUG]: DevTools WebSocket Command: Page.getFrameTree (id=80) (session_id=4DCB025D4F4ED801B3571B81546B2590) 63163AC2DBA8772733A5A69B0BB490D8 {
}
[1762356513.763][DEBUG]: DevTools WebSocket Response: Runtime.releaseObjectGroup (id=79) (session_id=4DCB025D4F4ED801B3571B81546B2590) 63163AC2DBA8772733A5A69B0BB490D8 {
}
[1762356513.763][DEBUG]: DevTools WebSocket Response: Page.getFrameTree (id=80) (session_id=4DCB025D4F4ED801B3571B81546B2590) 63163AC2DBA8772733A5A69B0BB490D8 {
   "frameTree": {
      "frame": {
         "adFrameStatus": {
            "adFrameType": "none"
         },
         "crossOriginIsolatedContextType": "NotIsolated",
         "domainAndRegistry": "github.com",
         "gatedAPIFeatures": [  ],
         "id": "63163AC2DBA8772733A5A69B0BB490D8",
         "loaderId": "BC52F7741AFE59B6A079A84D9A41AFB1",
         "mimeType": "text/html",
         "secureContextType": "Secure",
         "securityOrigin": "https://github.com",
         "securityOriginDetails": {
            "isLocalhost": false
         },
         "url": "https://github.com/search"
      }
   }
}
[1762356513.763][DEBUG]: DevTools WebSocket Command: DOM.resolveNode (id=81) (session_id=4DCB025D4F4ED801B3571B81546B2590) 63163AC2DBA8772733A5A69B0BB490D8 {
   "backendNodeId": 25,
   "objectGroup": "4d50010d-1e16-4740-a6e1-d829c9f3ddb6"
}
[1762356513.763][DEBUG]: DevTools WebSocket Response: DOM.resolveNode (id=81) (session_id=4DCB025D4F4ED801B3571B81546B2590) 63163AC2DBA8772733A5A69B0BB490D8 {
   "object": {
      "className": "HTMLInputElement",
      "description": "input.prc-components-Input-Ic-y8",
      "objectId": "8779287950773027740.2.17",
      "subtype": "node",
      "type": "object"
   }
}
[1762356513.763][DEBUG]: DevTools WebSocket Command: Page.getFrameTree (id=82) (session_id=4DCB025D4F4ED801B3571B81546B2590) 63163AC2DBA8772733A5A69B0BB490D8 {
}
[1762356513.764][DEBUG]: DevTools WebSocket Response: Page.getFrameTree (id=82) (session_id=4DCB025D4F4ED801B3571B81546B2590) 63163AC2DBA8772733A5A69B0BB490D8 {
   "frameTree": {
      "frame": {
         "adFrameStatus": {
            "adFrameType": "none"
         },
         "crossOriginIsolatedContextType": "NotIsolated",
         "domainAndRegistry": "github.com",
         "gatedAPIFeatures": [  ],
         "id": "63163AC2DBA8772733A5A69B0BB490D8",
         "loaderId": "BC52F7741AFE59B6A079A84D9A41AFB1",
         "mimeType": "text/html",
         "secureContextType": "Secure",
         "securityOrigin": "https://github.com",
         "securityOriginDetails": {
            "isLocalhost": false
         },
         "url": "https://github.com/search"
      }
   }
}
[1762356513.764][DEBUG]: DevTools WebSocket Command: Runtime.callFunctionOn (id=83) (session_id=4DCB025D4F4ED801B3571B81546B2590) 63163AC2DBA8772733A5A69B0BB490D8 {
   "arguments": [ {
      "objectId": "8779287950773027740.2.17"
   } ],
   "awaitPromise": true,
   "functionDeclaration": "function(){ return (function() { // Copyright 2012 The Chromium Authors\n// Use of this source code is governed by a BSD-style license that can be\n// found in the LICENSE file.\n\n/**\n * Enum for WebD...",
   "objectGroup": "4d50010d-1e16-4740-a6e1-d829c9f3ddb6",
   "serializationOptions": {
      "serialization": "deep"
   },
   "uniqueContextId": "-8908945788913384037.-1572819235194483600"
}
[1762356513.765][DEBUG]: DevTools WebSocket Response: Runtime.callFunctionOn (id=83) (session_id=4DCB025D4F4ED801B3571B81546B2590) 63163AC2DBA8772733A5A69B0BB490D8 {
   "result": {
      "className": "Array",
      "deepSerializedValue": {
         "type": "array",
         "value": [ {
            "type": "string",
            "value": "{\"status\":0,\"value\":\"text\"}"
         } ]
      },
      "description": "Array(1)",
      "objectId": "8779287950773027740.2.18",
      "subtype": "array",
      "type": "object"
   }
}
[1762356513.765][DEBUG]: DevTools WebSocket Command: Runtime.releaseObjectGroup (id=84) (session_id=4DCB025D4F4ED801B3571B81546B2590) 63163AC2DBA8772733A5A69B0BB490D8 {
   "objectGroup": "4d50010d-1e16-4740-a6e1-d829c9f3ddb6"
}
[1762356513.765][DEBUG]: DevTools WebSocket Command: Page.getFrameTree (id=85) (session_id=4DCB025D4F4ED801B3571B81546B2590) 63163AC2DBA8772733A5A69B0BB490D8 {
}
[1762356513.765][DEBUG]: DevTools WebSocket Response: Runtime.releaseObjectGroup (id=84) (session_id=4DCB025D4F4ED801B3571B81546B2590) 63163AC2DBA8772733A5A69B0BB490D8 {
}
[1762356513.765][DEBUG]: DevTools WebSocket Response: Page.getFrameTree (id=85) (session_id=4DCB025D4F4ED801B3571B81546B2590) 63163AC2DBA8772733A5A69B0BB490D8 {
   "frameTree": {
      "frame": {
         "adFrameStatus": {
            "adFrameType": "none"
         },
         "crossOriginIsolatedContextType": "NotIsolated",
         "domainAndRegistry": "github.com",
         "gatedAPIFeatures": [  ],
         "id": "63163AC2DBA8772733A5A69B0BB490D8",
         "loaderId": "BC52F7741AFE59B6A079A84D9A41AFB1",
         "mimeType": "text/html",
         "secureContextType": "Secure",
         "securityOrigin": "https://github.com",
         "securityOriginDetails": {
            "isLocalhost": false
         },
         "url": "https://github.com/search"
      }
   }
}
[1762356513.765][DEBUG]: DevTools WebSocket Command: DOM.resolveNode (id=86) (session_id=4DCB025D4F4ED801B3571B81546B2590) 63163AC2DBA8772733A5A69B0BB490D8 {
   "backendNodeId": 25,
   "objectGroup": "23dce906-28d8-4f04-908b-09a68b03a657"
}
[1762356513.766][DEBUG]: DevTools WebSocket Response: DOM.resolveNode (id=86) (session_id=4DCB025D4F4ED801B3571B81546B2590) 63163AC2DBA8772733A5A69B0BB490D8 {
   "object": {
      "className": "HTMLInputElement",
      "description": "input.prc-components-Input-Ic-y8",
      "objectId": "8779287950773027740.2.19",
      "subtype": "node",
      "type": "object"
   }
}
[1762356513.766][DEBUG]: DevTools WebSocket Command: Page.getFrameTree (id=87) (session_id=4DCB025D4F4ED801B3571B81546B2590) 63163AC2DBA8772733A5A69B0BB490D8 {
}
[1762356513.766][DEBUG]: DevTools WebSocket Response: Page.getFrameTree (id=87) (session_id=4DCB025D4F4ED801B3571B81546B2590) 63163AC2DBA8772733A5A69B0BB490D8 {
   "frameTree": {
      "frame": {
         "adFrameStatus": {
            "adFrameType": "none"
         },
         "crossOriginIsolatedContextType": "NotIsolated",
         "domainAndRegistry": "github.com",
         "gatedAPIFeatures": [  ],
         "id": "63163AC2DBA8772733A5A69B0BB490D8",
         "loaderId": "BC52F7741AFE59B6A079A84D9A41AFB1",
         "mimeType": "text/html",
         "secureContextType": "Secure",
         "securityOrigin": "https://github.com",
         "securityOriginDetails": {
            "isLocalhost": false
         },
         "url": "https://github.com/search"
      }
   }
}
[1762356513.766][DEBUG]: DevTools WebSocket Command: Runtime.callFunctionOn (id=88) (session_id=4DCB025D4F4ED801B3571B81546B2590) 63163AC2DBA8772733A5A69B0BB490D8 {
   "arguments": [ {
      "objectId": "8779287950773027740.2.19"
   } ],
   "awaitPromise": true,
   "functionDeclaration": "function(){ return (function() { // Copyright 2012 The Chromium Authors\n// Use of this source code is governed by a BSD-style license that can be\n// found in the LICENSE file.\n\n/**\n * Enum for WebD...",
   "objectGroup": "23dce906-28d8-4f04-908b-09a68b03a657",
   "serializationOptions": {
      "serialization": "deep"
   },
   "uniqueContextId": "-8908945788913384037.-1572819235194483600"
}
[1762356513.766][DEBUG]: DevTools WebSocket Response: Runtime.callFunctionOn (id=88) (session_id=4DCB025D4F4ED801B3571B81546B2590) 63163AC2DBA8772733A5A69B0BB490D8 {
   "result": {
      "className": "Array",
      "deepSerializedValue": {
         "type": "array",
         "value": [ {
            "type": "string",
            "value": "{\"status\":0,\"value\":false}"
         } ]
      },
      "description": "Array(1)",
      "objectId": "8779287950773027740.2.20",
      "subtype": "array",
      "type": "object"
   }
}
[1762356513.766][DEBUG]: DevTools WebSocket Command: Runtime.releaseObjectGroup (id=89) (session_id=4DCB025D4F4ED801B3571B81546B2590) 63163AC2DBA8772733A5A69B0BB490D8 {
   "objectGroup": "23dce906-28d8-4f04-908b-09a68b03a657"
}
[1762356513.766][DEBUG]: DevTools WebSocket Command: Page.getFrameTree (id=90) (session_id=4DCB025D4F4ED801B3571B81546B2590) 63163AC2DBA8772733A5A69B0BB490D8 {
}
[1762356513.766][DEBUG]: DevTools WebSocket Response: Runtime.releaseObjectGroup (id=89) (session_id=4DCB025D4F4ED801B3571B81546B2590) 63163AC2DBA8772733A5A69B0BB490D8 {
}
[1762356513.766][DEBUG]: DevTools WebSocket Response: Page.getFrameTree (id=90) (session_id=4DCB025D4F4ED801B3571B81546B2590) 63163AC2DBA8772733A5A69B0BB490D8 {
   "frameTree": {
      "frame": {
         "adFrameStatus": {
            "adFrameType": "none"
         },
         "crossOriginIsolatedContextType": "NotIsolated",
         "domainAndRegistry": "github.com",
         "gatedAPIFeatures": [  ],
         "id": "63163AC2DBA8772733A5A69B0BB490D8",
         "loaderId": "BC52F7741AFE59B6A079A84D9A41AFB1",
         "mimeType": "text/html",
         "secureContextType": "Secure",
         "securityOrigin": "https://github.com",
         "securityOriginDetails": {
            "isLocalhost": false
         },
         "url": "https://github.com/search"
      }
   }
}
[1762356513.766][DEBUG]: DevTools WebSocket Command: DOM.resolveNode (id=91) (session_id=4DCB025D4F4ED801B3571B81546B2590) 63163AC2DBA8772733A5A69B0BB490D8 {
   "backendNodeId": 25,
   "objectGroup": "9294dd91-0df7-41b5-88b1-64483ed67008"
}
[1762356513.767][DEBUG]: DevTools WebSocket Response: DOM.resolveNode (id=91) (session_id=4DCB025D4F4ED801B3571B81546B2590) 63163AC2DBA8772733A5A69B0BB490D8 {
   "object": {
      "className": "HTMLInputElement",
      "description": "input.prc-components-Input-Ic-y8",
      "objectId": "8779287950773027740.2.21",
      "subtype": "node",
      "type": "object"
   }
}
[1762356513.767][DEBUG]: DevTools WebSocket Command: Page.getFrameTree (id=92) (session_id=4DCB025D4F4ED801B3571B81546B2590) 63163AC2DBA8772733A5A69B0BB490D8 {
}
[1762356513.767][DEBUG]: DevTools WebSocket Response: Page.getFrameTree (id=92) (session_id=4DCB025D4F4ED801B3571B81546B2590) 63163AC2DBA8772733A5A69B0BB490D8 {
   "frameTree": {
      "frame": {
         "adFrameStatus": {
            "adFrameType": "none"
         },
         "crossOriginIsolatedContextType": "NotIsolated",
         "domainAndRegistry": "github.com",
         "gatedAPIFeatures": [  ],
         "id": "63163AC2DBA8772733A5A69B0BB490D8",
         "loaderId": "BC52F7741AFE59B6A079A84D9A41AFB1",
         "mimeType": "text/html",
         "secureContextType": "Secure",
         "securityOrigin": "https://github.com",
         "securityOriginDetails": {
            "isLocalhost": false
         },
         "url": "https://github.com/search"
      }
   }
}
[1762356513.767][DEBUG]: DevTools WebSocket Command: Runtime.callFunctionOn (id=93) (session_id=4DCB025D4F4ED801B3571B81546B2590) 63163AC2DBA8772733A5A69B0BB490D8 {
   "arguments": [ {
      "objectId": "8779287950773027740.2.21"
   } ],
   "awaitPromise": true,
   "functionDeclaration": "function(){ return (function() { // Copyright 2012 The Chromium Authors\n// Use of this source code is governed by a BSD-style license that can be\n// found in the LICENSE file.\n\n/**\n * Enum for WebD...",
   "objectGroup": "9294dd91-0df7-41b5-88b1-64483ed67008",
   "serializationOptions": {
      "serialization": "deep"
   },
   "uniqueContextId": "-8908945788913384037.-1572819235194483600"
}
[1762356513.769][DEBUG]: DevTools WebSocket Response: Runtime.callFunctionOn (id=93) (session_id=4DCB025D4F4ED801B3571B81546B2590) 63163AC2DBA8772733A5A69B0BB490D8 {
   "result": {
      "className": "Array",
      "deepSerializedValue": {
         "type": "array",
         "value": [ {
            "type": "string",
            "value": "{\"status\":0,\"value\":true}"
         } ]
      },
      "description": "Array(1)",
      "objectId": "8779287950773027740.2.22",
      "subtype": "array",
      "type": "object"
   }
}
[1762356513.769][DEBUG]: DevTools WebSocket Command: Runtime.releaseObjectGroup (id=94) (session_id=4DCB025D4F4ED801B3571B81546B2590) 63163AC2DBA8772733A5A69B0BB490D8 {
   "objectGroup": "9294dd91-0df7-41b5-88b1-64483ed67008"
}
[1762356513.769][DEBUG]: DevTools WebSocket Command: Page.getFrameTree (id=95) (session_id=4DCB025D4F4ED801B3571B81546B2590) 63163AC2DBA8772733A5A69B0BB490D8 {
}
[1762356513.769][DEBUG]: DevTools WebSocket Response: Runtime.releaseObjectGroup (id=94) (session_id=4DCB025D4F4ED801B3571B81546B2590) 63163AC2DBA8772733A5A69B0BB490D8 {
}
[1762356513.769][DEBUG]: DevTools WebSocket Response: Page.getFrameTree (id=95) (session_id=4DCB025D4F4ED801B3571B81546B2590) 63163AC2DBA8772733A5A69B0BB490D8 {
   "frameTree": {
      "frame": {
         "adFrameStatus": {
            "adFrameType": "none"
         },
         "crossOriginIsolatedContextType": "NotIsolated",
         "domainAndRegistry": "github.com",
         "gatedAPIFeatures": [  ],
         "id": "63163AC2DBA8772733A5A69B0BB490D8",
         "loaderId": "BC52F7741AFE59B6A079A84D9A41AFB1",
         "mimeType": "text/html",
         "secureContextType": "Secure",
         "securityOrigin": "https://github.com",
         "securityOriginDetails": {
            "isLocalhost": false
         },
         "url": "https://github.com/search"
      }
   }
}
[1762356513.769][DEBUG]: DevTools WebSocket Command: DOM.resolveNode (id=96) (session_id=4DCB025D4F4ED801B3571B81546B2590) 63163AC2DBA8772733A5A69B0BB490D8 {
   "backendNodeId": 25,
   "objectGroup": "21aa2157-56db-4490-82f4-59171fa95c0e"
}
[1762356513.769][DEBUG]: DevTools WebSocket Response: DOM.resolveNode (id=96) (session_id=4DCB025D4F4ED801B3571B81546B2590) 63163AC2DBA8772733A5A69B0BB490D8 {
   "object": {
      "className": "HTMLInputElement",
      "description": "input.prc-components-Input-Ic-y8",
      "objectId": "8779287950773027740.2.23",
      "subtype": "node",
      "type": "object"
   }
}
[1762356513.769][DEBUG]: DevTools WebSocket Command: Page.getFrameTree (id=97) (session_id=4DCB025D4F4ED801B3571B81546B2590) 63163AC2DBA8772733A5A69B0BB490D8 {
}
[1762356513.769][DEBUG]: DevTools WebSocket Response: Page.getFrameTree (id=97) (session_id=4DCB025D4F4ED801B3571B81546B2590) 63163AC2DBA8772733A5A69B0BB490D8 {
   "frameTree": {
      "frame": {
         "adFrameStatus": {
            "adFrameType": "none"
         },
         "crossOriginIsolatedContextType": "NotIsolated",
         "domainAndRegistry": "github.com",
         "gatedAPIFeatures": [  ],
         "id": "63163AC2DBA8772733A5A69B0BB490D8",
         "loaderId": "BC52F7741AFE59B6A079A84D9A41AFB1",
         "mimeType": "text/html",
         "secureContextType": "Secure",
         "securityOrigin": "https://github.com",
         "securityOriginDetails": {
            "isLocalhost": false
         },
         "url": "https://github.com/search"
      }
   }
}
[1762356513.770][DEBUG]: DevTools WebSocket Command: Runtime.callFunctionOn (id=98) (session_id=4DCB025D4F4ED801B3571B81546B2590) 63163AC2DBA8772733A5A69B0BB490D8 {
   "arguments": [ {
      "objectId": "8779287950773027740.2.23"
   } ],
   "awaitPromise": true,
   "functionDeclaration": "function(){ return (function() { // Copyright 2012 The Chromium Authors\n// Use of this source code is governed by a BSD-style license that can be\n// found in the LICENSE file.\n\n/**\n * Enum for WebD...",
   "objectGroup": "21aa2157-56db-4490-82f4-59171fa95c0e",
   "serializationOptions": {
      "serialization": "deep"
   },
   "uniqueContextId": "-8908945788913384037.-1572819235194483600"
}
[1762356513.772][DEBUG]: DevTools WebSocket Response: Runtime.callFunctionOn (id=98) (session_id=4DCB025D4F4ED801B3571B81546B2590) 63163AC2DBA8772733A5A69B0BB490D8 {
   "result": {
      "className": "Array",
      "deepSerializedValue": {
         "type": "array",
         "value": [ {
            "type": "string",
            "value": "{\"status\":0,\"value\":null}"
         } ]
      },
      "description": "Array(1)",
      "objectId": "8779287950773027740.2.24",
      "subtype": "array",
      "type": "object"
   }
}
[1762356513.772][DEBUG]: DevTools WebSocket Command: Runtime.releaseObjectGroup (id=99) (session_id=4DCB025D4F4ED801B3571B81546B2590) 63163AC2DBA8772733A5A69B0BB490D8 {
   "objectGroup": "21aa2157-56db-4490-82f4-59171fa95c0e"
}
[1762356513.772][INFO]: Waiting for pending navigations...
[1762356513.772][DEBUG]: DevTools WebSocket Command: Runtime.evaluate (id=100) (session_id=4DCB025D4F4ED801B3571B81546B2590) 63163AC2DBA8772733A5A69B0BB490D8 {
   "expression": "1"
}
[1762356513.772][DEBUG]: DevTools WebSocket Response: Runtime.releaseObjectGroup (id=99) (session_id=4DCB025D4F4ED801B3571B81546B2590) 63163AC2DBA8772733A5A69B0BB490D8 {
}
[1762356513.772][DEBUG]: DevTools WebSocket Response: Runtime.evaluate (id=100) (session_id=4DCB025D4F4ED801B3571B81546B2590) 63163AC2DBA8772733A5A69B0BB490D8 {
   "result": {
      "description": "1",
      "type": "number",
      "value": 1
   }
}
[1762356513.772][INFO]: Done waiting for pending navigations. Status: ok
[1762356513.772][INFO]: [5dd5ad9cb758ee0a51bcfe57cd02220c] RESPONSE ClearElement
[1762356513.774][INFO]: [5dd5ad9cb758ee0a51bcfe57cd02220c] COMMAND GetElementProperty {
   "id": "f.63163AC2DBA8772733A5A69B0BB490D8.d.BC52F7741AFE59B6A079A84D9A41AFB1.e.25",
   "name": "value"
}
[1762356513.774][INFO]: Waiting for pending navigations...
[1762356513.774][DEBUG]: DevTools WebSocket Command: Runtime.evaluate (id=101) (session_id=4DCB025D4F4ED801B3571B81546B2590) 63163AC2DBA8772733A5A69B0BB490D8 {
   "expression": "1"
}
[1762356513.774][DEBUG]: DevTools WebSocket Response: Runtime.evaluate (id=101) (session_id=4DCB025D4F4ED801B3571B81546B2590) 63163AC2DBA8772733A5A69B0BB490D8 {
   "result": {
      "description": "1",
      "type": "number",
      "value": 1
   }
}
[1762356513.774][INFO]: Done waiting for pending navigations. Status: ok
[1762356513.774][DEBUG]: DevTools WebSocket Command: Page.getFrameTree (id=102) (session_id=4DCB025D4F4ED801B3571B81546B2590) 63163AC2DBA8772733A5A69B0BB490D8 {
}
[1762356513.774][DEBUG]: DevTools WebSocket Response: Page.getFrameTree (id=102) (session_id=4DCB025D4F4ED801B3571B81546B2590) 63163AC2DBA8772733A5A69B0BB490D8 {
   "frameTree": {
      "frame": {
         "adFrameStatus": {
            "adFrameType": "none"
         },
         "crossOriginIsolatedContextType": "NotIsolated",
         "domainAndRegistry": "github.com",
         "gatedAPIFeatures": [  ],
         "id": "63163AC2DBA8772733A5A69B0BB490D8",
         "loaderId": "BC52F7741AFE59B6A079A84D9A41AFB1",
         "mimeType": "text/html",
         "secureContextType": "Secure",
         "securityOrigin": "https://github.com",
         "securityOriginDetails": {
            "isLocalhost": false
         },
         "url": "https://github.com/search"
      }
   }
}
[1762356513.774][DEBUG]: DevTools WebSocket Command: DOM.resolveNode (id=103) (session_id=4DCB025D4F4ED801B3571B81546B2590) 63163AC2DBA8772733A5A69B0BB490D8 {
   "backendNodeId": 25,
   "objectGroup": "680b16fe-90e3-4ad0-bec2-6481a22ff270"
}
[1762356513.774][DEBUG]: DevTools WebSocket Response: DOM.resolveNode (id=103) (session_id=4DCB025D4F4ED801B3571B81546B2590) 63163AC2DBA8772733A5A69B0BB490D8 {
   "object": {
      "className": "HTMLInputElement",
      "description": "input.prc-components-Input-Ic-y8",
      "objectId": "8779287950773027740.2.25",
      "subtype": "node",
      "type": "object"
   }
}
[1762356513.774][DEBUG]: DevTools WebSocket Command: Page.getFrameTree (id=104) (session_id=4DCB025D4F4ED801B3571B81546B2590) 63163AC2DBA8772733A5A69B0BB490D8 {
}
[1762356513.775][DEBUG]: DevTools WebSocket Response: Page.getFrameTree (id=104) (session_id=4DCB025D4F4ED801B3571B81546B2590) 63163AC2DBA8772733A5A69B0BB490D8 {
   "frameTree": {
      "frame": {
         "adFrameStatus": {
            "adFrameType": "none"
         },
         "crossOriginIsolatedContextType": "NotIsolated",
         "domainAndRegistry": "github.com",
         "gatedAPIFeatures": [  ],
         "id": "63163AC2DBA8772733A5A69B0BB490D8",
         "loaderId": "BC52F7741AFE59B6A079A84D9A41AFB1",
         "mimeType": "text/html",
         "secureContextType": "Secure",
         "securityOrigin": "https://github.com",
         "securityOriginDetails": {
            "isLocalhost": false
         },
         "url": "https://github.com/search"
      }
   }
}
[1762356513.775][DEBUG]: DevTools WebSocket Command: Runtime.callFunctionOn (id=105) (session_id=4DCB025D4F4ED801B3571B81546B2590) 63163AC2DBA8772733A5A69B0BB490D8 {
   "arguments": [ {
      "objectId": "8779287950773027740.2.25"
   } ],
   "awaitPromise": true,
   "functionDeclaration": "function(){ return (function() { // Copyright 2012 The Chromium Authors\n// Use of this source code is governed by a BSD-style license that can be\n// found in the LICENSE file.\n\n/**\n * Enum for WebD...",
   "objectGroup": "680b16fe-90e3-4ad0-bec2-6481a22ff270",
   "serializationOptions": {
      "serialization": "deep"
   },
   "uniqueContextId": "-8908945788913384037.-1572819235194483600"
}
[1762356513.775][DEBUG]: DevTools WebSocket Response: Runtime.callFunctionOn (id=105) (session_id=4DCB025D4F4ED801B3571B81546B2590) 63163AC2DBA8772733A5A69B0BB490D8 {
   "result": {
      "className": "Array",
      "deepSerializedValue": {
         "type": "array",
         "value": [ {
            "type": "string",
            "value": "{\"status\":0,\"value\":\"\"}"
         } ]
      },
      "description": "Array(1)",
      "objectId": "8779287950773027740.2.26",
      "subtype": "array",
      "type": "object"
   }
}
[1762356513.775][DEBUG]: DevTools WebSocket Command: Runtime.releaseObjectGroup (id=106) (session_id=4DCB025D4F4ED801B3571B81546B2590) 63163AC2DBA8772733A5A69B0BB490D8 {
   "objectGroup": "680b16fe-90e3-4ad0-bec2-6481a22ff270"
}
[1762356513.775][INFO]: Waiting for pending navigations...
[1762356513.775][DEBUG]: DevTools WebSocket Command: Runtime.evaluate (id=107) (session_id=4DCB025D4F4ED801B3571B81546B2590) 63163AC2DBA8772733A5A69B0BB490D8 {
   "expression": "1"
}
[1762356513.775][DEBUG]: DevTools WebSocket Response: Runtime.releaseObjectGroup (id=106) (session_id=4DCB025D4F4ED801B3571B81546B2590) 63163AC2DBA8772733A5A69B0BB490D8 {
}
[1762356513.775][DEBUG]: DevTools WebSocket Response: Runtime.evaluate (id=107) (session_id=4DCB025D4F4ED801B3571B81546B2590) 63163AC2DBA8772733A5A69B0BB490D8 {
   "result": {
      "description": "1",
      "type": "number",
      "value": 1
   }
}
[1762356513.775][INFO]: Done waiting for pending navigations. Status: ok
[1762356513.775][INFO]: [5dd5ad9cb758ee0a51bcfe57cd02220c] RESPONSE GetElementProperty ""
[1762356513.777][INFO]: [5dd5ad9cb758ee0a51bcfe57cd02220c] COMMAND TypeElement {
   "id": "f.63163AC2DBA8772733A5A69B0BB490D8.d.BC52F7741AFE59B6A079A84D9A41AFB1.e.25",
   "text": "nightwatch",
   "value": [ "n", "i", "g", "h", "t", "w", "a", "t", "c", "h" ]
}
[1762356513.777][INFO]: Waiting for pending navigations...
[1762356513.777][DEBUG]: DevTools WebSocket Command: Runtime.evaluate (id=108) (session_id=4DCB025D4F4ED801B3571B81546B2590) 63163AC2DBA8772733A5A69B0BB490D8 {
   "expression": "1"
}
[1762356513.777][DEBUG]: DevTools WebSocket Response: Runtime.evaluate (id=108) (session_id=4DCB025D4F4ED801B3571B81546B2590) 63163AC2DBA8772733A5A69B0BB490D8 {
   "result": {
      "description": "1",
      "type": "number",
      "value": 1
   }
}
[1762356513.777][INFO]: Done waiting for pending navigations. Status: ok
[1762356513.777][DEBUG]: DevTools WebSocket Command: Page.getFrameTree (id=109) (session_id=4DCB025D4F4ED801B3571B81546B2590) 63163AC2DBA8772733A5A69B0BB490D8 {
}
[1762356513.778][DEBUG]: DevTools WebSocket Response: Page.getFrameTree (id=109) (session_id=4DCB025D4F4ED801B3571B81546B2590) 63163AC2DBA8772733A5A69B0BB490D8 {
   "frameTree": {
      "frame": {
         "adFrameStatus": {
            "adFrameType": "none"
         },
         "crossOriginIsolatedContextType": "NotIsolated",
         "domainAndRegistry": "github.com",
         "gatedAPIFeatures": [  ],
         "id": "63163AC2DBA8772733A5A69B0BB490D8",
         "loaderId": "BC52F7741AFE59B6A079A84D9A41AFB1",
         "mimeType": "text/html",
         "secureContextType": "Secure",
         "securityOrigin": "https://github.com",
         "securityOriginDetails": {
            "isLocalhost": false
         },
         "url": "https://github.com/search"
      }
   }
}
[1762356513.778][DEBUG]: DevTools WebSocket Command: DOM.resolveNode (id=110) (session_id=4DCB025D4F4ED801B3571B81546B2590) 63163AC2DBA8772733A5A69B0BB490D8 {
   "backendNodeId": 25,
   "objectGroup": "d9ed46fc-64c4-4d28-beb4-07ef3e051e6a"
}
[1762356513.778][DEBUG]: DevTools WebSocket Response: DOM.resolveNode (id=110) (session_id=4DCB025D4F4ED801B3571B81546B2590) 63163AC2DBA8772733A5A69B0BB490D8 {
   "object": {
      "className": "HTMLInputElement",
      "description": "input.prc-components-Input-Ic-y8",
      "objectId": "8779287950773027740.2.27",
      "subtype": "node",
      "type": "object"
   }
}
[1762356513.778][DEBUG]: DevTools WebSocket Command: Page.getFrameTree (id=111) (session_id=4DCB025D4F4ED801B3571B81546B2590) 63163AC2DBA8772733A5A69B0BB490D8 {
}
[1762356513.778][DEBUG]: DevTools WebSocket Response: Page.getFrameTree (id=111) (session_id=4DCB025D4F4ED801B3571B81546B2590) 63163AC2DBA8772733A5A69B0BB490D8 {
   "frameTree": {
      "frame": {
         "adFrameStatus": {
            "adFrameType": "none"
         },
         "crossOriginIsolatedContextType": "NotIsolated",
         "domainAndRegistry": "github.com",
         "gatedAPIFeatures": [  ],
         "id": "63163AC2DBA8772733A5A69B0BB490D8",
         "loaderId": "BC52F7741AFE59B6A079A84D9A41AFB1",
         "mimeType": "text/html",
         "secureContextType": "Secure",
         "securityOrigin": "https://github.com",
         "securityOriginDetails": {
            "isLocalhost": false
         },
         "url": "https://github.com/search"
      }
   }
}
[1762356513.779][DEBUG]: DevTools WebSocket Command: Runtime.callFunctionOn (id=112) (session_id=4DCB025D4F4ED801B3571B81546B2590) 63163AC2DBA8772733A5A69B0BB490D8 {
   "arguments": [ {
      "objectId": "8779287950773027740.2.27"
   } ],
   "awaitPromise": true,
   "functionDeclaration": "function(){ return (function() { // Copyright 2012 The Chromium Authors\n// Use of this source code is governed by a BSD-style license that can be\n// found in the LICENSE file.\n\n/**\n * Enum for WebD...",
   "objectGroup": "d9ed46fc-64c4-4d28-beb4-07ef3e051e6a",
   "serializationOptions": {
      "serialization": "deep"
   },
   "uniqueContextId": "-8908945788913384037.-1572819235194483600"
}
[1762356513.782][DEBUG]: DevTools WebSocket Response: Runtime.callFunctionOn (id=112) (session_id=4DCB025D4F4ED801B3571B81546B2590) 63163AC2DBA8772733A5A69B0BB490D8 {
   "result": {
      "className": "Array",
      "deepSerializedValue": {
         "type": "array",
         "value": [ {
            "type": "string",
            "value": "{\"status\":0,\"value\":\"INPUT\"}"
         } ]
      },
      "description": "Array(1)",
      "objectId": "8779287950773027740.2.28",
      "subtype": "array",
      "type": "object"
   }
}
[1762356513.782][DEBUG]: DevTools WebSocket Command: Runtime.releaseObjectGroup (id=113) (session_id=4DCB025D4F4ED801B3571B81546B2590) 63163AC2DBA8772733A5A69B0BB490D8 {
   "objectGroup": "d9ed46fc-64c4-4d28-beb4-07ef3e051e6a"
}
[1762356513.782][DEBUG]: DevTools WebSocket Command: Page.getFrameTree (id=114) (session_id=4DCB025D4F4ED801B3571B81546B2590) 63163AC2DBA8772733A5A69B0BB490D8 {
}
[1762356513.782][DEBUG]: DevTools WebSocket Response: Runtime.releaseObjectGroup (id=113) (session_id=4DCB025D4F4ED801B3571B81546B2590) 63163AC2DBA8772733A5A69B0BB490D8 {
}
[1762356513.782][DEBUG]: DevTools WebSocket Response: Page.getFrameTree (id=114) (session_id=4DCB025D4F4ED801B3571B81546B2590) 63163AC2DBA8772733A5A69B0BB490D8 {
   "frameTree": {
      "frame": {
         "adFrameStatus": {
            "adFrameType": "none"
         },
         "crossOriginIsolatedContextType": "NotIsolated",
         "domainAndRegistry": "github.com",
         "gatedAPIFeatures": [  ],
         "id": "63163AC2DBA8772733A5A69B0BB490D8",
         "loaderId": "BC52F7741AFE59B6A079A84D9A41AFB1",
         "mimeType": "text/html",
         "secureContextType": "Secure",
         "securityOrigin": "https://github.com",
         "securityOriginDetails": {
            "isLocalhost": false
         },
         "url": "https://github.com/search"
      }
   }
}
[1762356513.782][DEBUG]: DevTools WebSocket Command: DOM.resolveNode (id=115) (session_id=4DCB025D4F4ED801B3571B81546B2590) 63163AC2DBA8772733A5A69B0BB490D8 {
   "backendNodeId": 25,
   "objectGroup": "918cb1d3-67a2-4c2b-9a17-1b67dcfc47bb"
}
[1762356513.782][DEBUG]: DevTools WebSocket Response: DOM.resolveNode (id=115) (session_id=4DCB025D4F4ED801B3571B81546B2590) 63163AC2DBA8772733A5A69B0BB490D8 {
   "object": {
      "className": "HTMLInputElement",
      "description": "input.prc-components-Input-Ic-y8",
      "objectId": "8779287950773027740.2.29",
      "subtype": "node",
      "type": "object"
   }
}
[1762356513.782][DEBUG]: DevTools WebSocket Command: Page.getFrameTree (id=116) (session_id=4DCB025D4F4ED801B3571B81546B2590) 63163AC2DBA8772733A5A69B0BB490D8 {
}
[1762356513.783][DEBUG]: DevTools WebSocket Response: Page.getFrameTree (id=116) (session_id=4DCB025D4F4ED801B3571B81546B2590) 63163AC2DBA8772733A5A69B0BB490D8 {
   "frameTree": {
      "frame": {
         "adFrameStatus": {
            "adFrameType": "none"
         },
         "crossOriginIsolatedContextType": "NotIsolated",
         "domainAndRegistry": "github.com",
         "gatedAPIFeatures": [  ],
         "id": "63163AC2DBA8772733A5A69B0BB490D8",
         "loaderId": "BC52F7741AFE59B6A079A84D9A41AFB1",
         "mimeType": "text/html",
         "secureContextType": "Secure",
         "securityOrigin": "https://github.com",
         "securityOriginDetails": {
            "isLocalhost": false
         },
         "url": "https://github.com/search"
      }
   }
}
[1762356513.783][DEBUG]: DevTools WebSocket Command: Runtime.callFunctionOn (id=117) (session_id=4DCB025D4F4ED801B3571B81546B2590) 63163AC2DBA8772733A5A69B0BB490D8 {
   "arguments": [ {
      "objectId": "8779287950773027740.2.29"
   } ],
   "awaitPromise": true,
   "functionDeclaration": "function(){ return (function() { // Copyright 2012 The Chromium Authors\n// Use of this source code is governed by a BSD-style license that can be\n// found in the LICENSE file.\n\n/**\n * Enum for WebD...",
   "objectGroup": "918cb1d3-67a2-4c2b-9a17-1b67dcfc47bb",
   "serializationOptions": {
      "serialization": "deep"
   },
   "uniqueContextId": "-8908945788913384037.-1572819235194483600"
}
[1762356513.784][DEBUG]: DevTools WebSocket Response: Runtime.callFunctionOn (id=117) (session_id=4DCB025D4F4ED801B3571B81546B2590) 63163AC2DBA8772733A5A69B0BB490D8 {
   "result": {
      "className": "Array",
      "deepSerializedValue": {
         "type": "array",
         "value": [ {
            "type": "string",
            "value": "{\"status\":0,\"value\":\"text\"}"
         } ]
      },
      "description": "Array(1)",
      "objectId": "8779287950773027740.2.30",
      "subtype": "array",
      "type": "object"
   }
}
[1762356513.784][DEBUG]: DevTools WebSocket Command: Runtime.releaseObjectGroup (id=118) (session_id=4DCB025D4F4ED801B3571B81546B2590) 63163AC2DBA8772733A5A69B0BB490D8 {
   "objectGroup": "918cb1d3-67a2-4c2b-9a17-1b67dcfc47bb"
}
[1762356513.784][DEBUG]: DevTools WebSocket Command: Page.getFrameTree (id=119) (session_id=4DCB025D4F4ED801B3571B81546B2590) 63163AC2DBA8772733A5A69B0BB490D8 {
}
[1762356513.784][DEBUG]: DevTools WebSocket Response: Runtime.releaseObjectGroup (id=118) (session_id=4DCB025D4F4ED801B3571B81546B2590) 63163AC2DBA8772733A5A69B0BB490D8 {
}
[1762356513.785][DEBUG]: DevTools WebSocket Response: Page.getFrameTree (id=119) (session_id=4DCB025D4F4ED801B3571B81546B2590) 63163AC2DBA8772733A5A69B0BB490D8 {
   "frameTree": {
      "frame": {
         "adFrameStatus": {
            "adFrameType": "none"
         },
         "crossOriginIsolatedContextType": "NotIsolated",
         "domainAndRegistry": "github.com",
         "gatedAPIFeatures": [  ],
         "id": "63163AC2DBA8772733A5A69B0BB490D8",
         "loaderId": "BC52F7741AFE59B6A079A84D9A41AFB1",
         "mimeType": "text/html",
         "secureContextType": "Secure",
         "securityOrigin": "https://github.com",
         "securityOriginDetails": {
            "isLocalhost": false
         },
         "url": "https://github.com/search"
      }
   }
}
[1762356513.785][DEBUG]: DevTools WebSocket Command: DOM.resolveNode (id=120) (session_id=4DCB025D4F4ED801B3571B81546B2590) 63163AC2DBA8772733A5A69B0BB490D8 {
   "backendNodeId": 25,
   "objectGroup": "b19a8933-736c-42ed-9646-7ae089a013be"
}
[1762356513.785][DEBUG]: DevTools WebSocket Response: DOM.resolveNode (id=120) (session_id=4DCB025D4F4ED801B3571B81546B2590) 63163AC2DBA8772733A5A69B0BB490D8 {
   "object": {
      "className": "HTMLInputElement",
      "description": "input.prc-components-Input-Ic-y8",
      "objectId": "8779287950773027740.2.31",
      "subtype": "node",
      "type": "object"
   }
}
[1762356513.785][DEBUG]: DevTools WebSocket Command: Page.getFrameTree (id=121) (session_id=4DCB025D4F4ED801B3571B81546B2590) 63163AC2DBA8772733A5A69B0BB490D8 {
}
[1762356513.785][DEBUG]: DevTools WebSocket Response: Page.getFrameTree (id=121) (session_id=4DCB025D4F4ED801B3571B81546B2590) 63163AC2DBA8772733A5A69B0BB490D8 {
   "frameTree": {
      "frame": {
         "adFrameStatus": {
            "adFrameType": "none"
         },
         "crossOriginIsolatedContextType": "NotIsolated",
         "domainAndRegistry": "github.com",
         "gatedAPIFeatures": [  ],
         "id": "63163AC2DBA8772733A5A69B0BB490D8",
         "loaderId": "BC52F7741AFE59B6A079A84D9A41AFB1",
         "mimeType": "text/html",
         "secureContextType": "Secure",
         "securityOrigin": "https://github.com",
         "securityOriginDetails": {
            "isLocalhost": false
         },
         "url": "https://github.com/search"
      }
   }
}
[1762356513.785][DEBUG]: DevTools WebSocket Command: Runtime.callFunctionOn (id=122) (session_id=4DCB025D4F4ED801B3571B81546B2590) 63163AC2DBA8772733A5A69B0BB490D8 {
   "arguments": [ {
      "objectId": "8779287950773027740.2.31"
   } ],
   "awaitPromise": true,
   "functionDeclaration": "function(){ return (function() { // Copyright 2012 The Chromium Authors\n// Use of this source code is governed by a BSD-style license that can be\n// found in the LICENSE file.\n\n/**\n * Enum for WebD...",
   "objectGroup": "b19a8933-736c-42ed-9646-7ae089a013be",
   "serializationOptions": {
      "serialization": "deep"
   },
   "uniqueContextId": "-8908945788913384037.-1572819235194483600"
}
[1762356513.786][DEBUG]: DevTools WebSocket Response: Runtime.callFunctionOn (id=122) (session_id=4DCB025D4F4ED801B3571B81546B2590) 63163AC2DBA8772733A5A69B0BB490D8 {
   "result": {
      "className": "Array",
      "deepSerializedValue": {
         "type": "array",
         "value": [ {
            "type": "string",
            "value": "{\"status\":0,\"value\":false}"
         } ]
      },
      "description": "Array(1)",
      "objectId": "8779287950773027740.2.32",
      "subtype": "array",
      "type": "object"
   }
}
[1762356513.786][DEBUG]: DevTools WebSocket Command: Runtime.releaseObjectGroup (id=123) (session_id=4DCB025D4F4ED801B3571B81546B2590) 63163AC2DBA8772733A5A69B0BB490D8 {
   "objectGroup": "b19a8933-736c-42ed-9646-7ae089a013be"
}
[1762356513.786][DEBUG]: DevTools WebSocket Command: Page.getFrameTree (id=124) (session_id=4DCB025D4F4ED801B3571B81546B2590) 63163AC2DBA8772733A5A69B0BB490D8 {
}
[1762356513.786][DEBUG]: DevTools WebSocket Response: Runtime.releaseObjectGroup (id=123) (session_id=4DCB025D4F4ED801B3571B81546B2590) 63163AC2DBA8772733A5A69B0BB490D8 {
}
[1762356513.786][DEBUG]: DevTools WebSocket Response: Page.getFrameTree (id=124) (session_id=4DCB025D4F4ED801B3571B81546B2590) 63163AC2DBA8772733A5A69B0BB490D8 {
   "frameTree": {
      "frame": {
         "adFrameStatus": {
            "adFrameType": "none"
         },
         "crossOriginIsolatedContextType": "NotIsolated",
         "domainAndRegistry": "github.com",
         "gatedAPIFeatures": [  ],
         "id": "63163AC2DBA8772733A5A69B0BB490D8",
         "loaderId": "BC52F7741AFE59B6A079A84D9A41AFB1",
         "mimeType": "text/html",
         "secureContextType": "Secure",
         "securityOrigin": "https://github.com",
         "securityOriginDetails": {
            "isLocalhost": false
         },
         "url": "https://github.com/search"
      }
   }
}
[1762356513.786][DEBUG]: DevTools WebSocket Command: DOM.resolveNode (id=125) (session_id=4DCB025D4F4ED801B3571B81546B2590) 63163AC2DBA8772733A5A69B0BB490D8 {
   "backendNodeId": 25,
   "objectGroup": "daa8d2a9-ec80-4bc4-ae89-a867eb46c9ee"
}
[1762356513.786][DEBUG]: DevTools WebSocket Response: DOM.resolveNode (id=125) (session_id=4DCB025D4F4ED801B3571B81546B2590) 63163AC2DBA8772733A5A69B0BB490D8 {
   "object": {
      "className": "HTMLInputElement",
      "description": "input.prc-components-Input-Ic-y8",
      "objectId": "8779287950773027740.2.33",
      "subtype": "node",
      "type": "object"
   }
}
[1762356513.786][DEBUG]: DevTools WebSocket Command: Page.getFrameTree (id=126) (session_id=4DCB025D4F4ED801B3571B81546B2590) 63163AC2DBA8772733A5A69B0BB490D8 {
}
[1762356513.786][DEBUG]: DevTools WebSocket Response: Page.getFrameTree (id=126) (session_id=4DCB025D4F4ED801B3571B81546B2590) 63163AC2DBA8772733A5A69B0BB490D8 {
   "frameTree": {
      "frame": {
         "adFrameStatus": {
            "adFrameType": "none"
         },
         "crossOriginIsolatedContextType": "NotIsolated",
         "domainAndRegistry": "github.com",
         "gatedAPIFeatures": [  ],
         "id": "63163AC2DBA8772733A5A69B0BB490D8",
         "loaderId": "BC52F7741AFE59B6A079A84D9A41AFB1",
         "mimeType": "text/html",
         "secureContextType": "Secure",
         "securityOrigin": "https://github.com",
         "securityOriginDetails": {
            "isLocalhost": false
         },
         "url": "https://github.com/search"
      }
   }
}
[1762356513.787][DEBUG]: DevTools WebSocket Command: Runtime.callFunctionOn (id=127) (session_id=4DCB025D4F4ED801B3571B81546B2590) 63163AC2DBA8772733A5A69B0BB490D8 {
   "arguments": [ {
      "objectId": "8779287950773027740.2.33"
   } ],
   "awaitPromise": true,
   "functionDeclaration": "function(){ return (function() { // Copyright 2012 The Chromium Authors\n// Use of this source code is governed by a BSD-style license that can be\n// found in the LICENSE file.\n\n/**\n * Enum for WebD...",
   "objectGroup": "daa8d2a9-ec80-4bc4-ae89-a867eb46c9ee",
   "serializationOptions": {
      "serialization": "deep"
   },
   "uniqueContextId": "-8908945788913384037.-1572819235194483600"
}
[1762356513.788][DEBUG]: DevTools WebSocket Response: Runtime.callFunctionOn (id=127) (session_id=4DCB025D4F4ED801B3571B81546B2590) 63163AC2DBA8772733A5A69B0BB490D8 {
   "result": {
      "className": "Array",
      "deepSerializedValue": {
         "type": "array",
         "value": [ {
            "type": "string",
            "value": "{\"status\":0,\"value\":\"INPUT\"}"
         } ]
      },
      "description": "Array(1)",
      "objectId": "8779287950773027740.2.34",
      "subtype": "array",
      "type": "object"
   }
}
[1762356513.788][DEBUG]: DevTools WebSocket Command: Runtime.releaseObjectGroup (id=128) (session_id=4DCB025D4F4ED801B3571B81546B2590) 63163AC2DBA8772733A5A69B0BB490D8 {
   "objectGroup": "daa8d2a9-ec80-4bc4-ae89-a867eb46c9ee"
}
[1762356513.788][DEBUG]: DevTools WebSocket Command: Runtime.evaluate (id=129) (session_id=4DCB025D4F4ED801B3571B81546B2590) 63163AC2DBA8772733A5A69B0BB490D8 {
   "awaitPromise": false,
   "expression": "document.hasFocus()",
   "returnByValue": true
}
[1762356513.788][DEBUG]: DevTools WebSocket Response: Runtime.releaseObjectGroup (id=128) (session_id=4DCB025D4F4ED801B3571B81546B2590) 63163AC2DBA8772733A5A69B0BB490D8 {
}
[1762356513.788][DEBUG]: DevTools WebSocket Response: Runtime.evaluate (id=129) (session_id=4DCB025D4F4ED801B3571B81546B2590) 63163AC2DBA8772733A5A69B0BB490D8 {
   "result": {
      "type": "boolean",
      "value": true
   }
}
[1762356513.788][DEBUG]: DevTools WebSocket Command: Page.getFrameTree (id=130) (session_id=4DCB025D4F4ED801B3571B81546B2590) 63163AC2DBA8772733A5A69B0BB490D8 {
}
[1762356513.788][DEBUG]: DevTools WebSocket Response: Page.getFrameTree (id=130) (session_id=4DCB025D4F4ED801B3571B81546B2590) 63163AC2DBA8772733A5A69B0BB490D8 {
   "frameTree": {
      "frame": {
         "adFrameStatus": {
            "adFrameType": "none"
         },
         "crossOriginIsolatedContextType": "NotIsolated",
         "domainAndRegistry": "github.com",
         "gatedAPIFeatures": [  ],
         "id": "63163AC2DBA8772733A5A69B0BB490D8",
         "loaderId": "BC52F7741AFE59B6A079A84D9A41AFB1",
         "mimeType": "text/html",
         "secureContextType": "Secure",
         "securityOrigin": "https://github.com",
         "securityOriginDetails": {
            "isLocalhost": false
         },
         "url": "https://github.com/search"
      }
   }
}
[1762356513.788][DEBUG]: DevTools WebSocket Command: Page.getFrameTree (id=131) (session_id=4DCB025D4F4ED801B3571B81546B2590) 63163AC2DBA8772733A5A69B0BB490D8 {
}
[1762356513.788][DEBUG]: DevTools WebSocket Response: Page.getFrameTree (id=131) (session_id=4DCB025D4F4ED801B3571B81546B2590) 63163AC2DBA8772733A5A69B0BB490D8 {
   "frameTree": {
      "frame": {
         "adFrameStatus": {
            "adFrameType": "none"
         },
         "crossOriginIsolatedContextType": "NotIsolated",
         "domainAndRegistry": "github.com",
         "gatedAPIFeatures": [  ],
         "id": "63163AC2DBA8772733A5A69B0BB490D8",
         "loaderId": "BC52F7741AFE59B6A079A84D9A41AFB1",
         "mimeType": "text/html",
         "secureContextType": "Secure",
         "securityOrigin": "https://github.com",
         "securityOriginDetails": {
            "isLocalhost": false
         },
         "url": "https://github.com/search"
      }
   }
}
[1762356513.789][DEBUG]: DevTools WebSocket Command: Runtime.callFunctionOn (id=132) (session_id=4DCB025D4F4ED801B3571B81546B2590) 63163AC2DBA8772733A5A69B0BB490D8 {
   "arguments": [  ],
   "awaitPromise": true,
   "functionDeclaration": "function(){ return (function() { // Copyright 2012 The Chromium Authors\n// Use of this source code is governed by a BSD-style license that can be\n// found in the LICENSE file.\n\n/**\n * Enum for WebD...",
   "serializationOptions": {
      "serialization": "deep"
   },
   "uniqueContextId": "-8908945788913384037.-1572819235194483600"
}
[1762356513.789][DEBUG]: DevTools WebSocket Response: Runtime.callFunctionOn (id=132) (session_id=4DCB025D4F4ED801B3571B81546B2590) 63163AC2DBA8772733A5A69B0BB490D8 {
   "result": {
      "className": "Array",
      "deepSerializedValue": {
         "type": "array",
         "value": [ {
            "type": "string",
            "value": "{\"status\":0,\"value\":{\"element-6066-11e4-a52e-4f735466cecf\":0}}"
         }, {
            "type": "node",
            "value": {
               "attributes": {
                  "aria-describedby": ":R9b: :R9bH1:",
                  "aria-label": "Search GitHub",
                  "autofocus": "",
                  "class": "prc-components-Input-Ic-y8",
                  "data-component": "input",
                  "placeholder": "Search GitHub",
                  "type": "text",
                  "value": ""
               },
               "backendNodeId": 25,
               "childNodeCount": 0,
               "loaderId": "BC52F7741AFE59B6A079A84D9A41AFB1",
               "localName": "input",
               "namespaceURI": "http://www.w3.org/1999/xhtml",
               "nodeType": 1,
               "shadowRoot": {
                  "type": "node",
                  "value": {
                     "backendNodeId": 56,
                     "childNodeCount": 2,
                     "loaderId": "BC52F7741AFE59B6A079A84D9A41AFB1",
                     "mode": "closed",
                     "nodeType": 11
                  }
               }
            }
         } ]
      },
      "description": "Array(2)",
      "objectId": "8779287950773027740.2.35",
      "subtype": "array",
      "type": "object"
   }
}
[1762356513.790][DEBUG]: DevTools WebSocket Command: Input.dispatchKeyEvent (id=133) (session_id=4DCB025D4F4ED801B3571B81546B2590) 63163AC2DBA8772733A5A69B0BB490D8 {
   "code": "KeyN",
   "key": "n",
   "modifiers": 0,
   "text": "n",
   "type": "rawKeyDown",
   "unmodifiedText": "n",
   "windowsVirtualKeyCode": 78
}
[1762356513.790][DEBUG]: DevTools WebSocket Command: Input.dispatchKeyEvent (id=134) (session_id=4DCB025D4F4ED801B3571B81546B2590) 63163AC2DBA8772733A5A69B0BB490D8 {
   "code": "KeyN",
   "key": "n",
   "modifiers": 0,
   "text": "n",
   "type": "char",
   "unmodifiedText": "n",
   "windowsVirtualKeyCode": 78
}
[1762356513.790][DEBUG]: DevTools WebSocket Command: Input.dispatchKeyEvent (id=135) (session_id=4DCB025D4F4ED801B3571B81546B2590) 63163AC2DBA8772733A5A69B0BB490D8 {
   "code": "KeyN",
   "key": "n",
   "modifiers": 0,
   "text": "n",
   "type": "keyUp",
   "unmodifiedText": "n",
   "windowsVirtualKeyCode": 78
}
[1762356513.790][DEBUG]: DevTools WebSocket Command: Input.dispatchKeyEvent (id=136) (session_id=4DCB025D4F4ED801B3571B81546B2590) 63163AC2DBA8772733A5A69B0BB490D8 {
   "code": "KeyI",
   "key": "i",
   "modifiers": 0,
   "text": "i",
   "type": "rawKeyDown",
   "unmodifiedText": "i",
   "windowsVirtualKeyCode": 73
}
[1762356513.790][DEBUG]: DevTools WebSocket Command: Input.dispatchKeyEvent (id=137) (session_id=4DCB025D4F4ED801B3571B81546B2590) 63163AC2DBA8772733A5A69B0BB490D8 {
   "code": "KeyI",
   "key": "i",
   "modifiers": 0,
   "text": "i",
   "type": "char",
   "unmodifiedText": "i",
   "windowsVirtualKeyCode": 73
}
[1762356513.790][DEBUG]: DevTools WebSocket Command: Input.dispatchKeyEvent (id=138) (session_id=4DCB025D4F4ED801B3571B81546B2590) 63163AC2DBA8772733A5A69B0BB490D8 {
   "code": "KeyI",
   "key": "i",
   "modifiers": 0,
   "text": "i",
   "type": "keyUp",
   "unmodifiedText": "i",
   "windowsVirtualKeyCode": 73
}
[1762356513.790][DEBUG]: DevTools WebSocket Command: Input.dispatchKeyEvent (id=139) (session_id=4DCB025D4F4ED801B3571B81546B2590) 63163AC2DBA8772733A5A69B0BB490D8 {
   "code": "KeyG",
   "key": "g",
   "modifiers": 0,
   "text": "g",
   "type": "rawKeyDown",
   "unmodifiedText": "g",
   "windowsVirtualKeyCode": 71
}
[1762356513.790][DEBUG]: DevTools WebSocket Command: Input.dispatchKeyEvent (id=140) (session_id=4DCB025D4F4ED801B3571B81546B2590) 63163AC2DBA8772733A5A69B0BB490D8 {
   "code": "KeyG",
   "key": "g",
   "modifiers": 0,
   "text": "g",
   "type": "char",
   "unmodifiedText": "g",
   "windowsVirtualKeyCode": 71
}
[1762356513.790][DEBUG]: DevTools WebSocket Command: Input.dispatchKeyEvent (id=141) (session_id=4DCB025D4F4ED801B3571B81546B2590) 63163AC2DBA8772733A5A69B0BB490D8 {
   "code": "KeyG",
   "key": "g",
   "modifiers": 0,
   "text": "g",
   "type": "keyUp",
   "unmodifiedText": "g",
   "windowsVirtualKeyCode": 71
}
[1762356513.790][DEBUG]: DevTools WebSocket Command: Input.dispatchKeyEvent (id=142) (session_id=4DCB025D4F4ED801B3571B81546B2590) 63163AC2DBA8772733A5A69B0BB490D8 {
   "code": "KeyH",
   "key": "h",
   "modifiers": 0,
   "text": "h",
   "type": "rawKeyDown",
   "unmodifiedText": "h",
   "windowsVirtualKeyCode": 72
}
[1762356513.790][DEBUG]: DevTools WebSocket Command: Input.dispatchKeyEvent (id=143) (session_id=4DCB025D4F4ED801B3571B81546B2590) 63163AC2DBA8772733A5A69B0BB490D8 {
   "code": "KeyH",
   "key": "h",
   "modifiers": 0,
   "text": "h",
   "type": "char",
   "unmodifiedText": "h",
   "windowsVirtualKeyCode": 72
}
[1762356513.790][DEBUG]: DevTools WebSocket Command: Input.dispatchKeyEvent (id=144) (session_id=4DCB025D4F4ED801B3571B81546B2590) 63163AC2DBA8772733A5A69B0BB490D8 {
   "code": "KeyH",
   "key": "h",
   "modifiers": 0,
   "text": "h",
   "type": "keyUp",
   "unmodifiedText": "h",
   "windowsVirtualKeyCode": 72
}
[1762356513.790][DEBUG]: DevTools WebSocket Command: Input.dispatchKeyEvent (id=145) (session_id=4DCB025D4F4ED801B3571B81546B2590) 63163AC2DBA8772733A5A69B0BB490D8 {
   "code": "KeyT",
   "key": "t",
   "modifiers": 0,
   "text": "t",
   "type": "rawKeyDown",
   "unmodifiedText": "t",
   "windowsVirtualKeyCode": 84
}
[1762356513.790][DEBUG]: DevTools WebSocket Command: Input.dispatchKeyEvent (id=146) (session_id=4DCB025D4F4ED801B3571B81546B2590) 63163AC2DBA8772733A5A69B0BB490D8 {
   "code": "KeyT",
   "key": "t",
   "modifiers": 0,
   "text": "t",
   "type": "char",
   "unmodifiedText": "t",
   "windowsVirtualKeyCode": 84
}
[1762356513.790][DEBUG]: DevTools WebSocket Command: Input.dispatchKeyEvent (id=147) (session_id=4DCB025D4F4ED801B3571B81546B2590) 63163AC2DBA8772733A5A69B0BB490D8 {
   "code": "KeyT",
   "key": "t",
   "modifiers": 0,
   "text": "t",
   "type": "keyUp",
   "unmodifiedText": "t",
   "windowsVirtualKeyCode": 84
}
[1762356513.790][DEBUG]: DevTools WebSocket Command: Input.dispatchKeyEvent (id=148) (session_id=4DCB025D4F4ED801B3571B81546B2590) 63163AC2DBA8772733A5A69B0BB490D8 {
   "code": "KeyW",
   "key": "w",
   "modifiers": 0,
   "text": "w",
   "type": "rawKeyDown",
   "unmodifiedText": "w",
   "windowsVirtualKeyCode": 87
}
[1762356513.791][DEBUG]: DevTools WebSocket Command: Input.dispatchKeyEvent (id=149) (session_id=4DCB025D4F4ED801B3571B81546B2590) 63163AC2DBA8772733A5A69B0BB490D8 {
   "code": "KeyW",
   "key": "w",
   "modifiers": 0,
   "text": "w",
   "type": "char",
   "unmodifiedText": "w",
   "windowsVirtualKeyCode": 87
}
[1762356513.791][DEBUG]: DevTools WebSocket Command: Input.dispatchKeyEvent (id=150) (session_id=4DCB025D4F4ED801B3571B81546B2590) 63163AC2DBA8772733A5A69B0BB490D8 {
   "code": "KeyW",
   "key": "w",
   "modifiers": 0,
   "text": "w",
   "type": "keyUp",
   "unmodifiedText": "w",
   "windowsVirtualKeyCode": 87
}
[1762356513.791][DEBUG]: DevTools WebSocket Command: Input.dispatchKeyEvent (id=151) (session_id=4DCB025D4F4ED801B3571B81546B2590) 63163AC2DBA8772733A5A69B0BB490D8 {
   "code": "KeyA",
   "key": "a",
   "modifiers": 0,
   "text": "a",
   "type": "rawKeyDown",
   "unmodifiedText": "a",
   "windowsVirtualKeyCode": 65
}
[1762356513.791][DEBUG]: DevTools WebSocket Command: Input.dispatchKeyEvent (id=152) (session_id=4DCB025D4F4ED801B3571B81546B2590) 63163AC2DBA8772733A5A69B0BB490D8 {
   "code": "KeyA",
   "key": "a",
   "modifiers": 0,
   "text": "a",
   "type": "char",
   "unmodifiedText": "a",
   "windowsVirtualKeyCode": 65
}
[1762356513.791][DEBUG]: DevTools WebSocket Command: Input.dispatchKeyEvent (id=153) (session_id=4DCB025D4F4ED801B3571B81546B2590) 63163AC2DBA8772733A5A69B0BB490D8 {
   "code": "KeyA",
   "key": "a",
   "modifiers": 0,
   "text": "a",
   "type": "keyUp",
   "unmodifiedText": "a",
   "windowsVirtualKeyCode": 65
}
[1762356513.791][DEBUG]: DevTools WebSocket Command: Input.dispatchKeyEvent (id=154) (session_id=4DCB025D4F4ED801B3571B81546B2590) 63163AC2DBA8772733A5A69B0BB490D8 {
   "code": "KeyT",
   "key": "t",
   "modifiers": 0,
   "text": "t",
   "type": "rawKeyDown",
   "unmodifiedText": "t",
   "windowsVirtualKeyCode": 84
}
[1762356513.791][DEBUG]: DevTools WebSocket Command: Input.dispatchKeyEvent (id=155) (session_id=4DCB025D4F4ED801B3571B81546B2590) 63163AC2DBA8772733A5A69B0BB490D8 {
   "code": "KeyT",
   "key": "t",
   "modifiers": 0,
   "text": "t",
   "type": "char",
   "unmodifiedText": "t",
   "windowsVirtualKeyCode": 84
}
[1762356513.791][DEBUG]: DevTools WebSocket Command: Input.dispatchKeyEvent (id=156) (session_id=4DCB025D4F4ED801B3571B81546B2590) 63163AC2DBA8772733A5A69B0BB490D8 {
   "code": "KeyT",
   "key": "t",
   "modifiers": 0,
   "text": "t",
   "type": "keyUp",
   "unmodifiedText": "t",
   "windowsVirtualKeyCode": 84
}
[1762356513.791][DEBUG]: DevTools WebSocket Command: Input.dispatchKeyEvent (id=157) (session_id=4DCB025D4F4ED801B3571B81546B2590) 63163AC2DBA8772733A5A69B0BB490D8 {
   "code": "KeyC",
   "key": "c",
   "modifiers": 0,
   "text": "c",
   "type": "rawKeyDown",
   "unmodifiedText": "c",
   "windowsVirtualKeyCode": 67
}
[1762356513.791][DEBUG]: DevTools WebSocket Command: Input.dispatchKeyEvent (id=158) (session_id=4DCB025D4F4ED801B3571B81546B2590) 63163AC2DBA8772733A5A69B0BB490D8 {
   "code": "KeyC",
   "key": "c",
   "modifiers": 0,
   "text": "c",
   "type": "char",
   "unmodifiedText": "c",
   "windowsVirtualKeyCode": 67
}
[1762356513.791][DEBUG]: DevTools WebSocket Command: Input.dispatchKeyEvent (id=159) (session_id=4DCB025D4F4ED801B3571B81546B2590) 63163AC2DBA8772733A5A69B0BB490D8 {
   "code": "KeyC",
   "key": "c",
   "modifiers": 0,
   "text": "c",
   "type": "keyUp",
   "unmodifiedText": "c",
   "windowsVirtualKeyCode": 67
}
[1762356513.791][DEBUG]: DevTools WebSocket Command: Input.dispatchKeyEvent (id=160) (session_id=4DCB025D4F4ED801B3571B81546B2590) 63163AC2DBA8772733A5A69B0BB490D8 {
   "code": "KeyH",
   "key": "h",
   "modifiers": 0,
   "text": "h",
   "type": "rawKeyDown",
   "unmodifiedText": "h",
   "windowsVirtualKeyCode": 72
}
[1762356513.791][DEBUG]: DevTools WebSocket Command: Input.dispatchKeyEvent (id=161) (session_id=4DCB025D4F4ED801B3571B81546B2590) 63163AC2DBA8772733A5A69B0BB490D8 {
   "code": "KeyH",
   "key": "h",
   "modifiers": 0,
   "text": "h",
   "type": "char",
   "unmodifiedText": "h",
   "windowsVirtualKeyCode": 72
}
[1762356513.791][DEBUG]: DevTools WebSocket Command: Input.dispatchKeyEvent (id=162) (session_id=4DCB025D4F4ED801B3571B81546B2590) 63163AC2DBA8772733A5A69B0BB490D8 {
   "code": "KeyH",
   "key": "h",
   "modifiers": 0,
   "text": "h",
   "type": "keyUp",
   "unmodifiedText": "h",
   "windowsVirtualKeyCode": 72
}
[1762356513.792][DEBUG]: DevTools WebSocket Response: Input.dispatchKeyEvent (id=133) (session_id=4DCB025D4F4ED801B3571B81546B2590) 63163AC2DBA8772733A5A69B0BB490D8 {
}
[1762356513.799][DEBUG]: DevTools WebSocket Response: Input.dispatchKeyEvent (id=134) (session_id=4DCB025D4F4ED801B3571B81546B2590) 63163AC2DBA8772733A5A69B0BB490D8 {
}
[1762356513.799][DEBUG]: DevTools WebSocket Response: Input.dispatchKeyEvent (id=135) (session_id=4DCB025D4F4ED801B3571B81546B2590) 63163AC2DBA8772733A5A69B0BB490D8 {
}
[1762356513.799][DEBUG]: DevTools WebSocket Response: Input.dispatchKeyEvent (id=136) (session_id=4DCB025D4F4ED801B3571B81546B2590) 63163AC2DBA8772733A5A69B0BB490D8 {
}
[1762356513.802][DEBUG]: DevTools WebSocket Response: Input.dispatchKeyEvent (id=137) (session_id=4DCB025D4F4ED801B3571B81546B2590) 63163AC2DBA8772733A5A69B0BB490D8 {
}
[1762356513.802][DEBUG]: DevTools WebSocket Response: Input.dispatchKeyEvent (id=138) (session_id=4DCB025D4F4ED801B3571B81546B2590) 63163AC2DBA8772733A5A69B0BB490D8 {
}
[1762356513.803][DEBUG]: DevTools WebSocket Response: Input.dispatchKeyEvent (id=139) (session_id=4DCB025D4F4ED801B3571B81546B2590) 63163AC2DBA8772733A5A69B0BB490D8 {
}
[1762356513.805][DEBUG]: DevTools WebSocket Response: Input.dispatchKeyEvent (id=140) (session_id=4DCB025D4F4ED801B3571B81546B2590) 63163AC2DBA8772733A5A69B0BB490D8 {
}
[1762356513.805][DEBUG]: DevTools WebSocket Response: Input.dispatchKeyEvent (id=141) (session_id=4DCB025D4F4ED801B3571B81546B2590) 63163AC2DBA8772733A5A69B0BB490D8 {
}
[1762356513.805][DEBUG]: DevTools WebSocket Response: Input.dispatchKeyEvent (id=142) (session_id=4DCB025D4F4ED801B3571B81546B2590) 63163AC2DBA8772733A5A69B0BB490D8 {
}
[1762356513.809][DEBUG]: DevTools WebSocket Response: Input.dispatchKeyEvent (id=143) (session_id=4DCB025D4F4ED801B3571B81546B2590) 63163AC2DBA8772733A5A69B0BB490D8 {
}
[1762356513.809][DEBUG]: DevTools WebSocket Response: Input.dispatchKeyEvent (id=144) (session_id=4DCB025D4F4ED801B3571B81546B2590) 63163AC2DBA8772733A5A69B0BB490D8 {
}
[1762356513.809][DEBUG]: DevTools WebSocket Response: Input.dispatchKeyEvent (id=145) (session_id=4DCB025D4F4ED801B3571B81546B2590) 63163AC2DBA8772733A5A69B0BB490D8 {
}
[1762356513.812][DEBUG]: DevTools WebSocket Response: Input.dispatchKeyEvent (id=146) (session_id=4DCB025D4F4ED801B3571B81546B2590) 63163AC2DBA8772733A5A69B0BB490D8 {
}
[1762356513.812][DEBUG]: DevTools WebSocket Response: Input.dispatchKeyEvent (id=147) (session_id=4DCB025D4F4ED801B3571B81546B2590) 63163AC2DBA8772733A5A69B0BB490D8 {
}
[1762356513.812][DEBUG]: DevTools WebSocket Response: Input.dispatchKeyEvent (id=148) (session_id=4DCB025D4F4ED801B3571B81546B2590) 63163AC2DBA8772733A5A69B0BB490D8 {
}
[1762356513.814][DEBUG]: DevTools WebSocket Response: Input.dispatchKeyEvent (id=149) (session_id=4DCB025D4F4ED801B3571B81546B2590) 63163AC2DBA8772733A5A69B0BB490D8 {
}
[1762356513.814][DEBUG]: DevTools WebSocket Response: Input.dispatchKeyEvent (id=150) (session_id=4DCB025D4F4ED801B3571B81546B2590) 63163AC2DBA8772733A5A69B0BB490D8 {
}
[1762356513.815][DEBUG]: DevTools WebSocket Response: Input.dispatchKeyEvent (id=151) (session_id=4DCB025D4F4ED801B3571B81546B2590) 63163AC2DBA8772733A5A69B0BB490D8 {
}
[1762356513.817][DEBUG]: DevTools WebSocket Response: Input.dispatchKeyEvent (id=152) (session_id=4DCB025D4F4ED801B3571B81546B2590) 63163AC2DBA8772733A5A69B0BB490D8 {
}
[1762356513.817][DEBUG]: DevTools WebSocket Response: Input.dispatchKeyEvent (id=153) (session_id=4DCB025D4F4ED801B3571B81546B2590) 63163AC2DBA8772733A5A69B0BB490D8 {
}
[1762356513.818][DEBUG]: DevTools WebSocket Response: Input.dispatchKeyEvent (id=154) (session_id=4DCB025D4F4ED801B3571B81546B2590) 63163AC2DBA8772733A5A69B0BB490D8 {
}
[1762356513.821][DEBUG]: DevTools WebSocket Response: Input.dispatchKeyEvent (id=155) (session_id=4DCB025D4F4ED801B3571B81546B2590) 63163AC2DBA8772733A5A69B0BB490D8 {
}
[1762356513.821][DEBUG]: DevTools WebSocket Response: Input.dispatchKeyEvent (id=156) (session_id=4DCB025D4F4ED801B3571B81546B2590) 63163AC2DBA8772733A5A69B0BB490D8 {
}
[1762356513.821][DEBUG]: DevTools WebSocket Response: Input.dispatchKeyEvent (id=157) (session_id=4DCB025D4F4ED801B3571B81546B2590) 63163AC2DBA8772733A5A69B0BB490D8 {
}
[1762356513.824][DEBUG]: DevTools WebSocket Response: Input.dispatchKeyEvent (id=158) (session_id=4DCB025D4F4ED801B3571B81546B2590) 63163AC2DBA8772733A5A69B0BB490D8 {
}
[1762356513.824][DEBUG]: DevTools WebSocket Response: Input.dispatchKeyEvent (id=159) (session_id=4DCB025D4F4ED801B3571B81546B2590) 63163AC2DBA8772733A5A69B0BB490D8 {
}
[1762356513.824][DEBUG]: DevTools WebSocket Response: Input.dispatchKeyEvent (id=160) (session_id=4DCB025D4F4ED801B3571B81546B2590) 63163AC2DBA8772733A5A69B0BB490D8 {
}
[1762356513.826][DEBUG]: DevTools WebSocket Response: Input.dispatchKeyEvent (id=161) (session_id=4DCB025D4F4ED801B3571B81546B2590) 63163AC2DBA8772733A5A69B0BB490D8 {
}
[1762356513.826][DEBUG]: DevTools WebSocket Response: Input.dispatchKeyEvent (id=162) (session_id=4DCB025D4F4ED801B3571B81546B2590) 63163AC2DBA8772733A5A69B0BB490D8 {
}
[1762356513.826][INFO]: Waiting for pending navigations...
[1762356513.826][DEBUG]: DevTools WebSocket Command: Runtime.evaluate (id=163) (session_id=4DCB025D4F4ED801B3571B81546B2590) 63163AC2DBA8772733A5A69B0BB490D8 {
   "expression": "1"
}
[1762356513.831][DEBUG]: DevTools WebSocket Response: Runtime.evaluate (id=163) (session_id=4DCB025D4F4ED801B3571B81546B2590) 63163AC2DBA8772733A5A69B0BB490D8 {
   "result": {
      "description": "1",
      "type": "number",
      "value": 1
   }
}
[1762356513.831][INFO]: Done waiting for pending navigations. Status: ok
[1762356513.831][INFO]: [5dd5ad9cb758ee0a51bcfe57cd02220c] RESPONSE TypeElement
[1762356513.833][INFO]: [5dd5ad9cb758ee0a51bcfe57cd02220c] COMMAND PerformActions {
   "actions": [ {
      "actions": [ {
         "type": "keyDown",
         "value": ""
      }, {
         "type": "keyUp",
         "value": ""
      } ],
      "id": "default keyboard",
      "type": "key"
   } ]
}
[1762356513.833][INFO]: Waiting for pending navigations...
[1762356513.833][DEBUG]: DevTools WebSocket Command: Runtime.evaluate (id=164) (session_id=4DCB025D4F4ED801B3571B81546B2590) 63163AC2DBA8772733A5A69B0BB490D8 {
   "expression": "1"
}
[1762356513.834][DEBUG]: DevTools WebSocket Response: Runtime.evaluate (id=164) (session_id=4DCB025D4F4ED801B3571B81546B2590) 63163AC2DBA8772733A5A69B0BB490D8 {
   "result": {
      "description": "1",
      "type": "number",
      "value": 1
   }
}
[1762356513.834][INFO]: Done waiting for pending navigations. Status: ok
[1762356513.834][DEBUG]: DevTools WebSocket Command: Input.dispatchKeyEvent (id=165) (session_id=4DCB025D4F4ED801B3571B81546B2590) 63163AC2DBA8772733A5A69B0BB490D8 {
   "code": "NumpadEnter",
   "key": "Enter",
   "location": 1,
   "modifiers": 0,
   "text": "\r",
   "type": "keyDown",
   "unmodifiedText": "\r",
   "windowsVirtualKeyCode": 13
}
[1762356513.836][DEBUG]: DevTools WebSocket Event: Page.frameStartedLoading (session_id=4DCB025D4F4ED801B3571B81546B2590) 63163AC2DBA8772733A5A69B0BB490D8 {
   "frameId": "63163AC2DBA8772733A5A69B0BB490D8"
}
[1762356513.838][DEBUG]: DevTools WebSocket Event: Page.navigatedWithinDocument (session_id=4DCB025D4F4ED801B3571B81546B2590) 63163AC2DBA8772733A5A69B0BB490D8 {
   "frameId": "63163AC2DBA8772733A5A69B0BB490D8",
   "navigationType": "historyApi",
   "url": "https://github.com/search?q=nightwatch"
}
[1762356513.838][DEBUG]: DevTools WebSocket Event: Page.frameStoppedLoading (session_id=4DCB025D4F4ED801B3571B81546B2590) 63163AC2DBA8772733A5A69B0BB490D8 {
   "frameId": "63163AC2DBA8772733A5A69B0BB490D8"
}
[1762356513.887][DEBUG]: DevTools WebSocket Event: Page.frameStartedLoading (session_id=4DCB025D4F4ED801B3571B81546B2590) 63163AC2DBA8772733A5A69B0BB490D8 {
   "frameId": "63163AC2DBA8772733A5A69B0BB490D8"
}
[1762356513.889][DEBUG]: DevTools WebSocket Event: Page.navigatedWithinDocument (session_id=4DCB025D4F4ED801B3571B81546B2590) 63163AC2DBA8772733A5A69B0BB490D8 {
   "frameId": "63163AC2DBA8772733A5A69B0BB490D8",
   "navigationType": "historyApi",
   "url": "https://github.com/search?q=nightwatch&type=repositories"
}
[1762356513.889][DEBUG]: DevTools WebSocket Event: Page.frameStoppedLoading (session_id=4DCB025D4F4ED801B3571B81546B2590) 63163AC2DBA8772733A5A69B0BB490D8 {
   "frameId": "63163AC2DBA8772733A5A69B0BB490D8"
}
[1762356513.904][DEBUG]: DevTools WebSocket Response: Input.dispatchKeyEvent (id=165) (session_id=4DCB025D4F4ED801B3571B81546B2590) 63163AC2DBA8772733A5A69B0BB490D8 {
}
[1762356513.904][DEBUG]: DevTools WebSocket Command: Input.dispatchKeyEvent (id=166) (session_id=4DCB025D4F4ED801B3571B81546B2590) 63163AC2DBA8772733A5A69B0BB490D8 {
   "code": "NumpadEnter",
   "key": "Enter",
   "location": 1,
   "modifiers": 0,
   "text": "\r",
   "type": "keyUp",
   "unmodifiedText": "\r",
   "windowsVirtualKeyCode": 13
}
[1762356513.909][DEBUG]: DevTools WebSocket Response: Input.dispatchKeyEvent (id=166) (session_id=4DCB025D4F4ED801B3571B81546B2590) 63163AC2DBA8772733A5A69B0BB490D8 {
}
[1762356513.909][INFO]: Waiting for pending navigations...
[1762356513.909][DEBUG]: DevTools WebSocket Command: Runtime.evaluate (id=167) (session_id=4DCB025D4F4ED801B3571B81546B2590) 63163AC2DBA8772733A5A69B0BB490D8 {
   "expression": "1"
}
[1762356513.928][DEBUG]: DevTools WebSocket Response: Runtime.evaluate (id=167) (session_id=4DCB025D4F4ED801B3571B81546B2590) 63163AC2DBA8772733A5A69B0BB490D8 {
   "result": {
      "description": "1",
      "type": "number",
      "value": 1
   }
}
[1762356513.928][INFO]: Done waiting for pending navigations. Status: ok
[1762356513.928][INFO]: [5dd5ad9cb758ee0a51bcfe57cd02220c] RESPONSE PerformActions
[1762356513.931][INFO]: [5dd5ad9cb758ee0a51bcfe57cd02220c] COMMAND FindElements {
   "using": "css selector",
   "value": ".header-search-button"
}
[1762356513.931][INFO]: Waiting for pending navigations...
[1762356513.931][DEBUG]: DevTools WebSocket Command: Runtime.evaluate (id=168) (session_id=4DCB025D4F4ED801B3571B81546B2590) 63163AC2DBA8772733A5A69B0BB490D8 {
   "expression": "1"
}
[1762356513.934][DEBUG]: DevTools WebSocket Response: Runtime.evaluate (id=168) (session_id=4DCB025D4F4ED801B3571B81546B2590) 63163AC2DBA8772733A5A69B0BB490D8 {
   "result": {
      "description": "1",
      "type": "number",
      "value": 1
   }
}
[1762356513.934][INFO]: Done waiting for pending navigations. Status: ok
[1762356513.934][DEBUG]: DevTools WebSocket Command: Page.getFrameTree (id=169) (session_id=4DCB025D4F4ED801B3571B81546B2590) 63163AC2DBA8772733A5A69B0BB490D8 {
}
[1762356513.934][DEBUG]: DevTools WebSocket Response: Page.getFrameTree (id=169) (session_id=4DCB025D4F4ED801B3571B81546B2590) 63163AC2DBA8772733A5A69B0BB490D8 {
   "frameTree": {
      "frame": {
         "adFrameStatus": {
            "adFrameType": "none"
         },
         "crossOriginIsolatedContextType": "NotIsolated",
         "domainAndRegistry": "github.com",
         "gatedAPIFeatures": [  ],
         "id": "63163AC2DBA8772733A5A69B0BB490D8",
         "loaderId": "BC52F7741AFE59B6A079A84D9A41AFB1",
         "mimeType": "text/html",
         "secureContextType": "Secure",
         "securityOrigin": "https://github.com",
         "securityOriginDetails": {
            "isLocalhost": false
         },
         "url": "https://github.com/search?q=nightwatch&type=repositories"
      }
   }
}
[1762356513.934][DEBUG]: DevTools WebSocket Command: Page.getFrameTree (id=170) (session_id=4DCB025D4F4ED801B3571B81546B2590) 63163AC2DBA8772733A5A69B0BB490D8 {
}
[1762356513.935][DEBUG]: DevTools WebSocket Response: Page.getFrameTree (id=170) (session_id=4DCB025D4F4ED801B3571B81546B2590) 63163AC2DBA8772733A5A69B0BB490D8 {
   "frameTree": {
      "frame": {
         "adFrameStatus": {
            "adFrameType": "none"
         },
         "crossOriginIsolatedContextType": "NotIsolated",
         "domainAndRegistry": "github.com",
         "gatedAPIFeatures": [  ],
         "id": "63163AC2DBA8772733A5A69B0BB490D8",
         "loaderId": "BC52F7741AFE59B6A079A84D9A41AFB1",
         "mimeType": "text/html",
         "secureContextType": "Secure",
         "securityOrigin": "https://github.com",
         "securityOriginDetails": {
            "isLocalhost": false
         },
         "url": "https://github.com/search?q=nightwatch&type=repositories"
      }
   }
}
[1762356513.936][DEBUG]: DevTools WebSocket Command: Runtime.callFunctionOn (id=171) (session_id=4DCB025D4F4ED801B3571B81546B2590) 63163AC2DBA8772733A5A69B0BB490D8 {
   "arguments": [  ],
   "awaitPromise": true,
   "functionDeclaration": "function(){ return (function() { // Copyright 2012 The Chromium Authors\n// Use of this source code is governed by a BSD-style license that can be\n// found in the LICENSE file.\n\n/**\n * Enum for WebD...",
   "serializationOptions": {
      "serialization": "deep"
   },
   "uniqueContextId": "-8908945788913384037.-1572819235194483600"
}
[1762356513.940][DEBUG]: DevTools WebSocket Response: Runtime.callFunctionOn (id=171) (session_id=4DCB025D4F4ED801B3571B81546B2590) 63163AC2DBA8772733A5A69B0BB490D8 {
   "result": {
      "className": "Array",
      "deepSerializedValue": {
         "type": "array",
         "value": [ {
            "type": "string",
            "value": "{\"status\":0,\"value\":[{\"element-6066-11e4-a52e-4f735466cecf\":0}]}"
         }, {
            "type": "node",
            "value": {
               "attributes": {
                  "aria-haspopup": "dialog",
                  "aria-label": "Search or jump to…",
                  "autocapitalize": "off",
                  "class": "header-search-button input-button form-control d-flex flex-1 flex-self-stretch flex-items-center no-wrap width-full py-0 pl-2 pr-0 text-left border-0 box-shadow-none",
                  "data-action": "click:qbsearch-input#handleExpand",
                  "data-analytics-event": "{\"location\":\"navbar\",\"action\":\"searchbar\",\"context\":\"global\",\"tag\":\"input\",\"label\":\"searchbar_input_global_navbar\"}",
                  "data-hotkey": "s,/",
                  "data-target": "qbsearch-input.inputButton",
                  "placeholder": "Search or jump to...",
                  "type": "button"
               },
               "backendNodeId": 60,
               "childNodeCount": 7,
               "loaderId": "BC52F7741AFE59B6A079A84D9A41AFB1",
               "localName": "button",
               "namespaceURI": "http://www.w3.org/1999/xhtml",
               "nodeType": 1,
               "shadowRoot": null
            }
         } ]
      },
      "description": "Array(2)",
      "objectId": "8779287950773027740.2.36",
      "subtype": "array",
      "type": "object"
   }
}
[1762356513.940][INFO]: Waiting for pending navigations...
[1762356513.940][DEBUG]: DevTools WebSocket Command: Runtime.evaluate (id=172) (session_id=4DCB025D4F4ED801B3571B81546B2590) 63163AC2DBA8772733A5A69B0BB490D8 {
   "expression": "1"
}
[1762356513.943][DEBUG]: DevTools WebSocket Response: Runtime.evaluate (id=172) (session_id=4DCB025D4F4ED801B3571B81546B2590) 63163AC2DBA8772733A5A69B0BB490D8 {
   "result": {
      "description": "1",
      "type": "number",
      "value": 1
   }
}
[1762356513.943][INFO]: Done waiting for pending navigations. Status: ok
[1762356513.943][INFO]: [5dd5ad9cb758ee0a51bcfe57cd02220c] RESPONSE FindElements [ {
   "element-6066-11e4-a52e-4f735466cecf": "f.63163AC2DBA8772733A5A69B0BB490D8.d.BC52F7741AFE59B6A079A84D9A41AFB1.e.60"
} ]
[1762356513.946][INFO]: [5dd5ad9cb758ee0a51bcfe57cd02220c] COMMAND ExecuteScript {
   "args": [ {
      "ELEMENT": "f.63163AC2DBA8772733A5A69B0BB490D8.d.BC52F7741AFE59B6A079A84D9A41AFB1.e.60",
      "element-6066-11e4-a52e-4f735466cecf": "f.63163AC2DBA8772733A5A69B0BB490D8.d.BC52F7741AFE59B6A079A84D9A41AFB1.e.60"
   } ],
   "script": "/* isDisplayed */return (function(){return (function(){var g=this||self;\nfunction aa(a){var b=typeof a;if(\"object\"==b)if(a){if(a instanceof Array)return\"array\";if(a instanceof Object)return b;var c=Object.prototype.toString.call(a);if(\"[object Window]\"==c)return\"object\";if(\"[object Array]\"==c||\"number\"==typeof a.length&&\"undefined\"!=typeof a.splice&&\"undefined\"!=typeof a.propertyIsEnumerable&&!a.propertyIsEnumerable(\"splice\"))return\"array\";if(\"[object Function]\"==c||\"undefined\"!=typeof a.call&&\"undefined\"!=typeof a.propertyIsEnumerable&&!a.propertyIsEnumerable(\"call\"))return\"function\"}else return\"null\";else if(\"function\"==\nb&&\"undefined\"==typeof a.call)return\"object\";return b}function ca(a,b){function c(){}c.prototype=b.prototype;a.prototype=new c;a.prototype.constructor=a};var da=Array.prototype.indexOf?function(a,b){return Array.prototype.indexOf.call(a,b,void 0)}:function(a,b){if(\"string\"===typeof a)return\"string\"!==typeof b||1!=b.length?-1:a.indexOf(b,0);for(var c=0;c\u003Ca.length;c++)if(c in a&&a[c]===b)return c;return-1},ea=Array.prototype.some?function(a,b){return Array.prototype.some.call(a,b,void 0)}:function(a,b){for(var c=a.length,e=\"string\"===typeof a?a.split(\"\"):a,d=0;d\u003Cc;d++)if(d in e&&b.call(void 0,e[d],d,a))return!0;return!1},fa=Array.prototype.every?function(a,\nb){return Array.prototype.every.call(a,b,void 0)}:function(a,b){for(var c=a.length,e=\"string\"===typeof a?a.split(\"\"):a,d=0;d\u003Cc;d++)if(d in e&&!b.call(void 0,e[d],d,a))return!1;return!0};var ha={aliceblue:\"#f0f8ff\",antiquewhite:\"#faebd7\",aqua:\"#00ffff\",aquamarine:\"#7fffd4\",azure:\"#f0ffff\",beige:\"#f5f5dc\",bisque:\"#ffe4c4\",black:\"#000000\",blanchedalmond:\"#ffebcd\",blue:\"#0000ff\",blueviolet:\"#8a2be2\",brown:\"#a52a2a\",burlywood:\"#deb887\",cadetblue:\"#5f9ea0\",chartreuse:\"#7fff00\",chocolate:\"#d2691e\",coral:\"#ff7f50\",cornflowerblue:\"#6495ed\",cornsilk:\"#fff8dc\",crimson:\"#dc143c\",cyan:\"#00ffff\",darkblue:\"#00008b\",darkcyan:\"#008b8b\",darkgoldenrod:\"#b8860b\",darkgray:\"#a9a9a9\",darkgreen:\"#006400\",\ndarkgrey:\"#a9a9a9\",darkkhaki:\"#bdb76b\",darkmagenta:\"#8b008b\",darkolivegreen:\"#556b2f\",darkorange:\"#ff8c00\",darkorchid:\"#9932cc\",darkred:\"#8b0000\",darksalmon:\"#e9967a\",darkseagreen:\"#8fbc8f\",darkslateblue:\"#483d8b\",darkslategray:\"#2f4f4f\",darkslategrey:\"#2f4f4f\",darkturquoise:\"#00ced1\",darkviolet:\"#9400d3\",deeppink:\"#ff1493\",deepskyblue:\"#00bfff\",dimgray:\"#696969\",dimgrey:\"#696969\",dodgerblue:\"#1e90ff\",firebrick:\"#b22222\",floralwhite:\"#fffaf0\",forestgreen:\"#228b22\",fuchsia:\"#ff00ff\",gainsboro:\"#dcdcdc\",\nghostwhite:\"#f8f8ff\",gold:\"#ffd700\",goldenrod:\"#daa520\",gray:\"#808080\",green:\"#008000\",greenyellow:\"#adff2f\",grey:\"#808080\",honeydew:\"#f0fff0\",hotpink:\"#ff69b4\",indianred:\"#cd5c5c\",indigo:\"#4b0082\",ivory:\"#fffff0\",khaki:\"#f0e68c\",lavender:\"#e6e6fa\",lavenderblush:\"#fff0f5\",lawngreen:\"#7cfc00\",lemonchiffon:\"#fffacd\",lightblue:\"#add8e6\",lightcoral:\"#f08080\",lightcyan:\"#e0ffff\",lightgoldenrodyellow:\"#fafad2\",lightgray:\"#d3d3d3\",lightgreen:\"#90ee90\",lightgrey:\"#d3d3d3\",lightpink:\"#ffb6c1\",lightsalmon:\"#ffa07a\",\nlightseagreen:\"#20b2aa\",lightskyblue:\"#87cefa\",lightslategray:\"#778899\",lightslategrey:\"#778899\",lightsteelblue:\"#b0c4de\",lightyellow:\"#ffffe0\",lime:\"#00ff00\",limegreen:\"#32cd32\",linen:\"#faf0e6\",magenta:\"#ff00ff\",maroon:\"#800000\",mediumaquamarine:\"#66cdaa\",mediumblue:\"#0000cd\",mediumorchid:\"#ba55d3\",mediumpurple:\"#9370db\",mediumseagreen:\"#3cb371\",mediumslateblue:\"#7b68ee\",mediumspringgreen:\"#00fa9a\",mediumturquoise:\"#48d1cc\",mediumvioletred:\"#c71585\",midnightblue:\"#191970\",mintcream:\"#f5fffa\",mistyrose:\"#ffe4e1\",\nmoccasin:\"#ffe4b5\",navajowhite:\"#ffdead\",navy:\"#000080\",oldlace:\"#fdf5e6\",olive:\"#808000\",olivedrab:\"#6b8e23\",orange:\"#ffa500\",orangered:\"#ff4500\",orchid:\"#da70d6\",palegoldenrod:\"#eee8aa\",palegreen:\"#98fb98\",paleturquoise:\"#afeeee\",palevioletred:\"#db7093\",papayawhip:\"#ffefd5\",peachpuff:\"#ffdab9\",peru:\"#cd853f\",pink:\"#ffc0cb\",plum:\"#dda0dd\",powderblue:\"#b0e0e6\",purple:\"#800080\",red:\"#ff0000\",rosybrown:\"#bc8f8f\",royalblue:\"#4169e1\",saddlebrown:\"#8b4513\",salmon:\"#fa8072\",sandybrown:\"#f4a460\",seagreen:\"#2e8b57\",\nseashell:\"#fff5ee\",sienna:\"#a0522d\",silver:\"#c0c0c0\",skyblue:\"#87ceeb\",slateblue:\"#6a5acd\",slategray:\"#708090\",slategrey:\"#708090\",snow:\"#fffafa\",springgreen:\"#00ff7f\",steelblue:\"#4682b4\",tan:\"#d2b48c\",teal:\"#008080\",thistle:\"#d8bfd8\",tomato:\"#ff6347\",turquoise:\"#40e0d0\",violet:\"#ee82ee\",wheat:\"#f5deb3\",white:\"#ffffff\",whitesmoke:\"#f5f5f5\",yellow:\"#ffff00\",yellowgreen:\"#9acd32\"};var ia=\"backgroundColor borderTopColor borderRightColor borderBottomColor borderLeftColor color outlineColor\".split(\" \"),ja=/#([0-9a-fA-F])([0-9a-fA-F])([0-9a-fA-F])/,ka=/^#(?:[0-9a-f]{3}){1,2}$/i,la=/^(?:rgba)?\\((\\d{1,3}),\\s?(\\d{1,3}),\\s?(\\d{1,3}),\\s?(0|1|0\\.\\d*)\\)$/i,ma=/^(?:rgb)?\\((0|[1-9]\\d{0,2}),\\s?(0|[1-9]\\d{0,2}),\\s?(0|[1-9]\\d{0,2})\\)$/i;function m(a,b){this.code=a;this.a=p[a]||r;this.message=b||\"\";a=this.a.replace(/((?:^|\\s+)[a-z])/g,function(c){return c.toUpperCase().replace(/^[\\s\\xa0]+/g,\"\")});b=a.length-5;if(0>b||a.indexOf(\"Error\",b)!=b)a+=\"Error\";this.name=a;a=Error(this.message);a.name=this.name;this.stack=a.stack||\"\"}ca(m,Error);var r=\"unknown error\",p={15:\"element not selectable\",11:\"element not visible\"};p[31]=r;p[30]=r;p[24]=\"invalid cookie domain\";p[29]=\"invalid element coordinates\";p[12]=\"invalid element state\";\np[32]=\"invalid selector\";p[51]=\"invalid selector\";p[52]=\"invalid selector\";p[17]=\"javascript error\";p[405]=\"unsupported operation\";p[34]=\"move target out of bounds\";p[27]=\"no such alert\";p[7]=\"no such element\";p[8]=\"no such frame\";p[23]=\"no such window\";p[28]=\"script timeout\";p[33]=\"session not created\";p[10]=\"stale element reference\";p[21]=\"timeout\";p[25]=\"unable to set cookie\";p[26]=\"unexpected alert open\";p[13]=r;p[9]=\"unknown command\";var u=String.prototype.trim?function(a){return a.trim()}:function(a){return/^[\\s\\xa0]*([\\s\\S]*?)[\\s\\xa0]*$/.exec(a)[1]};\nfunction na(a,b){var c=0;a=u(String(a)).split(\".\");b=u(String(b)).split(\".\");for(var e=Math.max(a.length,b.length),d=0;0==c&&d\u003Ce;d++){var f=a[d]||\"\",h=b[d]||\"\";do{f=/(\\d*)(\\D*)(.*)/.exec(f)||[\"\",\"\",\"\",\"\"];h=/(\\d*)(\\D*)(.*)/.exec(h)||[\"\",\"\",\"\",\"\"];if(0==f[0].length&&0==h[0].length)break;c=v(0==f[1].length?0:parseInt(f[1],10),0==h[1].length?0:parseInt(h[1],10))||v(0==f[2].length,0==h[2].length)||v(f[2],h[2]);f=f[3];h=h[3]}while(0==c)}return c}function v(a,b){return a\u003Cb?-1:a>b?1:0};var w;a:{var oa=g.navigator;if(oa){var sa=oa.userAgent;if(sa){w=sa;break a}}w=\"\"}function x(a){return-1!=w.indexOf(a)};function y(){return x(\"Firefox\")||x(\"FxiOS\")}function A(){return(x(\"Chrome\")||x(\"CriOS\"))&&!x(\"Edge\")};function ta(a){return String(a).replace(/\\-([a-z])/g,function(b,c){return c.toUpperCase()})};function B(){return x(\"iPhone\")&&!x(\"iPod\")&&!x(\"iPad\")};function ua(a,b){var c=va;return Object.prototype.hasOwnProperty.call(c,a)?c[a]:c[a]=b(a)};var wa=x(\"Opera\"),C=x(\"Trident\")||x(\"MSIE\"),xa=x(\"Edge\"),ya=x(\"Gecko\")&&!(-1!=w.toLowerCase().indexOf(\"webkit\")&&!x(\"Edge\"))&&!(x(\"Trident\")||x(\"MSIE\"))&&!x(\"Edge\"),za=-1!=w.toLowerCase().indexOf(\"webkit\")&&!x(\"Edge\");function Aa(){var a=g.document;return a?a.documentMode:void 0}var E;\na:{var F=\"\",G=function(){var a=w;if(ya)return/rv:([^\\);]+)(\\)|;)/.exec(a);if(xa)return/Edge\\/([\\d\\.]+)/.exec(a);if(C)return/\\b(?:MSIE|rv)[: ]([^\\);]+)(\\)|;)/.exec(a);if(za)return/WebKit\\/(\\S+)/.exec(a);if(wa)return/(?:Version)[ \\/]?(\\S+)/.exec(a)}();G&&(F=G?G[1]:\"\");if(C){var H=Aa();if(null!=H&&H>parseFloat(F)){E=String(H);break a}}E=F}var va={};function Ba(a){return ua(a,function(){return 0\u003C=na(E,a)})}var I;I=g.document&&C?Aa():void 0;var Ca=y(),Da=B()||x(\"iPod\"),Ea=x(\"iPad\"),Fa=x(\"Android\")&&!(A()||y()||x(\"Opera\")||x(\"Silk\")),Ga=A(),Ha=x(\"Safari\")&&!(A()||x(\"Coast\")||x(\"Opera\")||x(\"Edge\")||x(\"Edg/\")||x(\"OPR\")||y()||x(\"Silk\")||x(\"Android\"))&&!(B()||x(\"iPad\")||x(\"iPod\"));function J(a){return(a=a.exec(w))?a[1]:\"\"}(function(){if(Ca)return J(/Firefox\\/([0-9.]+)/);if(C||xa||wa)return E;if(Ga)return B()||x(\"iPad\")||x(\"iPod\")?J(/CriOS\\/([0-9.]+)/):J(/Chrome\\/([0-9.]+)/);if(Ha&&!(B()||x(\"iPad\")||x(\"iPod\")))return J(/Version\\/([0-9.]+)/);if(Da||Ea){var a=/Version\\/(\\S+).*Mobile\\/(\\S+)/.exec(w);if(a)return a[1]+\".\"+a[2]}else if(Fa)return(a=J(/Android\\s+([0-9.]+)/))?a:J(/Version\\/([0-9.]+)/);return\"\"})();var K;if(K=C)K=!(9\u003C=Number(I));var Ia=K;function L(a,b){this.x=void 0!==a?a:0;this.y=void 0!==b?b:0}L.prototype.ceil=function(){this.x=Math.ceil(this.x);this.y=Math.ceil(this.y);return this};L.prototype.floor=function(){this.x=Math.floor(this.x);this.y=Math.floor(this.y);return this};L.prototype.round=function(){this.x=Math.round(this.x);this.y=Math.round(this.y);return this};function M(a,b){this.width=a;this.height=b}M.prototype.aspectRatio=function(){return this.width/this.height};M.prototype.ceil=function(){this.width=Math.ceil(this.width);this.height=Math.ceil(this.height);return this};M.prototype.floor=function(){this.width=Math.floor(this.width);this.height=Math.floor(this.height);return this};M.prototype.round=function(){this.width=Math.round(this.width);this.height=Math.round(this.height);return this};function N(a){return 9==a.nodeType?a:a.ownerDocument||a.document}function Ja(a,b){a&&(a=a.parentNode);for(var c=0;a;){if(b(a))return a;a=a.parentNode;c++}return null}function Ka(a){this.a=a||g.document||document};function P(a,b){b&&\"string\"!==typeof b&&(b=b.toString());return a instanceof HTMLFormElement?!!a&&1==a.nodeType&&(!b||\"FORM\"==b):!!a&&1==a.nodeType&&(!b||a.tagName.toUpperCase()==b)};function Q(a,b,c,e){this.f=a;this.a=b;this.b=c;this.c=e}Q.prototype.ceil=function(){this.f=Math.ceil(this.f);this.a=Math.ceil(this.a);this.b=Math.ceil(this.b);this.c=Math.ceil(this.c);return this};Q.prototype.floor=function(){this.f=Math.floor(this.f);this.a=Math.floor(this.a);this.b=Math.floor(this.b);this.c=Math.floor(this.c);return this};Q.prototype.round=function(){this.f=Math.round(this.f);this.a=Math.round(this.a);this.b=Math.round(this.b);this.c=Math.round(this.c);return this};function R(a,b,c,e){this.a=a;this.b=b;this.width=c;this.height=e}R.prototype.ceil=function(){this.a=Math.ceil(this.a);this.b=Math.ceil(this.b);this.width=Math.ceil(this.width);this.height=Math.ceil(this.height);return this};R.prototype.floor=function(){this.a=Math.floor(this.a);this.b=Math.floor(this.b);this.width=Math.floor(this.width);this.height=Math.floor(this.height);return this};\nR.prototype.round=function(){this.a=Math.round(this.a);this.b=Math.round(this.b);this.width=Math.round(this.width);this.height=Math.round(this.height);return this};var La=\"function\"===typeof ShadowRoot;function S(a){for(a=a.parentNode;a&&1!=a.nodeType&&9!=a.nodeType&&11!=a.nodeType;)a=a.parentNode;return P(a)?a:null}\nfunction T(a,b){b=ta(b);if(\"float\"==b||\"cssFloat\"==b||\"styleFloat\"==b)b=Ia?\"styleFloat\":\"cssFloat\";a:{var c=b;var e=N(a);if(e.defaultView&&e.defaultView.getComputedStyle&&(e=e.defaultView.getComputedStyle(a,null))){c=e[c]||e.getPropertyValue(c)||\"\";break a}c=\"\"}a=c||Ma(a,b);if(null===a)a=null;else if(0\u003C=da(ia,b)){b:{var d=a.match(la);if(d&&(b=Number(d[1]),c=Number(d[2]),e=Number(d[3]),d=Number(d[4]),0\u003C=b&&255>=b&&0\u003C=c&&255>=c&&0\u003C=e&&255>=e&&0\u003C=d&&1>=d)){b=[b,c,e,d];break b}b=null}if(!b)b:{if(e=a.match(ma))if(b=\nNumber(e[1]),c=Number(e[2]),e=Number(e[3]),0\u003C=b&&255>=b&&0\u003C=c&&255>=c&&0\u003C=e&&255>=e){b=[b,c,e,1];break b}b=null}if(!b)b:{b=a.toLowerCase();c=ha[b.toLowerCase()];if(!c&&(c=\"#\"==b.charAt(0)?b:\"#\"+b,4==c.length&&(c=c.replace(ja,\"#$1$1$2$2$3$3\")),!ka.test(c))){b=null;break b}b=[parseInt(c.substr(1,2),16),parseInt(c.substr(3,2),16),parseInt(c.substr(5,2),16),1]}a=b?\"rgba(\"+b.join(\", \")+\")\":a}return a}\nfunction Ma(a,b){var c=a.currentStyle||a.style,e=c[b];void 0===e&&\"function\"==aa(c.getPropertyValue)&&(e=c.getPropertyValue(b));return\"inherit\"!=e?void 0!==e?e:null:(a=S(a))?Ma(a,b):null}\nfunction U(a,b,c){function e(h){var n=V(h);return 0\u003Cn.height&&0\u003Cn.width?!0:P(h,\"PATH\")&&(0\u003Cn.height||0\u003Cn.width)?(h=T(h,\"stroke-width\"),!!h&&0\u003CparseInt(h,10)):\"hidden\"!=T(h,\"overflow\")&&ea(h.childNodes,function(D){return 3==D.nodeType||P(D)&&e(D)})}function d(h){return Na(h)==W&&fa(h.childNodes,function(n){return!P(n)||d(n)||!e(n)})}if(!P(a))throw Error(\"Argument to isShown must be of type Element\");if(P(a,\"BODY\"))return!0;if(P(a,\"OPTION\")||P(a,\"OPTGROUP\"))return a=Ja(a,function(h){return P(h,\"SELECT\")}),\n!!a&&U(a,!0,c);var f=Oa(a);if(f)return!!f.image&&0\u003Cf.rect.width&&0\u003Cf.rect.height&&U(f.image,b,c);if(P(a,\"INPUT\")&&\"hidden\"==a.type.toLowerCase()||P(a,\"NOSCRIPT\"))return!1;f=T(a,\"visibility\");return\"collapse\"!=f&&\"hidden\"!=f&&c(a)&&(b||0!=Pa(a))&&e(a)?!d(a):!1}var W=\"hidden\";\nfunction Na(a){function b(k){function l(ba){if(ba==h)return!0;var pa=T(ba,\"display\");return 0==pa.lastIndexOf(\"inline\",0)||\"contents\"==pa||\"absolute\"==qa&&\"static\"==T(ba,\"position\")?!1:!0}var qa=T(k,\"position\");if(\"fixed\"==qa)return ra=!0,k==h?null:h;for(k=S(k);k&&!l(k);)k=S(k);return k}function c(k){var l=k;if(\"visible\"==D)if(k==h&&n)l=n;else if(k==n)return{x:\"visible\",y:\"visible\"};l={x:T(l,\"overflow-x\"),y:T(l,\"overflow-y\")};k==h&&(l.x=\"visible\"==l.x?\"auto\":l.x,l.y=\"visible\"==l.y?\"auto\":l.y);return l}\nfunction e(k){if(k==h){var l=(new Ka(f)).a;k=l.scrollingElement?l.scrollingElement:za||\"CSS1Compat\"!=l.compatMode?l.body||l.documentElement:l.documentElement;l=l.parentWindow||l.defaultView;k=C&&Ba(\"10\")&&l.pageYOffset!=k.scrollTop?new L(k.scrollLeft,k.scrollTop):new L(l.pageXOffset||k.scrollLeft,l.pageYOffset||k.scrollTop)}else k=new L(k.scrollLeft,k.scrollTop);return k}var d=Qa(a),f=N(a),h=f.documentElement,n=f.body,D=T(h,\"overflow\"),ra;for(a=b(a);a;a=b(a)){var q=c(a);if(\"visible\"!=q.x||\"visible\"!=\nq.y){var t=V(a);if(0==t.width||0==t.height)return W;var z=d.a\u003Ct.a,O=d.b\u003Ct.b;if(z&&\"hidden\"==q.x||O&&\"hidden\"==q.y)return W;if(z&&\"visible\"!=q.x||O&&\"visible\"!=q.y){z=e(a);O=d.b\u003Ct.b-z.y;if(d.a\u003Ct.a-z.x&&\"visible\"!=q.x||O&&\"visible\"!=q.x)return W;d=Na(a);return d==W?W:\"scroll\"}z=d.c>=t.a+t.width;t=d.f>=t.b+t.height;if(z&&\"hidden\"==q.x||t&&\"hidden\"==q.y)return W;if(z&&\"visible\"!=q.x||t&&\"visible\"!=q.y){if(ra&&(q=e(a),d.c>=h.scrollWidth-q.x||d.a>=h.scrollHeight-q.y))return W;d=Na(a);return d==W?W:\"scroll\"}}}return\"none\"}\nfunction V(a){var b=Oa(a);if(b)return b.rect;if(P(a,\"HTML\"))return a=N(a),a=((a?a.parentWindow||a.defaultView:window)||window).document,a=\"CSS1Compat\"==a.compatMode?a.documentElement:a.body,a=new M(a.clientWidth,a.clientHeight),new R(0,0,a.width,a.height);try{var c=a.getBoundingClientRect()}catch(e){return new R(0,0,0,0)}b=new R(c.left,c.top,c.right-c.left,c.bottom-c.top);C&&a.ownerDocument.body&&(a=N(a),b.a-=a.documentElement.clientLeft+a.body.clientLeft,b.b-=a.documentElement.clientTop+a.body.clientTop);\nreturn b}\nfunction Oa(a){var b=P(a,\"MAP\");if(!b&&!P(a,\"AREA\"))return null;var c=b?a:P(a.parentNode,\"MAP\")?a.parentNode:null,e=null,d=null;if(c&&c.name){e='*[usemap=\"#'+c.name+'\"]';c=N(c);var f;if(f=\"function\"!=aa(c.querySelector)&&C&&(C?0\u003C=na(I,8):Ba(8))){f=c.querySelector;var h=typeof f;f=!(\"object\"==h&&null!=f||\"function\"==h)}if(f)throw Error(\"CSS selection is not supported\");if(!e)throw new m(32,\"No selector specified\");e=u(e);try{var n=c.querySelector(e)}catch(D){throw new m(32,\"An invalid or illegal selector was specified\");}if(e=\nn&&1==n.nodeType?n:null)d=V(e),b||\"default\"==a.shape.toLowerCase()||(a=Ra(a),b=Math.min(Math.max(a.a,0),d.width),n=Math.min(Math.max(a.b,0),d.height),d=new R(b+d.a,n+d.b,Math.min(a.width,d.width-b),Math.min(a.height,d.height-n)))}return{image:e,rect:d||new R(0,0,0,0)}}\nfunction Ra(a){var b=a.shape.toLowerCase();a=a.coords.split(\",\");if(\"rect\"==b&&4==a.length){b=a[0];var c=a[1];return new R(b,c,a[2]-b,a[3]-c)}if(\"circle\"==b&&3==a.length)return b=a[2],new R(a[0]-b,a[1]-b,2*b,2*b);if(\"poly\"==b&&2\u003Ca.length){b=a[0];c=a[1];for(var e=b,d=c,f=2;f+1\u003Ca.length;f+=2)b=Math.min(b,a[f]),e=Math.max(e,a[f]),c=Math.min(c,a[f+1]),d=Math.max(d,a[f+1]);return new R(b,c,e-b,d-c)}return new R(0,0,0,0)}function Qa(a){a=V(a);return new Q(a.b,a.a+a.width,a.b+a.height,a.a)}\nfunction Pa(a){if(Ia){if(\"relative\"==T(a,\"position\"))return 1;a=T(a,\"filter\");return(a=a.match(/^alpha\\(opacity=(\\d*)\\)/)||a.match(/^progid:DXImageTransform.Microsoft.Alpha\\(Opacity=(\\d*)\\)/))?Number(a[1])/100:1}return Sa(a)}function Sa(a){var b=1,c=T(a,\"opacity\");c&&(b=Number(c));(a=S(a))&&(b*=Sa(a));return b};function Ta(a,b){function c(e){if(P(e)&&\"none\"==T(e,\"display\"))return!1;var d;if((d=e.parentNode)&&d.shadowRoot&&void 0!==e.assignedSlot)d=e.assignedSlot?e.assignedSlot.parentNode:null;else if(e.getDestinationInsertionPoints){var f=e.getDestinationInsertionPoints();0\u003Cf.length&&(d=f[f.length-1])}if(La&&d instanceof ShadowRoot){if(d.host.shadowRoot&&d.host.shadowRoot!==d)return!1;d=d.host}return!d||9!=d.nodeType&&11!=d.nodeType?d&&P(d,\"DETAILS\")&&!d.open&&!P(e,\"SUMMARY\")?!1:!!d&&c(d):!0}return U(a,\n!!b,c)}var X=[\"_\"],Y=g;X[0]in Y||\"undefined\"==typeof Y.execScript||Y.execScript(\"var \"+X[0]);for(var Z;X.length&&(Z=X.shift());)X.length||void 0===Ta?Y[Z]&&Y[Z]!==Object.prototype[Z]?Y=Y[Z]:Y=Y[Z]={}:Y[Z]=Ta;; return this._.apply(null,arguments);}).apply({navigator:typeof window!='undefined'?window.navigator:null,document:typeof window!='undefined'?window.document:null}, arguments);}).apply(null, arguments)"
}
[1762356513.946][INFO]: Waiting for pending navigations...
[1762356513.946][DEBUG]: DevTools WebSocket Command: Runtime.evaluate (id=173) (session_id=4DCB025D4F4ED801B3571B81546B2590) 63163AC2DBA8772733A5A69B0BB490D8 {
   "expression": "1"
}
[1762356513.946][DEBUG]: DevTools WebSocket Response: Runtime.evaluate (id=173) (session_id=4DCB025D4F4ED801B3571B81546B2590) 63163AC2DBA8772733A5A69B0BB490D8 {
   "result": {
      "description": "1",
      "type": "number",
      "value": 1
   }
}
[1762356513.946][INFO]: Done waiting for pending navigations. Status: ok
[1762356513.946][DEBUG]: DevTools WebSocket Command: Page.getFrameTree (id=174) (session_id=4DCB025D4F4ED801B3571B81546B2590) 63163AC2DBA8772733A5A69B0BB490D8 {
}
[1762356513.947][DEBUG]: DevTools WebSocket Response: Page.getFrameTree (id=174) (session_id=4DCB025D4F4ED801B3571B81546B2590) 63163AC2DBA8772733A5A69B0BB490D8 {
   "frameTree": {
      "frame": {
         "adFrameStatus": {
            "adFrameType": "none"
         },
         "crossOriginIsolatedContextType": "NotIsolated",
         "domainAndRegistry": "github.com",
         "gatedAPIFeatures": [  ],
         "id": "63163AC2DBA8772733A5A69B0BB490D8",
         "loaderId": "BC52F7741AFE59B6A079A84D9A41AFB1",
         "mimeType": "text/html",
         "secureContextType": "Secure",
         "securityOrigin": "https://github.com",
         "securityOriginDetails": {
            "isLocalhost": false
         },
         "url": "https://github.com/search?q=nightwatch&type=repositories"
      }
   }
}
[1762356513.947][DEBUG]: DevTools WebSocket Command: DOM.resolveNode (id=175) (session_id=4DCB025D4F4ED801B3571B81546B2590) 63163AC2DBA8772733A5A69B0BB490D8 {
   "backendNodeId": 60,
   "objectGroup": "8ab2e8db-2e5d-42ed-b82f-6e4cbf0e4795"
}
[1762356513.947][DEBUG]: DevTools WebSocket Response: DOM.resolveNode (id=175) (session_id=4DCB025D4F4ED801B3571B81546B2590) 63163AC2DBA8772733A5A69B0BB490D8 {
   "object": {
      "className": "HTMLButtonElement",
      "description": "button.header-search-button.input-button.form-control.d-flex.flex-1.flex-self-stretch.flex-items-center.no-wrap.width-full.py-0.pl-2.pr-0.text-left.border-0.box-shadow-none",
      "objectId": "8779287950773027740.2.37",
      "subtype": "node",
      "type": "object"
   }
}
[1762356513.947][DEBUG]: DevTools WebSocket Command: Page.getFrameTree (id=176) (session_id=4DCB025D4F4ED801B3571B81546B2590) 63163AC2DBA8772733A5A69B0BB490D8 {
}
[1762356513.947][DEBUG]: DevTools WebSocket Response: Page.getFrameTree (id=176) (session_id=4DCB025D4F4ED801B3571B81546B2590) 63163AC2DBA8772733A5A69B0BB490D8 {
   "frameTree": {
      "frame": {
         "adFrameStatus": {
            "adFrameType": "none"
         },
         "crossOriginIsolatedContextType": "NotIsolated",
         "domainAndRegistry": "github.com",
         "gatedAPIFeatures": [  ],
         "id": "63163AC2DBA8772733A5A69B0BB490D8",
         "loaderId": "BC52F7741AFE59B6A079A84D9A41AFB1",
         "mimeType": "text/html",
         "secureContextType": "Secure",
         "securityOrigin": "https://github.com",
         "securityOriginDetails": {
            "isLocalhost": false
         },
         "url": "https://github.com/search?q=nightwatch&type=repositories"
      }
   }
}
[1762356513.948][DEBUG]: DevTools WebSocket Command: Runtime.callFunctionOn (id=177) (session_id=4DCB025D4F4ED801B3571B81546B2590) 63163AC2DBA8772733A5A69B0BB490D8 {
   "arguments": [ {
      "objectId": "8779287950773027740.2.37"
   } ],
   "awaitPromise": true,
   "functionDeclaration": "function(){ return (function() { // Copyright 2012 The Chromium Authors\n// Use of this source code is governed by a BSD-style license that can be\n// found in the LICENSE file.\n\n/**\n * Enum for WebD...",
   "objectGroup": "8ab2e8db-2e5d-42ed-b82f-6e4cbf0e4795",
   "serializationOptions": {
      "serialization": "deep"
   },
   "uniqueContextId": "-8908945788913384037.-1572819235194483600"
}
[1762356513.951][DEBUG]: DevTools WebSocket Response: Runtime.callFunctionOn (id=177) (session_id=4DCB025D4F4ED801B3571B81546B2590) 63163AC2DBA8772733A5A69B0BB490D8 {
   "result": {
      "className": "Array",
      "deepSerializedValue": {
         "type": "array",
         "value": [ {
            "type": "string",
            "value": "{\"status\":0,\"value\":false}"
         } ]
      },
      "description": "Array(1)",
      "objectId": "8779287950773027740.2.38",
      "subtype": "array",
      "type": "object"
   }
}
[1762356513.951][DEBUG]: DevTools WebSocket Command: Runtime.releaseObjectGroup (id=178) (session_id=4DCB025D4F4ED801B3571B81546B2590) 63163AC2DBA8772733A5A69B0BB490D8 {
   "objectGroup": "8ab2e8db-2e5d-42ed-b82f-6e4cbf0e4795"
}
[1762356513.951][INFO]: Waiting for pending navigations...
[1762356513.951][DEBUG]: DevTools WebSocket Command: Runtime.evaluate (id=179) (session_id=4DCB025D4F4ED801B3571B81546B2590) 63163AC2DBA8772733A5A69B0BB490D8 {
   "expression": "1"
}
[1762356513.953][DEBUG]: DevTools WebSocket Response: Runtime.releaseObjectGroup (id=178) (session_id=4DCB025D4F4ED801B3571B81546B2590) 63163AC2DBA8772733A5A69B0BB490D8 {
}
[1762356513.953][DEBUG]: DevTools WebSocket Response: Runtime.evaluate (id=179) (session_id=4DCB025D4F4ED801B3571B81546B2590) 63163AC2DBA8772733A5A69B0BB490D8 {
   "result": {
      "description": "1",
      "type": "number",
      "value": 1
   }
}
[1762356513.953][INFO]: Done waiting for pending navigations. Status: ok
[1762356513.953][INFO]: [5dd5ad9cb758ee0a51bcfe57cd02220c] RESPONSE ExecuteScript false
[1762356514.456][INFO]: [5dd5ad9cb758ee0a51bcfe57cd02220c] COMMAND ExecuteScript {
   "args": [ {
      "ELEMENT": "f.63163AC2DBA8772733A5A69B0BB490D8.d.BC52F7741AFE59B6A079A84D9A41AFB1.e.60",
      "element-6066-11e4-a52e-4f735466cecf": "f.63163AC2DBA8772733A5A69B0BB490D8.d.BC52F7741AFE59B6A079A84D9A41AFB1.e.60"
   } ],
   "script": "/* isDisplayed */return (function(){return (function(){var g=this||self;\nfunction aa(a){var b=typeof a;if(\"object\"==b)if(a){if(a instanceof Array)return\"array\";if(a instanceof Object)return b;var c=Object.prototype.toString.call(a);if(\"[object Window]\"==c)return\"object\";if(\"[object Array]\"==c||\"number\"==typeof a.length&&\"undefined\"!=typeof a.splice&&\"undefined\"!=typeof a.propertyIsEnumerable&&!a.propertyIsEnumerable(\"splice\"))return\"array\";if(\"[object Function]\"==c||\"undefined\"!=typeof a.call&&\"undefined\"!=typeof a.propertyIsEnumerable&&!a.propertyIsEnumerable(\"call\"))return\"function\"}else return\"null\";else if(\"function\"==\nb&&\"undefined\"==typeof a.call)return\"object\";return b}function ca(a,b){function c(){}c.prototype=b.prototype;a.prototype=new c;a.prototype.constructor=a};var da=Array.prototype.indexOf?function(a,b){return Array.prototype.indexOf.call(a,b,void 0)}:function(a,b){if(\"string\"===typeof a)return\"string\"!==typeof b||1!=b.length?-1:a.indexOf(b,0);for(var c=0;c\u003Ca.length;c++)if(c in a&&a[c]===b)return c;return-1},ea=Array.prototype.some?function(a,b){return Array.prototype.some.call(a,b,void 0)}:function(a,b){for(var c=a.length,e=\"string\"===typeof a?a.split(\"\"):a,d=0;d\u003Cc;d++)if(d in e&&b.call(void 0,e[d],d,a))return!0;return!1},fa=Array.prototype.every?function(a,\nb){return Array.prototype.every.call(a,b,void 0)}:function(a,b){for(var c=a.length,e=\"string\"===typeof a?a.split(\"\"):a,d=0;d\u003Cc;d++)if(d in e&&!b.call(void 0,e[d],d,a))return!1;return!0};var ha={aliceblue:\"#f0f8ff\",antiquewhite:\"#faebd7\",aqua:\"#00ffff\",aquamarine:\"#7fffd4\",azure:\"#f0ffff\",beige:\"#f5f5dc\",bisque:\"#ffe4c4\",black:\"#000000\",blanchedalmond:\"#ffebcd\",blue:\"#0000ff\",blueviolet:\"#8a2be2\",brown:\"#a52a2a\",burlywood:\"#deb887\",cadetblue:\"#5f9ea0\",chartreuse:\"#7fff00\",chocolate:\"#d2691e\",coral:\"#ff7f50\",cornflowerblue:\"#6495ed\",cornsilk:\"#fff8dc\",crimson:\"#dc143c\",cyan:\"#00ffff\",darkblue:\"#00008b\",darkcyan:\"#008b8b\",darkgoldenrod:\"#b8860b\",darkgray:\"#a9a9a9\",darkgreen:\"#006400\",\ndarkgrey:\"#a9a9a9\",darkkhaki:\"#bdb76b\",darkmagenta:\"#8b008b\",darkolivegreen:\"#556b2f\",darkorange:\"#ff8c00\",darkorchid:\"#9932cc\",darkred:\"#8b0000\",darksalmon:\"#e9967a\",darkseagreen:\"#8fbc8f\",darkslateblue:\"#483d8b\",darkslategray:\"#2f4f4f\",darkslategrey:\"#2f4f4f\",darkturquoise:\"#00ced1\",darkviolet:\"#9400d3\",deeppink:\"#ff1493\",deepskyblue:\"#00bfff\",dimgray:\"#696969\",dimgrey:\"#696969\",dodgerblue:\"#1e90ff\",firebrick:\"#b22222\",floralwhite:\"#fffaf0\",forestgreen:\"#228b22\",fuchsia:\"#ff00ff\",gainsboro:\"#dcdcdc\",\nghostwhite:\"#f8f8ff\",gold:\"#ffd700\",goldenrod:\"#daa520\",gray:\"#808080\",green:\"#008000\",greenyellow:\"#adff2f\",grey:\"#808080\",honeydew:\"#f0fff0\",hotpink:\"#ff69b4\",indianred:\"#cd5c5c\",indigo:\"#4b0082\",ivory:\"#fffff0\",khaki:\"#f0e68c\",lavender:\"#e6e6fa\",lavenderblush:\"#fff0f5\",lawngreen:\"#7cfc00\",lemonchiffon:\"#fffacd\",lightblue:\"#add8e6\",lightcoral:\"#f08080\",lightcyan:\"#e0ffff\",lightgoldenrodyellow:\"#fafad2\",lightgray:\"#d3d3d3\",lightgreen:\"#90ee90\",lightgrey:\"#d3d3d3\",lightpink:\"#ffb6c1\",lightsalmon:\"#ffa07a\",\nlightseagreen:\"#20b2aa\",lightskyblue:\"#87cefa\",lightslategray:\"#778899\",lightslategrey:\"#778899\",lightsteelblue:\"#b0c4de\",lightyellow:\"#ffffe0\",lime:\"#00ff00\",limegreen:\"#32cd32\",linen:\"#faf0e6\",magenta:\"#ff00ff\",maroon:\"#800000\",mediumaquamarine:\"#66cdaa\",mediumblue:\"#0000cd\",mediumorchid:\"#ba55d3\",mediumpurple:\"#9370db\",mediumseagreen:\"#3cb371\",mediumslateblue:\"#7b68ee\",mediumspringgreen:\"#00fa9a\",mediumturquoise:\"#48d1cc\",mediumvioletred:\"#c71585\",midnightblue:\"#191970\",mintcream:\"#f5fffa\",mistyrose:\"#ffe4e1\",\nmoccasin:\"#ffe4b5\",navajowhite:\"#ffdead\",navy:\"#000080\",oldlace:\"#fdf5e6\",olive:\"#808000\",olivedrab:\"#6b8e23\",orange:\"#ffa500\",orangered:\"#ff4500\",orchid:\"#da70d6\",palegoldenrod:\"#eee8aa\",palegreen:\"#98fb98\",paleturquoise:\"#afeeee\",palevioletred:\"#db7093\",papayawhip:\"#ffefd5\",peachpuff:\"#ffdab9\",peru:\"#cd853f\",pink:\"#ffc0cb\",plum:\"#dda0dd\",powderblue:\"#b0e0e6\",purple:\"#800080\",red:\"#ff0000\",rosybrown:\"#bc8f8f\",royalblue:\"#4169e1\",saddlebrown:\"#8b4513\",salmon:\"#fa8072\",sandybrown:\"#f4a460\",seagreen:\"#2e8b57\",\nseashell:\"#fff5ee\",sienna:\"#a0522d\",silver:\"#c0c0c0\",skyblue:\"#87ceeb\",slateblue:\"#6a5acd\",slategray:\"#708090\",slategrey:\"#708090\",snow:\"#fffafa\",springgreen:\"#00ff7f\",steelblue:\"#4682b4\",tan:\"#d2b48c\",teal:\"#008080\",thistle:\"#d8bfd8\",tomato:\"#ff6347\",turquoise:\"#40e0d0\",violet:\"#ee82ee\",wheat:\"#f5deb3\",white:\"#ffffff\",whitesmoke:\"#f5f5f5\",yellow:\"#ffff00\",yellowgreen:\"#9acd32\"};var ia=\"backgroundColor borderTopColor borderRightColor borderBottomColor borderLeftColor color outlineColor\".split(\" \"),ja=/#([0-9a-fA-F])([0-9a-fA-F])([0-9a-fA-F])/,ka=/^#(?:[0-9a-f]{3}){1,2}$/i,la=/^(?:rgba)?\\((\\d{1,3}),\\s?(\\d{1,3}),\\s?(\\d{1,3}),\\s?(0|1|0\\.\\d*)\\)$/i,ma=/^(?:rgb)?\\((0|[1-9]\\d{0,2}),\\s?(0|[1-9]\\d{0,2}),\\s?(0|[1-9]\\d{0,2})\\)$/i;function m(a,b){this.code=a;this.a=p[a]||r;this.message=b||\"\";a=this.a.replace(/((?:^|\\s+)[a-z])/g,function(c){return c.toUpperCase().replace(/^[\\s\\xa0]+/g,\"\")});b=a.length-5;if(0>b||a.indexOf(\"Error\",b)!=b)a+=\"Error\";this.name=a;a=Error(this.message);a.name=this.name;this.stack=a.stack||\"\"}ca(m,Error);var r=\"unknown error\",p={15:\"element not selectable\",11:\"element not visible\"};p[31]=r;p[30]=r;p[24]=\"invalid cookie domain\";p[29]=\"invalid element coordinates\";p[12]=\"invalid element state\";\np[32]=\"invalid selector\";p[51]=\"invalid selector\";p[52]=\"invalid selector\";p[17]=\"javascript error\";p[405]=\"unsupported operation\";p[34]=\"move target out of bounds\";p[27]=\"no such alert\";p[7]=\"no such element\";p[8]=\"no such frame\";p[23]=\"no such window\";p[28]=\"script timeout\";p[33]=\"session not created\";p[10]=\"stale element reference\";p[21]=\"timeout\";p[25]=\"unable to set cookie\";p[26]=\"unexpected alert open\";p[13]=r;p[9]=\"unknown command\";var u=String.prototype.trim?function(a){return a.trim()}:function(a){return/^[\\s\\xa0]*([\\s\\S]*?)[\\s\\xa0]*$/.exec(a)[1]};\nfunction na(a,b){var c=0;a=u(String(a)).split(\".\");b=u(String(b)).split(\".\");for(var e=Math.max(a.length,b.length),d=0;0==c&&d\u003Ce;d++){var f=a[d]||\"\",h=b[d]||\"\";do{f=/(\\d*)(\\D*)(.*)/.exec(f)||[\"\",\"\",\"\",\"\"];h=/(\\d*)(\\D*)(.*)/.exec(h)||[\"\",\"\",\"\",\"\"];if(0==f[0].length&&0==h[0].length)break;c=v(0==f[1].length?0:parseInt(f[1],10),0==h[1].length?0:parseInt(h[1],10))||v(0==f[2].length,0==h[2].length)||v(f[2],h[2]);f=f[3];h=h[3]}while(0==c)}return c}function v(a,b){return a\u003Cb?-1:a>b?1:0};var w;a:{var oa=g.navigator;if(oa){var sa=oa.userAgent;if(sa){w=sa;break a}}w=\"\"}function x(a){return-1!=w.indexOf(a)};function y(){return x(\"Firefox\")||x(\"FxiOS\")}function A(){return(x(\"Chrome\")||x(\"CriOS\"))&&!x(\"Edge\")};function ta(a){return String(a).replace(/\\-([a-z])/g,function(b,c){return c.toUpperCase()})};function B(){return x(\"iPhone\")&&!x(\"iPod\")&&!x(\"iPad\")};function ua(a,b){var c=va;return Object.prototype.hasOwnProperty.call(c,a)?c[a]:c[a]=b(a)};var wa=x(\"Opera\"),C=x(\"Trident\")||x(\"MSIE\"),xa=x(\"Edge\"),ya=x(\"Gecko\")&&!(-1!=w.toLowerCase().indexOf(\"webkit\")&&!x(\"Edge\"))&&!(x(\"Trident\")||x(\"MSIE\"))&&!x(\"Edge\"),za=-1!=w.toLowerCase().indexOf(\"webkit\")&&!x(\"Edge\");function Aa(){var a=g.document;return a?a.documentMode:void 0}var E;\na:{var F=\"\",G=function(){var a=w;if(ya)return/rv:([^\\);]+)(\\)|;)/.exec(a);if(xa)return/Edge\\/([\\d\\.]+)/.exec(a);if(C)return/\\b(?:MSIE|rv)[: ]([^\\);]+)(\\)|;)/.exec(a);if(za)return/WebKit\\/(\\S+)/.exec(a);if(wa)return/(?:Version)[ \\/]?(\\S+)/.exec(a)}();G&&(F=G?G[1]:\"\");if(C){var H=Aa();if(null!=H&&H>parseFloat(F)){E=String(H);break a}}E=F}var va={};function Ba(a){return ua(a,function(){return 0\u003C=na(E,a)})}var I;I=g.document&&C?Aa():void 0;var Ca=y(),Da=B()||x(\"iPod\"),Ea=x(\"iPad\"),Fa=x(\"Android\")&&!(A()||y()||x(\"Opera\")||x(\"Silk\")),Ga=A(),Ha=x(\"Safari\")&&!(A()||x(\"Coast\")||x(\"Opera\")||x(\"Edge\")||x(\"Edg/\")||x(\"OPR\")||y()||x(\"Silk\")||x(\"Android\"))&&!(B()||x(\"iPad\")||x(\"iPod\"));function J(a){return(a=a.exec(w))?a[1]:\"\"}(function(){if(Ca)return J(/Firefox\\/([0-9.]+)/);if(C||xa||wa)return E;if(Ga)return B()||x(\"iPad\")||x(\"iPod\")?J(/CriOS\\/([0-9.]+)/):J(/Chrome\\/([0-9.]+)/);if(Ha&&!(B()||x(\"iPad\")||x(\"iPod\")))return J(/Version\\/([0-9.]+)/);if(Da||Ea){var a=/Version\\/(\\S+).*Mobile\\/(\\S+)/.exec(w);if(a)return a[1]+\".\"+a[2]}else if(Fa)return(a=J(/Android\\s+([0-9.]+)/))?a:J(/Version\\/([0-9.]+)/);return\"\"})();var K;if(K=C)K=!(9\u003C=Number(I));var Ia=K;function L(a,b){this.x=void 0!==a?a:0;this.y=void 0!==b?b:0}L.prototype.ceil=function(){this.x=Math.ceil(this.x);this.y=Math.ceil(this.y);return this};L.prototype.floor=function(){this.x=Math.floor(this.x);this.y=Math.floor(this.y);return this};L.prototype.round=function(){this.x=Math.round(this.x);this.y=Math.round(this.y);return this};function M(a,b){this.width=a;this.height=b}M.prototype.aspectRatio=function(){return this.width/this.height};M.prototype.ceil=function(){this.width=Math.ceil(this.width);this.height=Math.ceil(this.height);return this};M.prototype.floor=function(){this.width=Math.floor(this.width);this.height=Math.floor(this.height);return this};M.prototype.round=function(){this.width=Math.round(this.width);this.height=Math.round(this.height);return this};function N(a){return 9==a.nodeType?a:a.ownerDocument||a.document}function Ja(a,b){a&&(a=a.parentNode);for(var c=0;a;){if(b(a))return a;a=a.parentNode;c++}return null}function Ka(a){this.a=a||g.document||document};function P(a,b){b&&\"string\"!==typeof b&&(b=b.toString());return a instanceof HTMLFormElement?!!a&&1==a.nodeType&&(!b||\"FORM\"==b):!!a&&1==a.nodeType&&(!b||a.tagName.toUpperCase()==b)};function Q(a,b,c,e){this.f=a;this.a=b;this.b=c;this.c=e}Q.prototype.ceil=function(){this.f=Math.ceil(this.f);this.a=Math.ceil(this.a);this.b=Math.ceil(this.b);this.c=Math.ceil(this.c);return this};Q.prototype.floor=function(){this.f=Math.floor(this.f);this.a=Math.floor(this.a);this.b=Math.floor(this.b);this.c=Math.floor(this.c);return this};Q.prototype.round=function(){this.f=Math.round(this.f);this.a=Math.round(this.a);this.b=Math.round(this.b);this.c=Math.round(this.c);return this};function R(a,b,c,e){this.a=a;this.b=b;this.width=c;this.height=e}R.prototype.ceil=function(){this.a=Math.ceil(this.a);this.b=Math.ceil(this.b);this.width=Math.ceil(this.width);this.height=Math.ceil(this.height);return this};R.prototype.floor=function(){this.a=Math.floor(this.a);this.b=Math.floor(this.b);this.width=Math.floor(this.width);this.height=Math.floor(this.height);return this};\nR.prototype.round=function(){this.a=Math.round(this.a);this.b=Math.round(this.b);this.width=Math.round(this.width);this.height=Math.round(this.height);return this};var La=\"function\"===typeof ShadowRoot;function S(a){for(a=a.parentNode;a&&1!=a.nodeType&&9!=a.nodeType&&11!=a.nodeType;)a=a.parentNode;return P(a)?a:null}\nfunction T(a,b){b=ta(b);if(\"float\"==b||\"cssFloat\"==b||\"styleFloat\"==b)b=Ia?\"styleFloat\":\"cssFloat\";a:{var c=b;var e=N(a);if(e.defaultView&&e.defaultView.getComputedStyle&&(e=e.defaultView.getComputedStyle(a,null))){c=e[c]||e.getPropertyValue(c)||\"\";break a}c=\"\"}a=c||Ma(a,b);if(null===a)a=null;else if(0\u003C=da(ia,b)){b:{var d=a.match(la);if(d&&(b=Number(d[1]),c=Number(d[2]),e=Number(d[3]),d=Number(d[4]),0\u003C=b&&255>=b&&0\u003C=c&&255>=c&&0\u003C=e&&255>=e&&0\u003C=d&&1>=d)){b=[b,c,e,d];break b}b=null}if(!b)b:{if(e=a.match(ma))if(b=\nNumber(e[1]),c=Number(e[2]),e=Number(e[3]),0\u003C=b&&255>=b&&0\u003C=c&&255>=c&&0\u003C=e&&255>=e){b=[b,c,e,1];break b}b=null}if(!b)b:{b=a.toLowerCase();c=ha[b.toLowerCase()];if(!c&&(c=\"#\"==b.charAt(0)?b:\"#\"+b,4==c.length&&(c=c.replace(ja,\"#$1$1$2$2$3$3\")),!ka.test(c))){b=null;break b}b=[parseInt(c.substr(1,2),16),parseInt(c.substr(3,2),16),parseInt(c.substr(5,2),16),1]}a=b?\"rgba(\"+b.join(\", \")+\")\":a}return a}\nfunction Ma(a,b){var c=a.currentStyle||a.style,e=c[b];void 0===e&&\"function\"==aa(c.getPropertyValue)&&(e=c.getPropertyValue(b));return\"inherit\"!=e?void 0!==e?e:null:(a=S(a))?Ma(a,b):null}\nfunction U(a,b,c){function e(h){var n=V(h);return 0\u003Cn.height&&0\u003Cn.width?!0:P(h,\"PATH\")&&(0\u003Cn.height||0\u003Cn.width)?(h=T(h,\"stroke-width\"),!!h&&0\u003CparseInt(h,10)):\"hidden\"!=T(h,\"overflow\")&&ea(h.childNodes,function(D){return 3==D.nodeType||P(D)&&e(D)})}function d(h){return Na(h)==W&&fa(h.childNodes,function(n){return!P(n)||d(n)||!e(n)})}if(!P(a))throw Error(\"Argument to isShown must be of type Element\");if(P(a,\"BODY\"))return!0;if(P(a,\"OPTION\")||P(a,\"OPTGROUP\"))return a=Ja(a,function(h){return P(h,\"SELECT\")}),\n!!a&&U(a,!0,c);var f=Oa(a);if(f)return!!f.image&&0\u003Cf.rect.width&&0\u003Cf.rect.height&&U(f.image,b,c);if(P(a,\"INPUT\")&&\"hidden\"==a.type.toLowerCase()||P(a,\"NOSCRIPT\"))return!1;f=T(a,\"visibility\");return\"collapse\"!=f&&\"hidden\"!=f&&c(a)&&(b||0!=Pa(a))&&e(a)?!d(a):!1}var W=\"hidden\";\nfunction Na(a){function b(k){function l(ba){if(ba==h)return!0;var pa=T(ba,\"display\");return 0==pa.lastIndexOf(\"inline\",0)||\"contents\"==pa||\"absolute\"==qa&&\"static\"==T(ba,\"position\")?!1:!0}var qa=T(k,\"position\");if(\"fixed\"==qa)return ra=!0,k==h?null:h;for(k=S(k);k&&!l(k);)k=S(k);return k}function c(k){var l=k;if(\"visible\"==D)if(k==h&&n)l=n;else if(k==n)return{x:\"visible\",y:\"visible\"};l={x:T(l,\"overflow-x\"),y:T(l,\"overflow-y\")};k==h&&(l.x=\"visible\"==l.x?\"auto\":l.x,l.y=\"visible\"==l.y?\"auto\":l.y);return l}\nfunction e(k){if(k==h){var l=(new Ka(f)).a;k=l.scrollingElement?l.scrollingElement:za||\"CSS1Compat\"!=l.compatMode?l.body||l.documentElement:l.documentElement;l=l.parentWindow||l.defaultView;k=C&&Ba(\"10\")&&l.pageYOffset!=k.scrollTop?new L(k.scrollLeft,k.scrollTop):new L(l.pageXOffset||k.scrollLeft,l.pageYOffset||k.scrollTop)}else k=new L(k.scrollLeft,k.scrollTop);return k}var d=Qa(a),f=N(a),h=f.documentElement,n=f.body,D=T(h,\"overflow\"),ra;for(a=b(a);a;a=b(a)){var q=c(a);if(\"visible\"!=q.x||\"visible\"!=\nq.y){var t=V(a);if(0==t.width||0==t.height)return W;var z=d.a\u003Ct.a,O=d.b\u003Ct.b;if(z&&\"hidden\"==q.x||O&&\"hidden\"==q.y)return W;if(z&&\"visible\"!=q.x||O&&\"visible\"!=q.y){z=e(a);O=d.b\u003Ct.b-z.y;if(d.a\u003Ct.a-z.x&&\"visible\"!=q.x||O&&\"visible\"!=q.x)return W;d=Na(a);return d==W?W:\"scroll\"}z=d.c>=t.a+t.width;t=d.f>=t.b+t.height;if(z&&\"hidden\"==q.x||t&&\"hidden\"==q.y)return W;if(z&&\"visible\"!=q.x||t&&\"visible\"!=q.y){if(ra&&(q=e(a),d.c>=h.scrollWidth-q.x||d.a>=h.scrollHeight-q.y))return W;d=Na(a);return d==W?W:\"scroll\"}}}return\"none\"}\nfunction V(a){var b=Oa(a);if(b)return b.rect;if(P(a,\"HTML\"))return a=N(a),a=((a?a.parentWindow||a.defaultView:window)||window).document,a=\"CSS1Compat\"==a.compatMode?a.documentElement:a.body,a=new M(a.clientWidth,a.clientHeight),new R(0,0,a.width,a.height);try{var c=a.getBoundingClientRect()}catch(e){return new R(0,0,0,0)}b=new R(c.left,c.top,c.right-c.left,c.bottom-c.top);C&&a.ownerDocument.body&&(a=N(a),b.a-=a.documentElement.clientLeft+a.body.clientLeft,b.b-=a.documentElement.clientTop+a.body.clientTop);\nreturn b}\nfunction Oa(a){var b=P(a,\"MAP\");if(!b&&!P(a,\"AREA\"))return null;var c=b?a:P(a.parentNode,\"MAP\")?a.parentNode:null,e=null,d=null;if(c&&c.name){e='*[usemap=\"#'+c.name+'\"]';c=N(c);var f;if(f=\"function\"!=aa(c.querySelector)&&C&&(C?0\u003C=na(I,8):Ba(8))){f=c.querySelector;var h=typeof f;f=!(\"object\"==h&&null!=f||\"function\"==h)}if(f)throw Error(\"CSS selection is not supported\");if(!e)throw new m(32,\"No selector specified\");e=u(e);try{var n=c.querySelector(e)}catch(D){throw new m(32,\"An invalid or illegal selector was specified\");}if(e=\nn&&1==n.nodeType?n:null)d=V(e),b||\"default\"==a.shape.toLowerCase()||(a=Ra(a),b=Math.min(Math.max(a.a,0),d.width),n=Math.min(Math.max(a.b,0),d.height),d=new R(b+d.a,n+d.b,Math.min(a.width,d.width-b),Math.min(a.height,d.height-n)))}return{image:e,rect:d||new R(0,0,0,0)}}\nfunction Ra(a){var b=a.shape.toLowerCase();a=a.coords.split(\",\");if(\"rect\"==b&&4==a.length){b=a[0];var c=a[1];return new R(b,c,a[2]-b,a[3]-c)}if(\"circle\"==b&&3==a.length)return b=a[2],new R(a[0]-b,a[1]-b,2*b,2*b);if(\"poly\"==b&&2\u003Ca.length){b=a[0];c=a[1];for(var e=b,d=c,f=2;f+1\u003Ca.length;f+=2)b=Math.min(b,a[f]),e=Math.max(e,a[f]),c=Math.min(c,a[f+1]),d=Math.max(d,a[f+1]);return new R(b,c,e-b,d-c)}return new R(0,0,0,0)}function Qa(a){a=V(a);return new Q(a.b,a.a+a.width,a.b+a.height,a.a)}\nfunction Pa(a){if(Ia){if(\"relative\"==T(a,\"position\"))return 1;a=T(a,\"filter\");return(a=a.match(/^alpha\\(opacity=(\\d*)\\)/)||a.match(/^progid:DXImageTransform.Microsoft.Alpha\\(Opacity=(\\d*)\\)/))?Number(a[1])/100:1}return Sa(a)}function Sa(a){var b=1,c=T(a,\"opacity\");c&&(b=Number(c));(a=S(a))&&(b*=Sa(a));return b};function Ta(a,b){function c(e){if(P(e)&&\"none\"==T(e,\"display\"))return!1;var d;if((d=e.parentNode)&&d.shadowRoot&&void 0!==e.assignedSlot)d=e.assignedSlot?e.assignedSlot.parentNode:null;else if(e.getDestinationInsertionPoints){var f=e.getDestinationInsertionPoints();0\u003Cf.length&&(d=f[f.length-1])}if(La&&d instanceof ShadowRoot){if(d.host.shadowRoot&&d.host.shadowRoot!==d)return!1;d=d.host}return!d||9!=d.nodeType&&11!=d.nodeType?d&&P(d,\"DETAILS\")&&!d.open&&!P(e,\"SUMMARY\")?!1:!!d&&c(d):!0}return U(a,\n!!b,c)}var X=[\"_\"],Y=g;X[0]in Y||\"undefined\"==typeof Y.execScript||Y.execScript(\"var \"+X[0]);for(var Z;X.length&&(Z=X.shift());)X.length||void 0===Ta?Y[Z]&&Y[Z]!==Object.prototype[Z]?Y=Y[Z]:Y=Y[Z]={}:Y[Z]=Ta;; return this._.apply(null,arguments);}).apply({navigator:typeof window!='undefined'?window.navigator:null,document:typeof window!='undefined'?window.document:null}, arguments);}).apply(null, arguments)"
}
[1762356514.456][INFO]: Waiting for pending navigations...
[1762356514.456][DEBUG]: DevTools WebSocket Command: Runtime.evaluate (id=180) (session_id=4DCB025D4F4ED801B3571B81546B2590) 63163AC2DBA8772733A5A69B0BB490D8 {
   "expression": "1"
}
[1762356514.457][DEBUG]: DevTools WebSocket Response: Runtime.evaluate (id=180) (session_id=4DCB025D4F4ED801B3571B81546B2590) 63163AC2DBA8772733A5A69B0BB490D8 {
   "result": {
      "description": "1",
      "type": "number",
      "value": 1
   }
}
[1762356514.457][INFO]: Done waiting for pending navigations. Status: ok
[1762356514.457][DEBUG]: DevTools WebSocket Command: Page.getFrameTree (id=181) (session_id=4DCB025D4F4ED801B3571B81546B2590) 63163AC2DBA8772733A5A69B0BB490D8 {
}
[1762356514.458][DEBUG]: DevTools WebSocket Response: Page.getFrameTree (id=181) (session_id=4DCB025D4F4ED801B3571B81546B2590) 63163AC2DBA8772733A5A69B0BB490D8 {
   "frameTree": {
      "frame": {
         "adFrameStatus": {
            "adFrameType": "none"
         },
         "crossOriginIsolatedContextType": "NotIsolated",
         "domainAndRegistry": "github.com",
         "gatedAPIFeatures": [  ],
         "id": "63163AC2DBA8772733A5A69B0BB490D8",
         "loaderId": "BC52F7741AFE59B6A079A84D9A41AFB1",
         "mimeType": "text/html",
         "secureContextType": "Secure",
         "securityOrigin": "https://github.com",
         "securityOriginDetails": {
            "isLocalhost": false
         },
         "url": "https://github.com/search?q=nightwatch&type=repositories"
      }
   }
}
[1762356514.458][DEBUG]: DevTools WebSocket Command: DOM.resolveNode (id=182) (session_id=4DCB025D4F4ED801B3571B81546B2590) 63163AC2DBA8772733A5A69B0BB490D8 {
   "backendNodeId": 60,
   "objectGroup": "1bf5d44a-aa03-4168-b827-861f172ffca2"
}
[1762356514.458][DEBUG]: DevTools WebSocket Response: DOM.resolveNode (id=182) (session_id=4DCB025D4F4ED801B3571B81546B2590) 63163AC2DBA8772733A5A69B0BB490D8 {
   "object": {
      "className": "HTMLButtonElement",
      "description": "button.header-search-button.input-button.form-control.d-flex.flex-1.flex-self-stretch.flex-items-center.no-wrap.width-full.py-0.pl-2.pr-0.text-left.border-0.box-shadow-none",
      "objectId": "8779287950773027740.2.39",
      "subtype": "node",
      "type": "object"
   }
}
[1762356514.458][DEBUG]: DevTools WebSocket Command: Page.getFrameTree (id=183) (session_id=4DCB025D4F4ED801B3571B81546B2590) 63163AC2DBA8772733A5A69B0BB490D8 {
}
[1762356514.458][DEBUG]: DevTools WebSocket Response: Page.getFrameTree (id=183) (session_id=4DCB025D4F4ED801B3571B81546B2590) 63163AC2DBA8772733A5A69B0BB490D8 {
   "frameTree": {
      "frame": {
         "adFrameStatus": {
            "adFrameType": "none"
         },
         "crossOriginIsolatedContextType": "NotIsolated",
         "domainAndRegistry": "github.com",
         "gatedAPIFeatures": [  ],
         "id": "63163AC2DBA8772733A5A69B0BB490D8",
         "loaderId": "BC52F7741AFE59B6A079A84D9A41AFB1",
         "mimeType": "text/html",
         "secureContextType": "Secure",
         "securityOrigin": "https://github.com",
         "securityOriginDetails": {
            "isLocalhost": false
         },
         "url": "https://github.com/search?q=nightwatch&type=repositories"
      }
   }
}
[1762356514.459][DEBUG]: DevTools WebSocket Command: Runtime.callFunctionOn (id=184) (session_id=4DCB025D4F4ED801B3571B81546B2590) 63163AC2DBA8772733A5A69B0BB490D8 {
   "arguments": [ {
      "objectId": "8779287950773027740.2.39"
   } ],
   "awaitPromise": true,
   "functionDeclaration": "function(){ return (function() { // Copyright 2012 The Chromium Authors\n// Use of this source code is governed by a BSD-style license that can be\n// found in the LICENSE file.\n\n/**\n * Enum for WebD...",
   "objectGroup": "1bf5d44a-aa03-4168-b827-861f172ffca2",
   "serializationOptions": {
      "serialization": "deep"
   },
   "uniqueContextId": "-8908945788913384037.-1572819235194483600"
}
[1762356514.460][DEBUG]: DevTools WebSocket Response: Runtime.callFunctionOn (id=184) (session_id=4DCB025D4F4ED801B3571B81546B2590) 63163AC2DBA8772733A5A69B0BB490D8 {
   "result": {
      "className": "Array",
      "deepSerializedValue": {
         "type": "array",
         "value": [ {
            "type": "string",
            "value": "{\"status\":0,\"value\":false}"
         } ]
      },
      "description": "Array(1)",
      "objectId": "8779287950773027740.2.40",
      "subtype": "array",
      "type": "object"
   }
}
[1762356514.460][DEBUG]: DevTools WebSocket Command: Runtime.releaseObjectGroup (id=185) (session_id=4DCB025D4F4ED801B3571B81546B2590) 63163AC2DBA8772733A5A69B0BB490D8 {
   "objectGroup": "1bf5d44a-aa03-4168-b827-861f172ffca2"
}
[1762356514.460][INFO]: Waiting for pending navigations...
[1762356514.460][DEBUG]: DevTools WebSocket Command: Runtime.evaluate (id=186) (session_id=4DCB025D4F4ED801B3571B81546B2590) 63163AC2DBA8772733A5A69B0BB490D8 {
   "expression": "1"
}
[1762356514.461][DEBUG]: DevTools WebSocket Response: Runtime.releaseObjectGroup (id=185) (session_id=4DCB025D4F4ED801B3571B81546B2590) 63163AC2DBA8772733A5A69B0BB490D8 {
}
[1762356514.461][DEBUG]: DevTools WebSocket Response: Runtime.evaluate (id=186) (session_id=4DCB025D4F4ED801B3571B81546B2590) 63163AC2DBA8772733A5A69B0BB490D8 {
   "result": {
      "description": "1",
      "type": "number",
      "value": 1
   }
}
[1762356514.461][INFO]: Done waiting for pending navigations. Status: ok
[1762356514.461][INFO]: [5dd5ad9cb758ee0a51bcfe57cd02220c] RESPONSE ExecuteScript false
[1762356514.963][INFO]: [5dd5ad9cb758ee0a51bcfe57cd02220c] COMMAND ExecuteScript {
   "args": [ {
      "ELEMENT": "f.63163AC2DBA8772733A5A69B0BB490D8.d.BC52F7741AFE59B6A079A84D9A41AFB1.e.60",
      "element-6066-11e4-a52e-4f735466cecf": "f.63163AC2DBA8772733A5A69B0BB490D8.d.BC52F7741AFE59B6A079A84D9A41AFB1.e.60"
   } ],
   "script": "/* isDisplayed */return (function(){return (function(){var g=this||self;\nfunction aa(a){var b=typeof a;if(\"object\"==b)if(a){if(a instanceof Array)return\"array\";if(a instanceof Object)return b;var c=Object.prototype.toString.call(a);if(\"[object Window]\"==c)return\"object\";if(\"[object Array]\"==c||\"number\"==typeof a.length&&\"undefined\"!=typeof a.splice&&\"undefined\"!=typeof a.propertyIsEnumerable&&!a.propertyIsEnumerable(\"splice\"))return\"array\";if(\"[object Function]\"==c||\"undefined\"!=typeof a.call&&\"undefined\"!=typeof a.propertyIsEnumerable&&!a.propertyIsEnumerable(\"call\"))return\"function\"}else return\"null\";else if(\"function\"==\nb&&\"undefined\"==typeof a.call)return\"object\";return b}function ca(a,b){function c(){}c.prototype=b.prototype;a.prototype=new c;a.prototype.constructor=a};var da=Array.prototype.indexOf?function(a,b){return Array.prototype.indexOf.call(a,b,void 0)}:function(a,b){if(\"string\"===typeof a)return\"string\"!==typeof b||1!=b.length?-1:a.indexOf(b,0);for(var c=0;c\u003Ca.length;c++)if(c in a&&a[c]===b)return c;return-1},ea=Array.prototype.some?function(a,b){return Array.prototype.some.call(a,b,void 0)}:function(a,b){for(var c=a.length,e=\"string\"===typeof a?a.split(\"\"):a,d=0;d\u003Cc;d++)if(d in e&&b.call(void 0,e[d],d,a))return!0;return!1},fa=Array.prototype.every?function(a,\nb){return Array.prototype.every.call(a,b,void 0)}:function(a,b){for(var c=a.length,e=\"string\"===typeof a?a.split(\"\"):a,d=0;d\u003Cc;d++)if(d in e&&!b.call(void 0,e[d],d,a))return!1;return!0};var ha={aliceblue:\"#f0f8ff\",antiquewhite:\"#faebd7\",aqua:\"#00ffff\",aquamarine:\"#7fffd4\",azure:\"#f0ffff\",beige:\"#f5f5dc\",bisque:\"#ffe4c4\",black:\"#000000\",blanchedalmond:\"#ffebcd\",blue:\"#0000ff\",blueviolet:\"#8a2be2\",brown:\"#a52a2a\",burlywood:\"#deb887\",cadetblue:\"#5f9ea0\",chartreuse:\"#7fff00\",chocolate:\"#d2691e\",coral:\"#ff7f50\",cornflowerblue:\"#6495ed\",cornsilk:\"#fff8dc\",crimson:\"#dc143c\",cyan:\"#00ffff\",darkblue:\"#00008b\",darkcyan:\"#008b8b\",darkgoldenrod:\"#b8860b\",darkgray:\"#a9a9a9\",darkgreen:\"#006400\",\ndarkgrey:\"#a9a9a9\",darkkhaki:\"#bdb76b\",darkmagenta:\"#8b008b\",darkolivegreen:\"#556b2f\",darkorange:\"#ff8c00\",darkorchid:\"#9932cc\",darkred:\"#8b0000\",darksalmon:\"#e9967a\",darkseagreen:\"#8fbc8f\",darkslateblue:\"#483d8b\",darkslategray:\"#2f4f4f\",darkslategrey:\"#2f4f4f\",darkturquoise:\"#00ced1\",darkviolet:\"#9400d3\",deeppink:\"#ff1493\",deepskyblue:\"#00bfff\",dimgray:\"#696969\",dimgrey:\"#696969\",dodgerblue:\"#1e90ff\",firebrick:\"#b22222\",floralwhite:\"#fffaf0\",forestgreen:\"#228b22\",fuchsia:\"#ff00ff\",gainsboro:\"#dcdcdc\",\nghostwhite:\"#f8f8ff\",gold:\"#ffd700\",goldenrod:\"#daa520\",gray:\"#808080\",green:\"#008000\",greenyellow:\"#adff2f\",grey:\"#808080\",honeydew:\"#f0fff0\",hotpink:\"#ff69b4\",indianred:\"#cd5c5c\",indigo:\"#4b0082\",ivory:\"#fffff0\",khaki:\"#f0e68c\",lavender:\"#e6e6fa\",lavenderblush:\"#fff0f5\",lawngreen:\"#7cfc00\",lemonchiffon:\"#fffacd\",lightblue:\"#add8e6\",lightcoral:\"#f08080\",lightcyan:\"#e0ffff\",lightgoldenrodyellow:\"#fafad2\",lightgray:\"#d3d3d3\",lightgreen:\"#90ee90\",lightgrey:\"#d3d3d3\",lightpink:\"#ffb6c1\",lightsalmon:\"#ffa07a\",\nlightseagreen:\"#20b2aa\",lightskyblue:\"#87cefa\",lightslategray:\"#778899\",lightslategrey:\"#778899\",lightsteelblue:\"#b0c4de\",lightyellow:\"#ffffe0\",lime:\"#00ff00\",limegreen:\"#32cd32\",linen:\"#faf0e6\",magenta:\"#ff00ff\",maroon:\"#800000\",mediumaquamarine:\"#66cdaa\",mediumblue:\"#0000cd\",mediumorchid:\"#ba55d3\",mediumpurple:\"#9370db\",mediumseagreen:\"#3cb371\",mediumslateblue:\"#7b68ee\",mediumspringgreen:\"#00fa9a\",mediumturquoise:\"#48d1cc\",mediumvioletred:\"#c71585\",midnightblue:\"#191970\",mintcream:\"#f5fffa\",mistyrose:\"#ffe4e1\",\nmoccasin:\"#ffe4b5\",navajowhite:\"#ffdead\",navy:\"#000080\",oldlace:\"#fdf5e6\",olive:\"#808000\",olivedrab:\"#6b8e23\",orange:\"#ffa500\",orangered:\"#ff4500\",orchid:\"#da70d6\",palegoldenrod:\"#eee8aa\",palegreen:\"#98fb98\",paleturquoise:\"#afeeee\",palevioletred:\"#db7093\",papayawhip:\"#ffefd5\",peachpuff:\"#ffdab9\",peru:\"#cd853f\",pink:\"#ffc0cb\",plum:\"#dda0dd\",powderblue:\"#b0e0e6\",purple:\"#800080\",red:\"#ff0000\",rosybrown:\"#bc8f8f\",royalblue:\"#4169e1\",saddlebrown:\"#8b4513\",salmon:\"#fa8072\",sandybrown:\"#f4a460\",seagreen:\"#2e8b57\",\nseashell:\"#fff5ee\",sienna:\"#a0522d\",silver:\"#c0c0c0\",skyblue:\"#87ceeb\",slateblue:\"#6a5acd\",slategray:\"#708090\",slategrey:\"#708090\",snow:\"#fffafa\",springgreen:\"#00ff7f\",steelblue:\"#4682b4\",tan:\"#d2b48c\",teal:\"#008080\",thistle:\"#d8bfd8\",tomato:\"#ff6347\",turquoise:\"#40e0d0\",violet:\"#ee82ee\",wheat:\"#f5deb3\",white:\"#ffffff\",whitesmoke:\"#f5f5f5\",yellow:\"#ffff00\",yellowgreen:\"#9acd32\"};var ia=\"backgroundColor borderTopColor borderRightColor borderBottomColor borderLeftColor color outlineColor\".split(\" \"),ja=/#([0-9a-fA-F])([0-9a-fA-F])([0-9a-fA-F])/,ka=/^#(?:[0-9a-f]{3}){1,2}$/i,la=/^(?:rgba)?\\((\\d{1,3}),\\s?(\\d{1,3}),\\s?(\\d{1,3}),\\s?(0|1|0\\.\\d*)\\)$/i,ma=/^(?:rgb)?\\((0|[1-9]\\d{0,2}),\\s?(0|[1-9]\\d{0,2}),\\s?(0|[1-9]\\d{0,2})\\)$/i;function m(a,b){this.code=a;this.a=p[a]||r;this.message=b||\"\";a=this.a.replace(/((?:^|\\s+)[a-z])/g,function(c){return c.toUpperCase().replace(/^[\\s\\xa0]+/g,\"\")});b=a.length-5;if(0>b||a.indexOf(\"Error\",b)!=b)a+=\"Error\";this.name=a;a=Error(this.message);a.name=this.name;this.stack=a.stack||\"\"}ca(m,Error);var r=\"unknown error\",p={15:\"element not selectable\",11:\"element not visible\"};p[31]=r;p[30]=r;p[24]=\"invalid cookie domain\";p[29]=\"invalid element coordinates\";p[12]=\"invalid element state\";\np[32]=\"invalid selector\";p[51]=\"invalid selector\";p[52]=\"invalid selector\";p[17]=\"javascript error\";p[405]=\"unsupported operation\";p[34]=\"move target out of bounds\";p[27]=\"no such alert\";p[7]=\"no such element\";p[8]=\"no such frame\";p[23]=\"no such window\";p[28]=\"script timeout\";p[33]=\"session not created\";p[10]=\"stale element reference\";p[21]=\"timeout\";p[25]=\"unable to set cookie\";p[26]=\"unexpected alert open\";p[13]=r;p[9]=\"unknown command\";var u=String.prototype.trim?function(a){return a.trim()}:function(a){return/^[\\s\\xa0]*([\\s\\S]*?)[\\s\\xa0]*$/.exec(a)[1]};\nfunction na(a,b){var c=0;a=u(String(a)).split(\".\");b=u(String(b)).split(\".\");for(var e=Math.max(a.length,b.length),d=0;0==c&&d\u003Ce;d++){var f=a[d]||\"\",h=b[d]||\"\";do{f=/(\\d*)(\\D*)(.*)/.exec(f)||[\"\",\"\",\"\",\"\"];h=/(\\d*)(\\D*)(.*)/.exec(h)||[\"\",\"\",\"\",\"\"];if(0==f[0].length&&0==h[0].length)break;c=v(0==f[1].length?0:parseInt(f[1],10),0==h[1].length?0:parseInt(h[1],10))||v(0==f[2].length,0==h[2].length)||v(f[2],h[2]);f=f[3];h=h[3]}while(0==c)}return c}function v(a,b){return a\u003Cb?-1:a>b?1:0};var w;a:{var oa=g.navigator;if(oa){var sa=oa.userAgent;if(sa){w=sa;break a}}w=\"\"}function x(a){return-1!=w.indexOf(a)};function y(){return x(\"Firefox\")||x(\"FxiOS\")}function A(){return(x(\"Chrome\")||x(\"CriOS\"))&&!x(\"Edge\")};function ta(a){return String(a).replace(/\\-([a-z])/g,function(b,c){return c.toUpperCase()})};function B(){return x(\"iPhone\")&&!x(\"iPod\")&&!x(\"iPad\")};function ua(a,b){var c=va;return Object.prototype.hasOwnProperty.call(c,a)?c[a]:c[a]=b(a)};var wa=x(\"Opera\"),C=x(\"Trident\")||x(\"MSIE\"),xa=x(\"Edge\"),ya=x(\"Gecko\")&&!(-1!=w.toLowerCase().indexOf(\"webkit\")&&!x(\"Edge\"))&&!(x(\"Trident\")||x(\"MSIE\"))&&!x(\"Edge\"),za=-1!=w.toLowerCase().indexOf(\"webkit\")&&!x(\"Edge\");function Aa(){var a=g.document;return a?a.documentMode:void 0}var E;\na:{var F=\"\",G=function(){var a=w;if(ya)return/rv:([^\\);]+)(\\)|;)/.exec(a);if(xa)return/Edge\\/([\\d\\.]+)/.exec(a);if(C)return/\\b(?:MSIE|rv)[: ]([^\\);]+)(\\)|;)/.exec(a);if(za)return/WebKit\\/(\\S+)/.exec(a);if(wa)return/(?:Version)[ \\/]?(\\S+)/.exec(a)}();G&&(F=G?G[1]:\"\");if(C){var H=Aa();if(null!=H&&H>parseFloat(F)){E=String(H);break a}}E=F}var va={};function Ba(a){return ua(a,function(){return 0\u003C=na(E,a)})}var I;I=g.document&&C?Aa():void 0;var Ca=y(),Da=B()||x(\"iPod\"),Ea=x(\"iPad\"),Fa=x(\"Android\")&&!(A()||y()||x(\"Opera\")||x(\"Silk\")),Ga=A(),Ha=x(\"Safari\")&&!(A()||x(\"Coast\")||x(\"Opera\")||x(\"Edge\")||x(\"Edg/\")||x(\"OPR\")||y()||x(\"Silk\")||x(\"Android\"))&&!(B()||x(\"iPad\")||x(\"iPod\"));function J(a){return(a=a.exec(w))?a[1]:\"\"}(function(){if(Ca)return J(/Firefox\\/([0-9.]+)/);if(C||xa||wa)return E;if(Ga)return B()||x(\"iPad\")||x(\"iPod\")?J(/CriOS\\/([0-9.]+)/):J(/Chrome\\/([0-9.]+)/);if(Ha&&!(B()||x(\"iPad\")||x(\"iPod\")))return J(/Version\\/([0-9.]+)/);if(Da||Ea){var a=/Version\\/(\\S+).*Mobile\\/(\\S+)/.exec(w);if(a)return a[1]+\".\"+a[2]}else if(Fa)return(a=J(/Android\\s+([0-9.]+)/))?a:J(/Version\\/([0-9.]+)/);return\"\"})();var K;if(K=C)K=!(9\u003C=Number(I));var Ia=K;function L(a,b){this.x=void 0!==a?a:0;this.y=void 0!==b?b:0}L.prototype.ceil=function(){this.x=Math.ceil(this.x);this.y=Math.ceil(this.y);return this};L.prototype.floor=function(){this.x=Math.floor(this.x);this.y=Math.floor(this.y);return this};L.prototype.round=function(){this.x=Math.round(this.x);this.y=Math.round(this.y);return this};function M(a,b){this.width=a;this.height=b}M.prototype.aspectRatio=function(){return this.width/this.height};M.prototype.ceil=function(){this.width=Math.ceil(this.width);this.height=Math.ceil(this.height);return this};M.prototype.floor=function(){this.width=Math.floor(this.width);this.height=Math.floor(this.height);return this};M.prototype.round=function(){this.width=Math.round(this.width);this.height=Math.round(this.height);return this};function N(a){return 9==a.nodeType?a:a.ownerDocument||a.document}function Ja(a,b){a&&(a=a.parentNode);for(var c=0;a;){if(b(a))return a;a=a.parentNode;c++}return null}function Ka(a){this.a=a||g.document||document};function P(a,b){b&&\"string\"!==typeof b&&(b=b.toString());return a instanceof HTMLFormElement?!!a&&1==a.nodeType&&(!b||\"FORM\"==b):!!a&&1==a.nodeType&&(!b||a.tagName.toUpperCase()==b)};function Q(a,b,c,e){this.f=a;this.a=b;this.b=c;this.c=e}Q.prototype.ceil=function(){this.f=Math.ceil(this.f);this.a=Math.ceil(this.a);this.b=Math.ceil(this.b);this.c=Math.ceil(this.c);return this};Q.prototype.floor=function(){this.f=Math.floor(this.f);this.a=Math.floor(this.a);this.b=Math.floor(this.b);this.c=Math.floor(this.c);return this};Q.prototype.round=function(){this.f=Math.round(this.f);this.a=Math.round(this.a);this.b=Math.round(this.b);this.c=Math.round(this.c);return this};function R(a,b,c,e){this.a=a;this.b=b;this.width=c;this.height=e}R.prototype.ceil=function(){this.a=Math.ceil(this.a);this.b=Math.ceil(this.b);this.width=Math.ceil(this.width);this.height=Math.ceil(this.height);return this};R.prototype.floor=function(){this.a=Math.floor(this.a);this.b=Math.floor(this.b);this.width=Math.floor(this.width);this.height=Math.floor(this.height);return this};\nR.prototype.round=function(){this.a=Math.round(this.a);this.b=Math.round(this.b);this.width=Math.round(this.width);this.height=Math.round(this.height);return this};var La=\"function\"===typeof ShadowRoot;function S(a){for(a=a.parentNode;a&&1!=a.nodeType&&9!=a.nodeType&&11!=a.nodeType;)a=a.parentNode;return P(a)?a:null}\nfunction T(a,b){b=ta(b);if(\"float\"==b||\"cssFloat\"==b||\"styleFloat\"==b)b=Ia?\"styleFloat\":\"cssFloat\";a:{var c=b;var e=N(a);if(e.defaultView&&e.defaultView.getComputedStyle&&(e=e.defaultView.getComputedStyle(a,null))){c=e[c]||e.getPropertyValue(c)||\"\";break a}c=\"\"}a=c||Ma(a,b);if(null===a)a=null;else if(0\u003C=da(ia,b)){b:{var d=a.match(la);if(d&&(b=Number(d[1]),c=Number(d[2]),e=Number(d[3]),d=Number(d[4]),0\u003C=b&&255>=b&&0\u003C=c&&255>=c&&0\u003C=e&&255>=e&&0\u003C=d&&1>=d)){b=[b,c,e,d];break b}b=null}if(!b)b:{if(e=a.match(ma))if(b=\nNumber(e[1]),c=Number(e[2]),e=Number(e[3]),0\u003C=b&&255>=b&&0\u003C=c&&255>=c&&0\u003C=e&&255>=e){b=[b,c,e,1];break b}b=null}if(!b)b:{b=a.toLowerCase();c=ha[b.toLowerCase()];if(!c&&(c=\"#\"==b.charAt(0)?b:\"#\"+b,4==c.length&&(c=c.replace(ja,\"#$1$1$2$2$3$3\")),!ka.test(c))){b=null;break b}b=[parseInt(c.substr(1,2),16),parseInt(c.substr(3,2),16),parseInt(c.substr(5,2),16),1]}a=b?\"rgba(\"+b.join(\", \")+\")\":a}return a}\nfunction Ma(a,b){var c=a.currentStyle||a.style,e=c[b];void 0===e&&\"function\"==aa(c.getPropertyValue)&&(e=c.getPropertyValue(b));return\"inherit\"!=e?void 0!==e?e:null:(a=S(a))?Ma(a,b):null}\nfunction U(a,b,c){function e(h){var n=V(h);return 0\u003Cn.height&&0\u003Cn.width?!0:P(h,\"PATH\")&&(0\u003Cn.height||0\u003Cn.width)?(h=T(h,\"stroke-width\"),!!h&&0\u003CparseInt(h,10)):\"hidden\"!=T(h,\"overflow\")&&ea(h.childNodes,function(D){return 3==D.nodeType||P(D)&&e(D)})}function d(h){return Na(h)==W&&fa(h.childNodes,function(n){return!P(n)||d(n)||!e(n)})}if(!P(a))throw Error(\"Argument to isShown must be of type Element\");if(P(a,\"BODY\"))return!0;if(P(a,\"OPTION\")||P(a,\"OPTGROUP\"))return a=Ja(a,function(h){return P(h,\"SELECT\")}),\n!!a&&U(a,!0,c);var f=Oa(a);if(f)return!!f.image&&0\u003Cf.rect.width&&0\u003Cf.rect.height&&U(f.image,b,c);if(P(a,\"INPUT\")&&\"hidden\"==a.type.toLowerCase()||P(a,\"NOSCRIPT\"))return!1;f=T(a,\"visibility\");return\"collapse\"!=f&&\"hidden\"!=f&&c(a)&&(b||0!=Pa(a))&&e(a)?!d(a):!1}var W=\"hidden\";\nfunction Na(a){function b(k){function l(ba){if(ba==h)return!0;var pa=T(ba,\"display\");return 0==pa.lastIndexOf(\"inline\",0)||\"contents\"==pa||\"absolute\"==qa&&\"static\"==T(ba,\"position\")?!1:!0}var qa=T(k,\"position\");if(\"fixed\"==qa)return ra=!0,k==h?null:h;for(k=S(k);k&&!l(k);)k=S(k);return k}function c(k){var l=k;if(\"visible\"==D)if(k==h&&n)l=n;else if(k==n)return{x:\"visible\",y:\"visible\"};l={x:T(l,\"overflow-x\"),y:T(l,\"overflow-y\")};k==h&&(l.x=\"visible\"==l.x?\"auto\":l.x,l.y=\"visible\"==l.y?\"auto\":l.y);return l}\nfunction e(k){if(k==h){var l=(new Ka(f)).a;k=l.scrollingElement?l.scrollingElement:za||\"CSS1Compat\"!=l.compatMode?l.body||l.documentElement:l.documentElement;l=l.parentWindow||l.defaultView;k=C&&Ba(\"10\")&&l.pageYOffset!=k.scrollTop?new L(k.scrollLeft,k.scrollTop):new L(l.pageXOffset||k.scrollLeft,l.pageYOffset||k.scrollTop)}else k=new L(k.scrollLeft,k.scrollTop);return k}var d=Qa(a),f=N(a),h=f.documentElement,n=f.body,D=T(h,\"overflow\"),ra;for(a=b(a);a;a=b(a)){var q=c(a);if(\"visible\"!=q.x||\"visible\"!=\nq.y){var t=V(a);if(0==t.width||0==t.height)return W;var z=d.a\u003Ct.a,O=d.b\u003Ct.b;if(z&&\"hidden\"==q.x||O&&\"hidden\"==q.y)return W;if(z&&\"visible\"!=q.x||O&&\"visible\"!=q.y){z=e(a);O=d.b\u003Ct.b-z.y;if(d.a\u003Ct.a-z.x&&\"visible\"!=q.x||O&&\"visible\"!=q.x)return W;d=Na(a);return d==W?W:\"scroll\"}z=d.c>=t.a+t.width;t=d.f>=t.b+t.height;if(z&&\"hidden\"==q.x||t&&\"hidden\"==q.y)return W;if(z&&\"visible\"!=q.x||t&&\"visible\"!=q.y){if(ra&&(q=e(a),d.c>=h.scrollWidth-q.x||d.a>=h.scrollHeight-q.y))return W;d=Na(a);return d==W?W:\"scroll\"}}}return\"none\"}\nfunction V(a){var b=Oa(a);if(b)return b.rect;if(P(a,\"HTML\"))return a=N(a),a=((a?a.parentWindow||a.defaultView:window)||window).document,a=\"CSS1Compat\"==a.compatMode?a.documentElement:a.body,a=new M(a.clientWidth,a.clientHeight),new R(0,0,a.width,a.height);try{var c=a.getBoundingClientRect()}catch(e){return new R(0,0,0,0)}b=new R(c.left,c.top,c.right-c.left,c.bottom-c.top);C&&a.ownerDocument.body&&(a=N(a),b.a-=a.documentElement.clientLeft+a.body.clientLeft,b.b-=a.documentElement.clientTop+a.body.clientTop);\nreturn b}\nfunction Oa(a){var b=P(a,\"MAP\");if(!b&&!P(a,\"AREA\"))return null;var c=b?a:P(a.parentNode,\"MAP\")?a.parentNode:null,e=null,d=null;if(c&&c.name){e='*[usemap=\"#'+c.name+'\"]';c=N(c);var f;if(f=\"function\"!=aa(c.querySelector)&&C&&(C?0\u003C=na(I,8):Ba(8))){f=c.querySelector;var h=typeof f;f=!(\"object\"==h&&null!=f||\"function\"==h)}if(f)throw Error(\"CSS selection is not supported\");if(!e)throw new m(32,\"No selector specified\");e=u(e);try{var n=c.querySelector(e)}catch(D){throw new m(32,\"An invalid or illegal selector was specified\");}if(e=\nn&&1==n.nodeType?n:null)d=V(e),b||\"default\"==a.shape.toLowerCase()||(a=Ra(a),b=Math.min(Math.max(a.a,0),d.width),n=Math.min(Math.max(a.b,0),d.height),d=new R(b+d.a,n+d.b,Math.min(a.width,d.width-b),Math.min(a.height,d.height-n)))}return{image:e,rect:d||new R(0,0,0,0)}}\nfunction Ra(a){var b=a.shape.toLowerCase();a=a.coords.split(\",\");if(\"rect\"==b&&4==a.length){b=a[0];var c=a[1];return new R(b,c,a[2]-b,a[3]-c)}if(\"circle\"==b&&3==a.length)return b=a[2],new R(a[0]-b,a[1]-b,2*b,2*b);if(\"poly\"==b&&2\u003Ca.length){b=a[0];c=a[1];for(var e=b,d=c,f=2;f+1\u003Ca.length;f+=2)b=Math.min(b,a[f]),e=Math.max(e,a[f]),c=Math.min(c,a[f+1]),d=Math.max(d,a[f+1]);return new R(b,c,e-b,d-c)}return new R(0,0,0,0)}function Qa(a){a=V(a);return new Q(a.b,a.a+a.width,a.b+a.height,a.a)}\nfunction Pa(a){if(Ia){if(\"relative\"==T(a,\"position\"))return 1;a=T(a,\"filter\");return(a=a.match(/^alpha\\(opacity=(\\d*)\\)/)||a.match(/^progid:DXImageTransform.Microsoft.Alpha\\(Opacity=(\\d*)\\)/))?Number(a[1])/100:1}return Sa(a)}function Sa(a){var b=1,c=T(a,\"opacity\");c&&(b=Number(c));(a=S(a))&&(b*=Sa(a));return b};function Ta(a,b){function c(e){if(P(e)&&\"none\"==T(e,\"display\"))return!1;var d;if((d=e.parentNode)&&d.shadowRoot&&void 0!==e.assignedSlot)d=e.assignedSlot?e.assignedSlot.parentNode:null;else if(e.getDestinationInsertionPoints){var f=e.getDestinationInsertionPoints();0\u003Cf.length&&(d=f[f.length-1])}if(La&&d instanceof ShadowRoot){if(d.host.shadowRoot&&d.host.shadowRoot!==d)return!1;d=d.host}return!d||9!=d.nodeType&&11!=d.nodeType?d&&P(d,\"DETAILS\")&&!d.open&&!P(e,\"SUMMARY\")?!1:!!d&&c(d):!0}return U(a,\n!!b,c)}var X=[\"_\"],Y=g;X[0]in Y||\"undefined\"==typeof Y.execScript||Y.execScript(\"var \"+X[0]);for(var Z;X.length&&(Z=X.shift());)X.length||void 0===Ta?Y[Z]&&Y[Z]!==Object.prototype[Z]?Y=Y[Z]:Y=Y[Z]={}:Y[Z]=Ta;; return this._.apply(null,arguments);}).apply({navigator:typeof window!='undefined'?window.navigator:null,document:typeof window!='undefined'?window.document:null}, arguments);}).apply(null, arguments)"
}
[1762356514.963][INFO]: Waiting for pending navigations...
[1762356514.963][DEBUG]: DevTools WebSocket Command: Runtime.evaluate (id=187) (session_id=4DCB025D4F4ED801B3571B81546B2590) 63163AC2DBA8772733A5A69B0BB490D8 {
   "expression": "1"
}
[1762356514.964][DEBUG]: DevTools WebSocket Response: Runtime.evaluate (id=187) (session_id=4DCB025D4F4ED801B3571B81546B2590) 63163AC2DBA8772733A5A69B0BB490D8 {
   "result": {
      "description": "1",
      "type": "number",
      "value": 1
   }
}
[1762356514.964][INFO]: Done waiting for pending navigations. Status: ok
[1762356514.964][DEBUG]: DevTools WebSocket Command: Page.getFrameTree (id=188) (session_id=4DCB025D4F4ED801B3571B81546B2590) 63163AC2DBA8772733A5A69B0BB490D8 {
}
[1762356514.965][DEBUG]: DevTools WebSocket Response: Page.getFrameTree (id=188) (session_id=4DCB025D4F4ED801B3571B81546B2590) 63163AC2DBA8772733A5A69B0BB490D8 {
   "frameTree": {
      "frame": {
         "adFrameStatus": {
            "adFrameType": "none"
         },
         "crossOriginIsolatedContextType": "NotIsolated",
         "domainAndRegistry": "github.com",
         "gatedAPIFeatures": [  ],
         "id": "63163AC2DBA8772733A5A69B0BB490D8",
         "loaderId": "BC52F7741AFE59B6A079A84D9A41AFB1",
         "mimeType": "text/html",
         "secureContextType": "Secure",
         "securityOrigin": "https://github.com",
         "securityOriginDetails": {
            "isLocalhost": false
         },
         "url": "https://github.com/search?q=nightwatch&type=repositories"
      }
   }
}
[1762356514.965][DEBUG]: DevTools WebSocket Command: DOM.resolveNode (id=189) (session_id=4DCB025D4F4ED801B3571B81546B2590) 63163AC2DBA8772733A5A69B0BB490D8 {
   "backendNodeId": 60,
   "objectGroup": "dfec6793-08dd-42af-be6c-eeef40a13fcd"
}
[1762356514.965][DEBUG]: DevTools WebSocket Response: DOM.resolveNode (id=189) (session_id=4DCB025D4F4ED801B3571B81546B2590) 63163AC2DBA8772733A5A69B0BB490D8 {
   "object": {
      "className": "HTMLButtonElement",
      "description": "button.header-search-button.input-button.form-control.d-flex.flex-1.flex-self-stretch.flex-items-center.no-wrap.width-full.py-0.pl-2.pr-0.text-left.border-0.box-shadow-none",
      "objectId": "8779287950773027740.2.41",
      "subtype": "node",
      "type": "object"
   }
}
[1762356514.965][DEBUG]: DevTools WebSocket Command: Page.getFrameTree (id=190) (session_id=4DCB025D4F4ED801B3571B81546B2590) 63163AC2DBA8772733A5A69B0BB490D8 {
}
[1762356514.965][DEBUG]: DevTools WebSocket Response: Page.getFrameTree (id=190) (session_id=4DCB025D4F4ED801B3571B81546B2590) 63163AC2DBA8772733A5A69B0BB490D8 {
   "frameTree": {
      "frame": {
         "adFrameStatus": {
            "adFrameType": "none"
         },
         "crossOriginIsolatedContextType": "NotIsolated",
         "domainAndRegistry": "github.com",
         "gatedAPIFeatures": [  ],
         "id": "63163AC2DBA8772733A5A69B0BB490D8",
         "loaderId": "BC52F7741AFE59B6A079A84D9A41AFB1",
         "mimeType": "text/html",
         "secureContextType": "Secure",
         "securityOrigin": "https://github.com",
         "securityOriginDetails": {
            "isLocalhost": false
         },
         "url": "https://github.com/search?q=nightwatch&type=repositories"
      }
   }
}
[1762356514.966][DEBUG]: DevTools WebSocket Command: Runtime.callFunctionOn (id=191) (session_id=4DCB025D4F4ED801B3571B81546B2590) 63163AC2DBA8772733A5A69B0BB490D8 {
   "arguments": [ {
      "objectId": "8779287950773027740.2.41"
   } ],
   "awaitPromise": true,
   "functionDeclaration": "function(){ return (function() { // Copyright 2012 The Chromium Authors\n// Use of this source code is governed by a BSD-style license that can be\n// found in the LICENSE file.\n\n/**\n * Enum for WebD...",
   "objectGroup": "dfec6793-08dd-42af-be6c-eeef40a13fcd",
   "serializationOptions": {
      "serialization": "deep"
   },
   "uniqueContextId": "-8908945788913384037.-1572819235194483600"
}
[1762356514.967][DEBUG]: DevTools WebSocket Response: Runtime.callFunctionOn (id=191) (session_id=4DCB025D4F4ED801B3571B81546B2590) 63163AC2DBA8772733A5A69B0BB490D8 {
   "result": {
      "className": "Array",
      "deepSerializedValue": {
         "type": "array",
         "value": [ {
            "type": "string",
            "value": "{\"status\":0,\"value\":false}"
         } ]
      },
      "description": "Array(1)",
      "objectId": "8779287950773027740.2.42",
      "subtype": "array",
      "type": "object"
   }
}
[1762356514.967][DEBUG]: DevTools WebSocket Command: Runtime.releaseObjectGroup (id=192) (session_id=4DCB025D4F4ED801B3571B81546B2590) 63163AC2DBA8772733A5A69B0BB490D8 {
   "objectGroup": "dfec6793-08dd-42af-be6c-eeef40a13fcd"
}
[1762356514.967][INFO]: Waiting for pending navigations...
[1762356514.967][DEBUG]: DevTools WebSocket Command: Runtime.evaluate (id=193) (session_id=4DCB025D4F4ED801B3571B81546B2590) 63163AC2DBA8772733A5A69B0BB490D8 {
   "expression": "1"
}
[1762356514.967][DEBUG]: DevTools WebSocket Response: Runtime.releaseObjectGroup (id=192) (session_id=4DCB025D4F4ED801B3571B81546B2590) 63163AC2DBA8772733A5A69B0BB490D8 {
}
[1762356514.967][DEBUG]: DevTools WebSocket Response: Runtime.evaluate (id=193) (session_id=4DCB025D4F4ED801B3571B81546B2590) 63163AC2DBA8772733A5A69B0BB490D8 {
   "result": {
      "description": "1",
      "type": "number",
      "value": 1
   }
}
[1762356514.967][INFO]: Done waiting for pending navigations. Status: ok
[1762356514.967][INFO]: [5dd5ad9cb758ee0a51bcfe57cd02220c] RESPONSE ExecuteScript false
[1762356515.469][INFO]: [5dd5ad9cb758ee0a51bcfe57cd02220c] COMMAND ExecuteScript {
   "args": [ {
      "ELEMENT": "f.63163AC2DBA8772733A5A69B0BB490D8.d.BC52F7741AFE59B6A079A84D9A41AFB1.e.60",
      "element-6066-11e4-a52e-4f735466cecf": "f.63163AC2DBA8772733A5A69B0BB490D8.d.BC52F7741AFE59B6A079A84D9A41AFB1.e.60"
   } ],
   "script": "/* isDisplayed */return (function(){return (function(){var g=this||self;\nfunction aa(a){var b=typeof a;if(\"object\"==b)if(a){if(a instanceof Array)return\"array\";if(a instanceof Object)return b;var c=Object.prototype.toString.call(a);if(\"[object Window]\"==c)return\"object\";if(\"[object Array]\"==c||\"number\"==typeof a.length&&\"undefined\"!=typeof a.splice&&\"undefined\"!=typeof a.propertyIsEnumerable&&!a.propertyIsEnumerable(\"splice\"))return\"array\";if(\"[object Function]\"==c||\"undefined\"!=typeof a.call&&\"undefined\"!=typeof a.propertyIsEnumerable&&!a.propertyIsEnumerable(\"call\"))return\"function\"}else return\"null\";else if(\"function\"==\nb&&\"undefined\"==typeof a.call)return\"object\";return b}function ca(a,b){function c(){}c.prototype=b.prototype;a.prototype=new c;a.prototype.constructor=a};var da=Array.prototype.indexOf?function(a,b){return Array.prototype.indexOf.call(a,b,void 0)}:function(a,b){if(\"string\"===typeof a)return\"string\"!==typeof b||1!=b.length?-1:a.indexOf(b,0);for(var c=0;c\u003Ca.length;c++)if(c in a&&a[c]===b)return c;return-1},ea=Array.prototype.some?function(a,b){return Array.prototype.some.call(a,b,void 0)}:function(a,b){for(var c=a.length,e=\"string\"===typeof a?a.split(\"\"):a,d=0;d\u003Cc;d++)if(d in e&&b.call(void 0,e[d],d,a))return!0;return!1},fa=Array.prototype.every?function(a,\nb){return Array.prototype.every.call(a,b,void 0)}:function(a,b){for(var c=a.length,e=\"string\"===typeof a?a.split(\"\"):a,d=0;d\u003Cc;d++)if(d in e&&!b.call(void 0,e[d],d,a))return!1;return!0};var ha={aliceblue:\"#f0f8ff\",antiquewhite:\"#faebd7\",aqua:\"#00ffff\",aquamarine:\"#7fffd4\",azure:\"#f0ffff\",beige:\"#f5f5dc\",bisque:\"#ffe4c4\",black:\"#000000\",blanchedalmond:\"#ffebcd\",blue:\"#0000ff\",blueviolet:\"#8a2be2\",brown:\"#a52a2a\",burlywood:\"#deb887\",cadetblue:\"#5f9ea0\",chartreuse:\"#7fff00\",chocolate:\"#d2691e\",coral:\"#ff7f50\",cornflowerblue:\"#6495ed\",cornsilk:\"#fff8dc\",crimson:\"#dc143c\",cyan:\"#00ffff\",darkblue:\"#00008b\",darkcyan:\"#008b8b\",darkgoldenrod:\"#b8860b\",darkgray:\"#a9a9a9\",darkgreen:\"#006400\",\ndarkgrey:\"#a9a9a9\",darkkhaki:\"#bdb76b\",darkmagenta:\"#8b008b\",darkolivegreen:\"#556b2f\",darkorange:\"#ff8c00\",darkorchid:\"#9932cc\",darkred:\"#8b0000\",darksalmon:\"#e9967a\",darkseagreen:\"#8fbc8f\",darkslateblue:\"#483d8b\",darkslategray:\"#2f4f4f\",darkslategrey:\"#2f4f4f\",darkturquoise:\"#00ced1\",darkviolet:\"#9400d3\",deeppink:\"#ff1493\",deepskyblue:\"#00bfff\",dimgray:\"#696969\",dimgrey:\"#696969\",dodgerblue:\"#1e90ff\",firebrick:\"#b22222\",floralwhite:\"#fffaf0\",forestgreen:\"#228b22\",fuchsia:\"#ff00ff\",gainsboro:\"#dcdcdc\",\nghostwhite:\"#f8f8ff\",gold:\"#ffd700\",goldenrod:\"#daa520\",gray:\"#808080\",green:\"#008000\",greenyellow:\"#adff2f\",grey:\"#808080\",honeydew:\"#f0fff0\",hotpink:\"#ff69b4\",indianred:\"#cd5c5c\",indigo:\"#4b0082\",ivory:\"#fffff0\",khaki:\"#f0e68c\",lavender:\"#e6e6fa\",lavenderblush:\"#fff0f5\",lawngreen:\"#7cfc00\",lemonchiffon:\"#fffacd\",lightblue:\"#add8e6\",lightcoral:\"#f08080\",lightcyan:\"#e0ffff\",lightgoldenrodyellow:\"#fafad2\",lightgray:\"#d3d3d3\",lightgreen:\"#90ee90\",lightgrey:\"#d3d3d3\",lightpink:\"#ffb6c1\",lightsalmon:\"#ffa07a\",\nlightseagreen:\"#20b2aa\",lightskyblue:\"#87cefa\",lightslategray:\"#778899\",lightslategrey:\"#778899\",lightsteelblue:\"#b0c4de\",lightyellow:\"#ffffe0\",lime:\"#00ff00\",limegreen:\"#32cd32\",linen:\"#faf0e6\",magenta:\"#ff00ff\",maroon:\"#800000\",mediumaquamarine:\"#66cdaa\",mediumblue:\"#0000cd\",mediumorchid:\"#ba55d3\",mediumpurple:\"#9370db\",mediumseagreen:\"#3cb371\",mediumslateblue:\"#7b68ee\",mediumspringgreen:\"#00fa9a\",mediumturquoise:\"#48d1cc\",mediumvioletred:\"#c71585\",midnightblue:\"#191970\",mintcream:\"#f5fffa\",mistyrose:\"#ffe4e1\",\nmoccasin:\"#ffe4b5\",navajowhite:\"#ffdead\",navy:\"#000080\",oldlace:\"#fdf5e6\",olive:\"#808000\",olivedrab:\"#6b8e23\",orange:\"#ffa500\",orangered:\"#ff4500\",orchid:\"#da70d6\",palegoldenrod:\"#eee8aa\",palegreen:\"#98fb98\",paleturquoise:\"#afeeee\",palevioletred:\"#db7093\",papayawhip:\"#ffefd5\",peachpuff:\"#ffdab9\",peru:\"#cd853f\",pink:\"#ffc0cb\",plum:\"#dda0dd\",powderblue:\"#b0e0e6\",purple:\"#800080\",red:\"#ff0000\",rosybrown:\"#bc8f8f\",royalblue:\"#4169e1\",saddlebrown:\"#8b4513\",salmon:\"#fa8072\",sandybrown:\"#f4a460\",seagreen:\"#2e8b57\",\nseashell:\"#fff5ee\",sienna:\"#a0522d\",silver:\"#c0c0c0\",skyblue:\"#87ceeb\",slateblue:\"#6a5acd\",slategray:\"#708090\",slategrey:\"#708090\",snow:\"#fffafa\",springgreen:\"#00ff7f\",steelblue:\"#4682b4\",tan:\"#d2b48c\",teal:\"#008080\",thistle:\"#d8bfd8\",tomato:\"#ff6347\",turquoise:\"#40e0d0\",violet:\"#ee82ee\",wheat:\"#f5deb3\",white:\"#ffffff\",whitesmoke:\"#f5f5f5\",yellow:\"#ffff00\",yellowgreen:\"#9acd32\"};var ia=\"backgroundColor borderTopColor borderRightColor borderBottomColor borderLeftColor color outlineColor\".split(\" \"),ja=/#([0-9a-fA-F])([0-9a-fA-F])([0-9a-fA-F])/,ka=/^#(?:[0-9a-f]{3}){1,2}$/i,la=/^(?:rgba)?\\((\\d{1,3}),\\s?(\\d{1,3}),\\s?(\\d{1,3}),\\s?(0|1|0\\.\\d*)\\)$/i,ma=/^(?:rgb)?\\((0|[1-9]\\d{0,2}),\\s?(0|[1-9]\\d{0,2}),\\s?(0|[1-9]\\d{0,2})\\)$/i;function m(a,b){this.code=a;this.a=p[a]||r;this.message=b||\"\";a=this.a.replace(/((?:^|\\s+)[a-z])/g,function(c){return c.toUpperCase().replace(/^[\\s\\xa0]+/g,\"\")});b=a.length-5;if(0>b||a.indexOf(\"Error\",b)!=b)a+=\"Error\";this.name=a;a=Error(this.message);a.name=this.name;this.stack=a.stack||\"\"}ca(m,Error);var r=\"unknown error\",p={15:\"element not selectable\",11:\"element not visible\"};p[31]=r;p[30]=r;p[24]=\"invalid cookie domain\";p[29]=\"invalid element coordinates\";p[12]=\"invalid element state\";\np[32]=\"invalid selector\";p[51]=\"invalid selector\";p[52]=\"invalid selector\";p[17]=\"javascript error\";p[405]=\"unsupported operation\";p[34]=\"move target out of bounds\";p[27]=\"no such alert\";p[7]=\"no such element\";p[8]=\"no such frame\";p[23]=\"no such window\";p[28]=\"script timeout\";p[33]=\"session not created\";p[10]=\"stale element reference\";p[21]=\"timeout\";p[25]=\"unable to set cookie\";p[26]=\"unexpected alert open\";p[13]=r;p[9]=\"unknown command\";var u=String.prototype.trim?function(a){return a.trim()}:function(a){return/^[\\s\\xa0]*([\\s\\S]*?)[\\s\\xa0]*$/.exec(a)[1]};\nfunction na(a,b){var c=0;a=u(String(a)).split(\".\");b=u(String(b)).split(\".\");for(var e=Math.max(a.length,b.length),d=0;0==c&&d\u003Ce;d++){var f=a[d]||\"\",h=b[d]||\"\";do{f=/(\\d*)(\\D*)(.*)/.exec(f)||[\"\",\"\",\"\",\"\"];h=/(\\d*)(\\D*)(.*)/.exec(h)||[\"\",\"\",\"\",\"\"];if(0==f[0].length&&0==h[0].length)break;c=v(0==f[1].length?0:parseInt(f[1],10),0==h[1].length?0:parseInt(h[1],10))||v(0==f[2].length,0==h[2].length)||v(f[2],h[2]);f=f[3];h=h[3]}while(0==c)}return c}function v(a,b){return a\u003Cb?-1:a>b?1:0};var w;a:{var oa=g.navigator;if(oa){var sa=oa.userAgent;if(sa){w=sa;break a}}w=\"\"}function x(a){return-1!=w.indexOf(a)};function y(){return x(\"Firefox\")||x(\"FxiOS\")}function A(){return(x(\"Chrome\")||x(\"CriOS\"))&&!x(\"Edge\")};function ta(a){return String(a).replace(/\\-([a-z])/g,function(b,c){return c.toUpperCase()})};function B(){return x(\"iPhone\")&&!x(\"iPod\")&&!x(\"iPad\")};function ua(a,b){var c=va;return Object.prototype.hasOwnProperty.call(c,a)?c[a]:c[a]=b(a)};var wa=x(\"Opera\"),C=x(\"Trident\")||x(\"MSIE\"),xa=x(\"Edge\"),ya=x(\"Gecko\")&&!(-1!=w.toLowerCase().indexOf(\"webkit\")&&!x(\"Edge\"))&&!(x(\"Trident\")||x(\"MSIE\"))&&!x(\"Edge\"),za=-1!=w.toLowerCase().indexOf(\"webkit\")&&!x(\"Edge\");function Aa(){var a=g.document;return a?a.documentMode:void 0}var E;\na:{var F=\"\",G=function(){var a=w;if(ya)return/rv:([^\\);]+)(\\)|;)/.exec(a);if(xa)return/Edge\\/([\\d\\.]+)/.exec(a);if(C)return/\\b(?:MSIE|rv)[: ]([^\\);]+)(\\)|;)/.exec(a);if(za)return/WebKit\\/(\\S+)/.exec(a);if(wa)return/(?:Version)[ \\/]?(\\S+)/.exec(a)}();G&&(F=G?G[1]:\"\");if(C){var H=Aa();if(null!=H&&H>parseFloat(F)){E=String(H);break a}}E=F}var va={};function Ba(a){return ua(a,function(){return 0\u003C=na(E,a)})}var I;I=g.document&&C?Aa():void 0;var Ca=y(),Da=B()||x(\"iPod\"),Ea=x(\"iPad\"),Fa=x(\"Android\")&&!(A()||y()||x(\"Opera\")||x(\"Silk\")),Ga=A(),Ha=x(\"Safari\")&&!(A()||x(\"Coast\")||x(\"Opera\")||x(\"Edge\")||x(\"Edg/\")||x(\"OPR\")||y()||x(\"Silk\")||x(\"Android\"))&&!(B()||x(\"iPad\")||x(\"iPod\"));function J(a){return(a=a.exec(w))?a[1]:\"\"}(function(){if(Ca)return J(/Firefox\\/([0-9.]+)/);if(C||xa||wa)return E;if(Ga)return B()||x(\"iPad\")||x(\"iPod\")?J(/CriOS\\/([0-9.]+)/):J(/Chrome\\/([0-9.]+)/);if(Ha&&!(B()||x(\"iPad\")||x(\"iPod\")))return J(/Version\\/([0-9.]+)/);if(Da||Ea){var a=/Version\\/(\\S+).*Mobile\\/(\\S+)/.exec(w);if(a)return a[1]+\".\"+a[2]}else if(Fa)return(a=J(/Android\\s+([0-9.]+)/))?a:J(/Version\\/([0-9.]+)/);return\"\"})();var K;if(K=C)K=!(9\u003C=Number(I));var Ia=K;function L(a,b){this.x=void 0!==a?a:0;this.y=void 0!==b?b:0}L.prototype.ceil=function(){this.x=Math.ceil(this.x);this.y=Math.ceil(this.y);return this};L.prototype.floor=function(){this.x=Math.floor(this.x);this.y=Math.floor(this.y);return this};L.prototype.round=function(){this.x=Math.round(this.x);this.y=Math.round(this.y);return this};function M(a,b){this.width=a;this.height=b}M.prototype.aspectRatio=function(){return this.width/this.height};M.prototype.ceil=function(){this.width=Math.ceil(this.width);this.height=Math.ceil(this.height);return this};M.prototype.floor=function(){this.width=Math.floor(this.width);this.height=Math.floor(this.height);return this};M.prototype.round=function(){this.width=Math.round(this.width);this.height=Math.round(this.height);return this};function N(a){return 9==a.nodeType?a:a.ownerDocument||a.document}function Ja(a,b){a&&(a=a.parentNode);for(var c=0;a;){if(b(a))return a;a=a.parentNode;c++}return null}function Ka(a){this.a=a||g.document||document};function P(a,b){b&&\"string\"!==typeof b&&(b=b.toString());return a instanceof HTMLFormElement?!!a&&1==a.nodeType&&(!b||\"FORM\"==b):!!a&&1==a.nodeType&&(!b||a.tagName.toUpperCase()==b)};function Q(a,b,c,e){this.f=a;this.a=b;this.b=c;this.c=e}Q.prototype.ceil=function(){this.f=Math.ceil(this.f);this.a=Math.ceil(this.a);this.b=Math.ceil(this.b);this.c=Math.ceil(this.c);return this};Q.prototype.floor=function(){this.f=Math.floor(this.f);this.a=Math.floor(this.a);this.b=Math.floor(this.b);this.c=Math.floor(this.c);return this};Q.prototype.round=function(){this.f=Math.round(this.f);this.a=Math.round(this.a);this.b=Math.round(this.b);this.c=Math.round(this.c);return this};function R(a,b,c,e){this.a=a;this.b=b;this.width=c;this.height=e}R.prototype.ceil=function(){this.a=Math.ceil(this.a);this.b=Math.ceil(this.b);this.width=Math.ceil(this.width);this.height=Math.ceil(this.height);return this};R.prototype.floor=function(){this.a=Math.floor(this.a);this.b=Math.floor(this.b);this.width=Math.floor(this.width);this.height=Math.floor(this.height);return this};\nR.prototype.round=function(){this.a=Math.round(this.a);this.b=Math.round(this.b);this.width=Math.round(this.width);this.height=Math.round(this.height);return this};var La=\"function\"===typeof ShadowRoot;function S(a){for(a=a.parentNode;a&&1!=a.nodeType&&9!=a.nodeType&&11!=a.nodeType;)a=a.parentNode;return P(a)?a:null}\nfunction T(a,b){b=ta(b);if(\"float\"==b||\"cssFloat\"==b||\"styleFloat\"==b)b=Ia?\"styleFloat\":\"cssFloat\";a:{var c=b;var e=N(a);if(e.defaultView&&e.defaultView.getComputedStyle&&(e=e.defaultView.getComputedStyle(a,null))){c=e[c]||e.getPropertyValue(c)||\"\";break a}c=\"\"}a=c||Ma(a,b);if(null===a)a=null;else if(0\u003C=da(ia,b)){b:{var d=a.match(la);if(d&&(b=Number(d[1]),c=Number(d[2]),e=Number(d[3]),d=Number(d[4]),0\u003C=b&&255>=b&&0\u003C=c&&255>=c&&0\u003C=e&&255>=e&&0\u003C=d&&1>=d)){b=[b,c,e,d];break b}b=null}if(!b)b:{if(e=a.match(ma))if(b=\nNumber(e[1]),c=Number(e[2]),e=Number(e[3]),0\u003C=b&&255>=b&&0\u003C=c&&255>=c&&0\u003C=e&&255>=e){b=[b,c,e,1];break b}b=null}if(!b)b:{b=a.toLowerCase();c=ha[b.toLowerCase()];if(!c&&(c=\"#\"==b.charAt(0)?b:\"#\"+b,4==c.length&&(c=c.replace(ja,\"#$1$1$2$2$3$3\")),!ka.test(c))){b=null;break b}b=[parseInt(c.substr(1,2),16),parseInt(c.substr(3,2),16),parseInt(c.substr(5,2),16),1]}a=b?\"rgba(\"+b.join(\", \")+\")\":a}return a}\nfunction Ma(a,b){var c=a.currentStyle||a.style,e=c[b];void 0===e&&\"function\"==aa(c.getPropertyValue)&&(e=c.getPropertyValue(b));return\"inherit\"!=e?void 0!==e?e:null:(a=S(a))?Ma(a,b):null}\nfunction U(a,b,c){function e(h){var n=V(h);return 0\u003Cn.height&&0\u003Cn.width?!0:P(h,\"PATH\")&&(0\u003Cn.height||0\u003Cn.width)?(h=T(h,\"stroke-width\"),!!h&&0\u003CparseInt(h,10)):\"hidden\"!=T(h,\"overflow\")&&ea(h.childNodes,function(D){return 3==D.nodeType||P(D)&&e(D)})}function d(h){return Na(h)==W&&fa(h.childNodes,function(n){return!P(n)||d(n)||!e(n)})}if(!P(a))throw Error(\"Argument to isShown must be of type Element\");if(P(a,\"BODY\"))return!0;if(P(a,\"OPTION\")||P(a,\"OPTGROUP\"))return a=Ja(a,function(h){return P(h,\"SELECT\")}),\n!!a&&U(a,!0,c);var f=Oa(a);if(f)return!!f.image&&0\u003Cf.rect.width&&0\u003Cf.rect.height&&U(f.image,b,c);if(P(a,\"INPUT\")&&\"hidden\"==a.type.toLowerCase()||P(a,\"NOSCRIPT\"))return!1;f=T(a,\"visibility\");return\"collapse\"!=f&&\"hidden\"!=f&&c(a)&&(b||0!=Pa(a))&&e(a)?!d(a):!1}var W=\"hidden\";\nfunction Na(a){function b(k){function l(ba){if(ba==h)return!0;var pa=T(ba,\"display\");return 0==pa.lastIndexOf(\"inline\",0)||\"contents\"==pa||\"absolute\"==qa&&\"static\"==T(ba,\"position\")?!1:!0}var qa=T(k,\"position\");if(\"fixed\"==qa)return ra=!0,k==h?null:h;for(k=S(k);k&&!l(k);)k=S(k);return k}function c(k){var l=k;if(\"visible\"==D)if(k==h&&n)l=n;else if(k==n)return{x:\"visible\",y:\"visible\"};l={x:T(l,\"overflow-x\"),y:T(l,\"overflow-y\")};k==h&&(l.x=\"visible\"==l.x?\"auto\":l.x,l.y=\"visible\"==l.y?\"auto\":l.y);return l}\nfunction e(k){if(k==h){var l=(new Ka(f)).a;k=l.scrollingElement?l.scrollingElement:za||\"CSS1Compat\"!=l.compatMode?l.body||l.documentElement:l.documentElement;l=l.parentWindow||l.defaultView;k=C&&Ba(\"10\")&&l.pageYOffset!=k.scrollTop?new L(k.scrollLeft,k.scrollTop):new L(l.pageXOffset||k.scrollLeft,l.pageYOffset||k.scrollTop)}else k=new L(k.scrollLeft,k.scrollTop);return k}var d=Qa(a),f=N(a),h=f.documentElement,n=f.body,D=T(h,\"overflow\"),ra;for(a=b(a);a;a=b(a)){var q=c(a);if(\"visible\"!=q.x||\"visible\"!=\nq.y){var t=V(a);if(0==t.width||0==t.height)return W;var z=d.a\u003Ct.a,O=d.b\u003Ct.b;if(z&&\"hidden\"==q.x||O&&\"hidden\"==q.y)return W;if(z&&\"visible\"!=q.x||O&&\"visible\"!=q.y){z=e(a);O=d.b\u003Ct.b-z.y;if(d.a\u003Ct.a-z.x&&\"visible\"!=q.x||O&&\"visible\"!=q.x)return W;d=Na(a);return d==W?W:\"scroll\"}z=d.c>=t.a+t.width;t=d.f>=t.b+t.height;if(z&&\"hidden\"==q.x||t&&\"hidden\"==q.y)return W;if(z&&\"visible\"!=q.x||t&&\"visible\"!=q.y){if(ra&&(q=e(a),d.c>=h.scrollWidth-q.x||d.a>=h.scrollHeight-q.y))return W;d=Na(a);return d==W?W:\"scroll\"}}}return\"none\"}\nfunction V(a){var b=Oa(a);if(b)return b.rect;if(P(a,\"HTML\"))return a=N(a),a=((a?a.parentWindow||a.defaultView:window)||window).document,a=\"CSS1Compat\"==a.compatMode?a.documentElement:a.body,a=new M(a.clientWidth,a.clientHeight),new R(0,0,a.width,a.height);try{var c=a.getBoundingClientRect()}catch(e){return new R(0,0,0,0)}b=new R(c.left,c.top,c.right-c.left,c.bottom-c.top);C&&a.ownerDocument.body&&(a=N(a),b.a-=a.documentElement.clientLeft+a.body.clientLeft,b.b-=a.documentElement.clientTop+a.body.clientTop);\nreturn b}\nfunction Oa(a){var b=P(a,\"MAP\");if(!b&&!P(a,\"AREA\"))return null;var c=b?a:P(a.parentNode,\"MAP\")?a.parentNode:null,e=null,d=null;if(c&&c.name){e='*[usemap=\"#'+c.name+'\"]';c=N(c);var f;if(f=\"function\"!=aa(c.querySelector)&&C&&(C?0\u003C=na(I,8):Ba(8))){f=c.querySelector;var h=typeof f;f=!(\"object\"==h&&null!=f||\"function\"==h)}if(f)throw Error(\"CSS selection is not supported\");if(!e)throw new m(32,\"No selector specified\");e=u(e);try{var n=c.querySelector(e)}catch(D){throw new m(32,\"An invalid or illegal selector was specified\");}if(e=\nn&&1==n.nodeType?n:null)d=V(e),b||\"default\"==a.shape.toLowerCase()||(a=Ra(a),b=Math.min(Math.max(a.a,0),d.width),n=Math.min(Math.max(a.b,0),d.height),d=new R(b+d.a,n+d.b,Math.min(a.width,d.width-b),Math.min(a.height,d.height-n)))}return{image:e,rect:d||new R(0,0,0,0)}}\nfunction Ra(a){var b=a.shape.toLowerCase();a=a.coords.split(\",\");if(\"rect\"==b&&4==a.length){b=a[0];var c=a[1];return new R(b,c,a[2]-b,a[3]-c)}if(\"circle\"==b&&3==a.length)return b=a[2],new R(a[0]-b,a[1]-b,2*b,2*b);if(\"poly\"==b&&2\u003Ca.length){b=a[0];c=a[1];for(var e=b,d=c,f=2;f+1\u003Ca.length;f+=2)b=Math.min(b,a[f]),e=Math.max(e,a[f]),c=Math.min(c,a[f+1]),d=Math.max(d,a[f+1]);return new R(b,c,e-b,d-c)}return new R(0,0,0,0)}function Qa(a){a=V(a);return new Q(a.b,a.a+a.width,a.b+a.height,a.a)}\nfunction Pa(a){if(Ia){if(\"relative\"==T(a,\"position\"))return 1;a=T(a,\"filter\");return(a=a.match(/^alpha\\(opacity=(\\d*)\\)/)||a.match(/^progid:DXImageTransform.Microsoft.Alpha\\(Opacity=(\\d*)\\)/))?Number(a[1])/100:1}return Sa(a)}function Sa(a){var b=1,c=T(a,\"opacity\");c&&(b=Number(c));(a=S(a))&&(b*=Sa(a));return b};function Ta(a,b){function c(e){if(P(e)&&\"none\"==T(e,\"display\"))return!1;var d;if((d=e.parentNode)&&d.shadowRoot&&void 0!==e.assignedSlot)d=e.assignedSlot?e.assignedSlot.parentNode:null;else if(e.getDestinationInsertionPoints){var f=e.getDestinationInsertionPoints();0\u003Cf.length&&(d=f[f.length-1])}if(La&&d instanceof ShadowRoot){if(d.host.shadowRoot&&d.host.shadowRoot!==d)return!1;d=d.host}return!d||9!=d.nodeType&&11!=d.nodeType?d&&P(d,\"DETAILS\")&&!d.open&&!P(e,\"SUMMARY\")?!1:!!d&&c(d):!0}return U(a,\n!!b,c)}var X=[\"_\"],Y=g;X[0]in Y||\"undefined\"==typeof Y.execScript||Y.execScript(\"var \"+X[0]);for(var Z;X.length&&(Z=X.shift());)X.length||void 0===Ta?Y[Z]&&Y[Z]!==Object.prototype[Z]?Y=Y[Z]:Y=Y[Z]={}:Y[Z]=Ta;; return this._.apply(null,arguments);}).apply({navigator:typeof window!='undefined'?window.navigator:null,document:typeof window!='undefined'?window.document:null}, arguments);}).apply(null, arguments)"
}
[1762356515.469][INFO]: Waiting for pending navigations...
[1762356515.469][DEBUG]: DevTools WebSocket Command: Runtime.evaluate (id=194) (session_id=4DCB025D4F4ED801B3571B81546B2590) 63163AC2DBA8772733A5A69B0BB490D8 {
   "expression": "1"
}
[1762356515.469][DEBUG]: DevTools WebSocket Response: Runtime.evaluate (id=194) (session_id=4DCB025D4F4ED801B3571B81546B2590) 63163AC2DBA8772733A5A69B0BB490D8 {
   "result": {
      "description": "1",
      "type": "number",
      "value": 1
   }
}
[1762356515.469][INFO]: Done waiting for pending navigations. Status: ok
[1762356515.469][DEBUG]: DevTools WebSocket Command: Page.getFrameTree (id=195) (session_id=4DCB025D4F4ED801B3571B81546B2590) 63163AC2DBA8772733A5A69B0BB490D8 {
}
[1762356515.469][DEBUG]: DevTools WebSocket Response: Page.getFrameTree (id=195) (session_id=4DCB025D4F4ED801B3571B81546B2590) 63163AC2DBA8772733A5A69B0BB490D8 {
   "frameTree": {
      "frame": {
         "adFrameStatus": {
            "adFrameType": "none"
         },
         "crossOriginIsolatedContextType": "NotIsolated",
         "domainAndRegistry": "github.com",
         "gatedAPIFeatures": [  ],
         "id": "63163AC2DBA8772733A5A69B0BB490D8",
         "loaderId": "BC52F7741AFE59B6A079A84D9A41AFB1",
         "mimeType": "text/html",
         "secureContextType": "Secure",
         "securityOrigin": "https://github.com",
         "securityOriginDetails": {
            "isLocalhost": false
         },
         "url": "https://github.com/search?q=nightwatch&type=repositories"
      }
   }
}
[1762356515.470][DEBUG]: DevTools WebSocket Command: DOM.resolveNode (id=196) (session_id=4DCB025D4F4ED801B3571B81546B2590) 63163AC2DBA8772733A5A69B0BB490D8 {
   "backendNodeId": 60,
   "objectGroup": "4cf6d788-bc7c-45eb-961c-d904aa23d03d"
}
[1762356515.470][DEBUG]: DevTools WebSocket Response: DOM.resolveNode (id=196) (session_id=4DCB025D4F4ED801B3571B81546B2590) 63163AC2DBA8772733A5A69B0BB490D8 {
   "object": {
      "className": "HTMLButtonElement",
      "description": "button.header-search-button.input-button.form-control.d-flex.flex-1.flex-self-stretch.flex-items-center.no-wrap.width-full.py-0.pl-2.pr-0.text-left.border-0.box-shadow-none",
      "objectId": "8779287950773027740.2.43",
      "subtype": "node",
      "type": "object"
   }
}
[1762356515.470][DEBUG]: DevTools WebSocket Command: Page.getFrameTree (id=197) (session_id=4DCB025D4F4ED801B3571B81546B2590) 63163AC2DBA8772733A5A69B0BB490D8 {
}
[1762356515.470][DEBUG]: DevTools WebSocket Response: Page.getFrameTree (id=197) (session_id=4DCB025D4F4ED801B3571B81546B2590) 63163AC2DBA8772733A5A69B0BB490D8 {
   "frameTree": {
      "frame": {
         "adFrameStatus": {
            "adFrameType": "none"
         },
         "crossOriginIsolatedContextType": "NotIsolated",
         "domainAndRegistry": "github.com",
         "gatedAPIFeatures": [  ],
         "id": "63163AC2DBA8772733A5A69B0BB490D8",
         "loaderId": "BC52F7741AFE59B6A079A84D9A41AFB1",
         "mimeType": "text/html",
         "secureContextType": "Secure",
         "securityOrigin": "https://github.com",
         "securityOriginDetails": {
            "isLocalhost": false
         },
         "url": "https://github.com/search?q=nightwatch&type=repositories"
      }
   }
}
[1762356515.470][DEBUG]: DevTools WebSocket Command: Runtime.callFunctionOn (id=198) (session_id=4DCB025D4F4ED801B3571B81546B2590) 63163AC2DBA8772733A5A69B0BB490D8 {
   "arguments": [ {
      "objectId": "8779287950773027740.2.43"
   } ],
   "awaitPromise": true,
   "functionDeclaration": "function(){ return (function() { // Copyright 2012 The Chromium Authors\n// Use of this source code is governed by a BSD-style license that can be\n// found in the LICENSE file.\n\n/**\n * Enum for WebD...",
   "objectGroup": "4cf6d788-bc7c-45eb-961c-d904aa23d03d",
   "serializationOptions": {
      "serialization": "deep"
   },
   "uniqueContextId": "-8908945788913384037.-1572819235194483600"
}
[1762356515.471][DEBUG]: DevTools WebSocket Response: Runtime.callFunctionOn (id=198) (session_id=4DCB025D4F4ED801B3571B81546B2590) 63163AC2DBA8772733A5A69B0BB490D8 {
   "result": {
      "className": "Array",
      "deepSerializedValue": {
         "type": "array",
         "value": [ {
            "type": "string",
            "value": "{\"status\":0,\"value\":false}"
         } ]
      },
      "description": "Array(1)",
      "objectId": "8779287950773027740.2.44",
      "subtype": "array",
      "type": "object"
   }
}
[1762356515.471][DEBUG]: DevTools WebSocket Command: Runtime.releaseObjectGroup (id=199) (session_id=4DCB025D4F4ED801B3571B81546B2590) 63163AC2DBA8772733A5A69B0BB490D8 {
   "objectGroup": "4cf6d788-bc7c-45eb-961c-d904aa23d03d"
}
[1762356515.471][INFO]: Waiting for pending navigations...
[1762356515.471][DEBUG]: DevTools WebSocket Command: Runtime.evaluate (id=200) (session_id=4DCB025D4F4ED801B3571B81546B2590) 63163AC2DBA8772733A5A69B0BB490D8 {
   "expression": "1"
}
[1762356515.471][DEBUG]: DevTools WebSocket Response: Runtime.releaseObjectGroup (id=199) (session_id=4DCB025D4F4ED801B3571B81546B2590) 63163AC2DBA8772733A5A69B0BB490D8 {
}
[1762356515.471][DEBUG]: DevTools WebSocket Response: Runtime.evaluate (id=200) (session_id=4DCB025D4F4ED801B3571B81546B2590) 63163AC2DBA8772733A5A69B0BB490D8 {
   "result": {
      "description": "1",
      "type": "number",
      "value": 1
   }
}
[1762356515.471][INFO]: Done waiting for pending navigations. Status: ok
[1762356515.471][INFO]: [5dd5ad9cb758ee0a51bcfe57cd02220c] RESPONSE ExecuteScript false
[1762356515.974][INFO]: [5dd5ad9cb758ee0a51bcfe57cd02220c] COMMAND ExecuteScript {
   "args": [ {
      "ELEMENT": "f.63163AC2DBA8772733A5A69B0BB490D8.d.BC52F7741AFE59B6A079A84D9A41AFB1.e.60",
      "element-6066-11e4-a52e-4f735466cecf": "f.63163AC2DBA8772733A5A69B0BB490D8.d.BC52F7741AFE59B6A079A84D9A41AFB1.e.60"
   } ],
   "script": "/* isDisplayed */return (function(){return (function(){var g=this||self;\nfunction aa(a){var b=typeof a;if(\"object\"==b)if(a){if(a instanceof Array)return\"array\";if(a instanceof Object)return b;var c=Object.prototype.toString.call(a);if(\"[object Window]\"==c)return\"object\";if(\"[object Array]\"==c||\"number\"==typeof a.length&&\"undefined\"!=typeof a.splice&&\"undefined\"!=typeof a.propertyIsEnumerable&&!a.propertyIsEnumerable(\"splice\"))return\"array\";if(\"[object Function]\"==c||\"undefined\"!=typeof a.call&&\"undefined\"!=typeof a.propertyIsEnumerable&&!a.propertyIsEnumerable(\"call\"))return\"function\"}else return\"null\";else if(\"function\"==\nb&&\"undefined\"==typeof a.call)return\"object\";return b}function ca(a,b){function c(){}c.prototype=b.prototype;a.prototype=new c;a.prototype.constructor=a};var da=Array.prototype.indexOf?function(a,b){return Array.prototype.indexOf.call(a,b,void 0)}:function(a,b){if(\"string\"===typeof a)return\"string\"!==typeof b||1!=b.length?-1:a.indexOf(b,0);for(var c=0;c\u003Ca.length;c++)if(c in a&&a[c]===b)return c;return-1},ea=Array.prototype.some?function(a,b){return Array.prototype.some.call(a,b,void 0)}:function(a,b){for(var c=a.length,e=\"string\"===typeof a?a.split(\"\"):a,d=0;d\u003Cc;d++)if(d in e&&b.call(void 0,e[d],d,a))return!0;return!1},fa=Array.prototype.every?function(a,\nb){return Array.prototype.every.call(a,b,void 0)}:function(a,b){for(var c=a.length,e=\"string\"===typeof a?a.split(\"\"):a,d=0;d\u003Cc;d++)if(d in e&&!b.call(void 0,e[d],d,a))return!1;return!0};var ha={aliceblue:\"#f0f8ff\",antiquewhite:\"#faebd7\",aqua:\"#00ffff\",aquamarine:\"#7fffd4\",azure:\"#f0ffff\",beige:\"#f5f5dc\",bisque:\"#ffe4c4\",black:\"#000000\",blanchedalmond:\"#ffebcd\",blue:\"#0000ff\",blueviolet:\"#8a2be2\",brown:\"#a52a2a\",burlywood:\"#deb887\",cadetblue:\"#5f9ea0\",chartreuse:\"#7fff00\",chocolate:\"#d2691e\",coral:\"#ff7f50\",cornflowerblue:\"#6495ed\",cornsilk:\"#fff8dc\",crimson:\"#dc143c\",cyan:\"#00ffff\",darkblue:\"#00008b\",darkcyan:\"#008b8b\",darkgoldenrod:\"#b8860b\",darkgray:\"#a9a9a9\",darkgreen:\"#006400\",\ndarkgrey:\"#a9a9a9\",darkkhaki:\"#bdb76b\",darkmagenta:\"#8b008b\",darkolivegreen:\"#556b2f\",darkorange:\"#ff8c00\",darkorchid:\"#9932cc\",darkred:\"#8b0000\",darksalmon:\"#e9967a\",darkseagreen:\"#8fbc8f\",darkslateblue:\"#483d8b\",darkslategray:\"#2f4f4f\",darkslategrey:\"#2f4f4f\",darkturquoise:\"#00ced1\",darkviolet:\"#9400d3\",deeppink:\"#ff1493\",deepskyblue:\"#00bfff\",dimgray:\"#696969\",dimgrey:\"#696969\",dodgerblue:\"#1e90ff\",firebrick:\"#b22222\",floralwhite:\"#fffaf0\",forestgreen:\"#228b22\",fuchsia:\"#ff00ff\",gainsboro:\"#dcdcdc\",\nghostwhite:\"#f8f8ff\",gold:\"#ffd700\",goldenrod:\"#daa520\",gray:\"#808080\",green:\"#008000\",greenyellow:\"#adff2f\",grey:\"#808080\",honeydew:\"#f0fff0\",hotpink:\"#ff69b4\",indianred:\"#cd5c5c\",indigo:\"#4b0082\",ivory:\"#fffff0\",khaki:\"#f0e68c\",lavender:\"#e6e6fa\",lavenderblush:\"#fff0f5\",lawngreen:\"#7cfc00\",lemonchiffon:\"#fffacd\",lightblue:\"#add8e6\",lightcoral:\"#f08080\",lightcyan:\"#e0ffff\",lightgoldenrodyellow:\"#fafad2\",lightgray:\"#d3d3d3\",lightgreen:\"#90ee90\",lightgrey:\"#d3d3d3\",lightpink:\"#ffb6c1\",lightsalmon:\"#ffa07a\",\nlightseagreen:\"#20b2aa\",lightskyblue:\"#87cefa\",lightslategray:\"#778899\",lightslategrey:\"#778899\",lightsteelblue:\"#b0c4de\",lightyellow:\"#ffffe0\",lime:\"#00ff00\",limegreen:\"#32cd32\",linen:\"#faf0e6\",magenta:\"#ff00ff\",maroon:\"#800000\",mediumaquamarine:\"#66cdaa\",mediumblue:\"#0000cd\",mediumorchid:\"#ba55d3\",mediumpurple:\"#9370db\",mediumseagreen:\"#3cb371\",mediumslateblue:\"#7b68ee\",mediumspringgreen:\"#00fa9a\",mediumturquoise:\"#48d1cc\",mediumvioletred:\"#c71585\",midnightblue:\"#191970\",mintcream:\"#f5fffa\",mistyrose:\"#ffe4e1\",\nmoccasin:\"#ffe4b5\",navajowhite:\"#ffdead\",navy:\"#000080\",oldlace:\"#fdf5e6\",olive:\"#808000\",olivedrab:\"#6b8e23\",orange:\"#ffa500\",orangered:\"#ff4500\",orchid:\"#da70d6\",palegoldenrod:\"#eee8aa\",palegreen:\"#98fb98\",paleturquoise:\"#afeeee\",palevioletred:\"#db7093\",papayawhip:\"#ffefd5\",peachpuff:\"#ffdab9\",peru:\"#cd853f\",pink:\"#ffc0cb\",plum:\"#dda0dd\",powderblue:\"#b0e0e6\",purple:\"#800080\",red:\"#ff0000\",rosybrown:\"#bc8f8f\",royalblue:\"#4169e1\",saddlebrown:\"#8b4513\",salmon:\"#fa8072\",sandybrown:\"#f4a460\",seagreen:\"#2e8b57\",\nseashell:\"#fff5ee\",sienna:\"#a0522d\",silver:\"#c0c0c0\",skyblue:\"#87ceeb\",slateblue:\"#6a5acd\",slategray:\"#708090\",slategrey:\"#708090\",snow:\"#fffafa\",springgreen:\"#00ff7f\",steelblue:\"#4682b4\",tan:\"#d2b48c\",teal:\"#008080\",thistle:\"#d8bfd8\",tomato:\"#ff6347\",turquoise:\"#40e0d0\",violet:\"#ee82ee\",wheat:\"#f5deb3\",white:\"#ffffff\",whitesmoke:\"#f5f5f5\",yellow:\"#ffff00\",yellowgreen:\"#9acd32\"};var ia=\"backgroundColor borderTopColor borderRightColor borderBottomColor borderLeftColor color outlineColor\".split(\" \"),ja=/#([0-9a-fA-F])([0-9a-fA-F])([0-9a-fA-F])/,ka=/^#(?:[0-9a-f]{3}){1,2}$/i,la=/^(?:rgba)?\\((\\d{1,3}),\\s?(\\d{1,3}),\\s?(\\d{1,3}),\\s?(0|1|0\\.\\d*)\\)$/i,ma=/^(?:rgb)?\\((0|[1-9]\\d{0,2}),\\s?(0|[1-9]\\d{0,2}),\\s?(0|[1-9]\\d{0,2})\\)$/i;function m(a,b){this.code=a;this.a=p[a]||r;this.message=b||\"\";a=this.a.replace(/((?:^|\\s+)[a-z])/g,function(c){return c.toUpperCase().replace(/^[\\s\\xa0]+/g,\"\")});b=a.length-5;if(0>b||a.indexOf(\"Error\",b)!=b)a+=\"Error\";this.name=a;a=Error(this.message);a.name=this.name;this.stack=a.stack||\"\"}ca(m,Error);var r=\"unknown error\",p={15:\"element not selectable\",11:\"element not visible\"};p[31]=r;p[30]=r;p[24]=\"invalid cookie domain\";p[29]=\"invalid element coordinates\";p[12]=\"invalid element state\";\np[32]=\"invalid selector\";p[51]=\"invalid selector\";p[52]=\"invalid selector\";p[17]=\"javascript error\";p[405]=\"unsupported operation\";p[34]=\"move target out of bounds\";p[27]=\"no such alert\";p[7]=\"no such element\";p[8]=\"no such frame\";p[23]=\"no such window\";p[28]=\"script timeout\";p[33]=\"session not created\";p[10]=\"stale element reference\";p[21]=\"timeout\";p[25]=\"unable to set cookie\";p[26]=\"unexpected alert open\";p[13]=r;p[9]=\"unknown command\";var u=String.prototype.trim?function(a){return a.trim()}:function(a){return/^[\\s\\xa0]*([\\s\\S]*?)[\\s\\xa0]*$/.exec(a)[1]};\nfunction na(a,b){var c=0;a=u(String(a)).split(\".\");b=u(String(b)).split(\".\");for(var e=Math.max(a.length,b.length),d=0;0==c&&d\u003Ce;d++){var f=a[d]||\"\",h=b[d]||\"\";do{f=/(\\d*)(\\D*)(.*)/.exec(f)||[\"\",\"\",\"\",\"\"];h=/(\\d*)(\\D*)(.*)/.exec(h)||[\"\",\"\",\"\",\"\"];if(0==f[0].length&&0==h[0].length)break;c=v(0==f[1].length?0:parseInt(f[1],10),0==h[1].length?0:parseInt(h[1],10))||v(0==f[2].length,0==h[2].length)||v(f[2],h[2]);f=f[3];h=h[3]}while(0==c)}return c}function v(a,b){return a\u003Cb?-1:a>b?1:0};var w;a:{var oa=g.navigator;if(oa){var sa=oa.userAgent;if(sa){w=sa;break a}}w=\"\"}function x(a){return-1!=w.indexOf(a)};function y(){return x(\"Firefox\")||x(\"FxiOS\")}function A(){return(x(\"Chrome\")||x(\"CriOS\"))&&!x(\"Edge\")};function ta(a){return String(a).replace(/\\-([a-z])/g,function(b,c){return c.toUpperCase()})};function B(){return x(\"iPhone\")&&!x(\"iPod\")&&!x(\"iPad\")};function ua(a,b){var c=va;return Object.prototype.hasOwnProperty.call(c,a)?c[a]:c[a]=b(a)};var wa=x(\"Opera\"),C=x(\"Trident\")||x(\"MSIE\"),xa=x(\"Edge\"),ya=x(\"Gecko\")&&!(-1!=w.toLowerCase().indexOf(\"webkit\")&&!x(\"Edge\"))&&!(x(\"Trident\")||x(\"MSIE\"))&&!x(\"Edge\"),za=-1!=w.toLowerCase().indexOf(\"webkit\")&&!x(\"Edge\");function Aa(){var a=g.document;return a?a.documentMode:void 0}var E;\na:{var F=\"\",G=function(){var a=w;if(ya)return/rv:([^\\);]+)(\\)|;)/.exec(a);if(xa)return/Edge\\/([\\d\\.]+)/.exec(a);if(C)return/\\b(?:MSIE|rv)[: ]([^\\);]+)(\\)|;)/.exec(a);if(za)return/WebKit\\/(\\S+)/.exec(a);if(wa)return/(?:Version)[ \\/]?(\\S+)/.exec(a)}();G&&(F=G?G[1]:\"\");if(C){var H=Aa();if(null!=H&&H>parseFloat(F)){E=String(H);break a}}E=F}var va={};function Ba(a){return ua(a,function(){return 0\u003C=na(E,a)})}var I;I=g.document&&C?Aa():void 0;var Ca=y(),Da=B()||x(\"iPod\"),Ea=x(\"iPad\"),Fa=x(\"Android\")&&!(A()||y()||x(\"Opera\")||x(\"Silk\")),Ga=A(),Ha=x(\"Safari\")&&!(A()||x(\"Coast\")||x(\"Opera\")||x(\"Edge\")||x(\"Edg/\")||x(\"OPR\")||y()||x(\"Silk\")||x(\"Android\"))&&!(B()||x(\"iPad\")||x(\"iPod\"));function J(a){return(a=a.exec(w))?a[1]:\"\"}(function(){if(Ca)return J(/Firefox\\/([0-9.]+)/);if(C||xa||wa)return E;if(Ga)return B()||x(\"iPad\")||x(\"iPod\")?J(/CriOS\\/([0-9.]+)/):J(/Chrome\\/([0-9.]+)/);if(Ha&&!(B()||x(\"iPad\")||x(\"iPod\")))return J(/Version\\/([0-9.]+)/);if(Da||Ea){var a=/Version\\/(\\S+).*Mobile\\/(\\S+)/.exec(w);if(a)return a[1]+\".\"+a[2]}else if(Fa)return(a=J(/Android\\s+([0-9.]+)/))?a:J(/Version\\/([0-9.]+)/);return\"\"})();var K;if(K=C)K=!(9\u003C=Number(I));var Ia=K;function L(a,b){this.x=void 0!==a?a:0;this.y=void 0!==b?b:0}L.prototype.ceil=function(){this.x=Math.ceil(this.x);this.y=Math.ceil(this.y);return this};L.prototype.floor=function(){this.x=Math.floor(this.x);this.y=Math.floor(this.y);return this};L.prototype.round=function(){this.x=Math.round(this.x);this.y=Math.round(this.y);return this};function M(a,b){this.width=a;this.height=b}M.prototype.aspectRatio=function(){return this.width/this.height};M.prototype.ceil=function(){this.width=Math.ceil(this.width);this.height=Math.ceil(this.height);return this};M.prototype.floor=function(){this.width=Math.floor(this.width);this.height=Math.floor(this.height);return this};M.prototype.round=function(){this.width=Math.round(this.width);this.height=Math.round(this.height);return this};function N(a){return 9==a.nodeType?a:a.ownerDocument||a.document}function Ja(a,b){a&&(a=a.parentNode);for(var c=0;a;){if(b(a))return a;a=a.parentNode;c++}return null}function Ka(a){this.a=a||g.document||document};function P(a,b){b&&\"string\"!==typeof b&&(b=b.toString());return a instanceof HTMLFormElement?!!a&&1==a.nodeType&&(!b||\"FORM\"==b):!!a&&1==a.nodeType&&(!b||a.tagName.toUpperCase()==b)};function Q(a,b,c,e){this.f=a;this.a=b;this.b=c;this.c=e}Q.prototype.ceil=function(){this.f=Math.ceil(this.f);this.a=Math.ceil(this.a);this.b=Math.ceil(this.b);this.c=Math.ceil(this.c);return this};Q.prototype.floor=function(){this.f=Math.floor(this.f);this.a=Math.floor(this.a);this.b=Math.floor(this.b);this.c=Math.floor(this.c);return this};Q.prototype.round=function(){this.f=Math.round(this.f);this.a=Math.round(this.a);this.b=Math.round(this.b);this.c=Math.round(this.c);return this};function R(a,b,c,e){this.a=a;this.b=b;this.width=c;this.height=e}R.prototype.ceil=function(){this.a=Math.ceil(this.a);this.b=Math.ceil(this.b);this.width=Math.ceil(this.width);this.height=Math.ceil(this.height);return this};R.prototype.floor=function(){this.a=Math.floor(this.a);this.b=Math.floor(this.b);this.width=Math.floor(this.width);this.height=Math.floor(this.height);return this};\nR.prototype.round=function(){this.a=Math.round(this.a);this.b=Math.round(this.b);this.width=Math.round(this.width);this.height=Math.round(this.height);return this};var La=\"function\"===typeof ShadowRoot;function S(a){for(a=a.parentNode;a&&1!=a.nodeType&&9!=a.nodeType&&11!=a.nodeType;)a=a.parentNode;return P(a)?a:null}\nfunction T(a,b){b=ta(b);if(\"float\"==b||\"cssFloat\"==b||\"styleFloat\"==b)b=Ia?\"styleFloat\":\"cssFloat\";a:{var c=b;var e=N(a);if(e.defaultView&&e.defaultView.getComputedStyle&&(e=e.defaultView.getComputedStyle(a,null))){c=e[c]||e.getPropertyValue(c)||\"\";break a}c=\"\"}a=c||Ma(a,b);if(null===a)a=null;else if(0\u003C=da(ia,b)){b:{var d=a.match(la);if(d&&(b=Number(d[1]),c=Number(d[2]),e=Number(d[3]),d=Number(d[4]),0\u003C=b&&255>=b&&0\u003C=c&&255>=c&&0\u003C=e&&255>=e&&0\u003C=d&&1>=d)){b=[b,c,e,d];break b}b=null}if(!b)b:{if(e=a.match(ma))if(b=\nNumber(e[1]),c=Number(e[2]),e=Number(e[3]),0\u003C=b&&255>=b&&0\u003C=c&&255>=c&&0\u003C=e&&255>=e){b=[b,c,e,1];break b}b=null}if(!b)b:{b=a.toLowerCase();c=ha[b.toLowerCase()];if(!c&&(c=\"#\"==b.charAt(0)?b:\"#\"+b,4==c.length&&(c=c.replace(ja,\"#$1$1$2$2$3$3\")),!ka.test(c))){b=null;break b}b=[parseInt(c.substr(1,2),16),parseInt(c.substr(3,2),16),parseInt(c.substr(5,2),16),1]}a=b?\"rgba(\"+b.join(\", \")+\")\":a}return a}\nfunction Ma(a,b){var c=a.currentStyle||a.style,e=c[b];void 0===e&&\"function\"==aa(c.getPropertyValue)&&(e=c.getPropertyValue(b));return\"inherit\"!=e?void 0!==e?e:null:(a=S(a))?Ma(a,b):null}\nfunction U(a,b,c){function e(h){var n=V(h);return 0\u003Cn.height&&0\u003Cn.width?!0:P(h,\"PATH\")&&(0\u003Cn.height||0\u003Cn.width)?(h=T(h,\"stroke-width\"),!!h&&0\u003CparseInt(h,10)):\"hidden\"!=T(h,\"overflow\")&&ea(h.childNodes,function(D){return 3==D.nodeType||P(D)&&e(D)})}function d(h){return Na(h)==W&&fa(h.childNodes,function(n){return!P(n)||d(n)||!e(n)})}if(!P(a))throw Error(\"Argument to isShown must be of type Element\");if(P(a,\"BODY\"))return!0;if(P(a,\"OPTION\")||P(a,\"OPTGROUP\"))return a=Ja(a,function(h){return P(h,\"SELECT\")}),\n!!a&&U(a,!0,c);var f=Oa(a);if(f)return!!f.image&&0\u003Cf.rect.width&&0\u003Cf.rect.height&&U(f.image,b,c);if(P(a,\"INPUT\")&&\"hidden\"==a.type.toLowerCase()||P(a,\"NOSCRIPT\"))return!1;f=T(a,\"visibility\");return\"collapse\"!=f&&\"hidden\"!=f&&c(a)&&(b||0!=Pa(a))&&e(a)?!d(a):!1}var W=\"hidden\";\nfunction Na(a){function b(k){function l(ba){if(ba==h)return!0;var pa=T(ba,\"display\");return 0==pa.lastIndexOf(\"inline\",0)||\"contents\"==pa||\"absolute\"==qa&&\"static\"==T(ba,\"position\")?!1:!0}var qa=T(k,\"position\");if(\"fixed\"==qa)return ra=!0,k==h?null:h;for(k=S(k);k&&!l(k);)k=S(k);return k}function c(k){var l=k;if(\"visible\"==D)if(k==h&&n)l=n;else if(k==n)return{x:\"visible\",y:\"visible\"};l={x:T(l,\"overflow-x\"),y:T(l,\"overflow-y\")};k==h&&(l.x=\"visible\"==l.x?\"auto\":l.x,l.y=\"visible\"==l.y?\"auto\":l.y);return l}\nfunction e(k){if(k==h){var l=(new Ka(f)).a;k=l.scrollingElement?l.scrollingElement:za||\"CSS1Compat\"!=l.compatMode?l.body||l.documentElement:l.documentElement;l=l.parentWindow||l.defaultView;k=C&&Ba(\"10\")&&l.pageYOffset!=k.scrollTop?new L(k.scrollLeft,k.scrollTop):new L(l.pageXOffset||k.scrollLeft,l.pageYOffset||k.scrollTop)}else k=new L(k.scrollLeft,k.scrollTop);return k}var d=Qa(a),f=N(a),h=f.documentElement,n=f.body,D=T(h,\"overflow\"),ra;for(a=b(a);a;a=b(a)){var q=c(a);if(\"visible\"!=q.x||\"visible\"!=\nq.y){var t=V(a);if(0==t.width||0==t.height)return W;var z=d.a\u003Ct.a,O=d.b\u003Ct.b;if(z&&\"hidden\"==q.x||O&&\"hidden\"==q.y)return W;if(z&&\"visible\"!=q.x||O&&\"visible\"!=q.y){z=e(a);O=d.b\u003Ct.b-z.y;if(d.a\u003Ct.a-z.x&&\"visible\"!=q.x||O&&\"visible\"!=q.x)return W;d=Na(a);return d==W?W:\"scroll\"}z=d.c>=t.a+t.width;t=d.f>=t.b+t.height;if(z&&\"hidden\"==q.x||t&&\"hidden\"==q.y)return W;if(z&&\"visible\"!=q.x||t&&\"visible\"!=q.y){if(ra&&(q=e(a),d.c>=h.scrollWidth-q.x||d.a>=h.scrollHeight-q.y))return W;d=Na(a);return d==W?W:\"scroll\"}}}return\"none\"}\nfunction V(a){var b=Oa(a);if(b)return b.rect;if(P(a,\"HTML\"))return a=N(a),a=((a?a.parentWindow||a.defaultView:window)||window).document,a=\"CSS1Compat\"==a.compatMode?a.documentElement:a.body,a=new M(a.clientWidth,a.clientHeight),new R(0,0,a.width,a.height);try{var c=a.getBoundingClientRect()}catch(e){return new R(0,0,0,0)}b=new R(c.left,c.top,c.right-c.left,c.bottom-c.top);C&&a.ownerDocument.body&&(a=N(a),b.a-=a.documentElement.clientLeft+a.body.clientLeft,b.b-=a.documentElement.clientTop+a.body.clientTop);\nreturn b}\nfunction Oa(a){var b=P(a,\"MAP\");if(!b&&!P(a,\"AREA\"))return null;var c=b?a:P(a.parentNode,\"MAP\")?a.parentNode:null,e=null,d=null;if(c&&c.name){e='*[usemap=\"#'+c.name+'\"]';c=N(c);var f;if(f=\"function\"!=aa(c.querySelector)&&C&&(C?0\u003C=na(I,8):Ba(8))){f=c.querySelector;var h=typeof f;f=!(\"object\"==h&&null!=f||\"function\"==h)}if(f)throw Error(\"CSS selection is not supported\");if(!e)throw new m(32,\"No selector specified\");e=u(e);try{var n=c.querySelector(e)}catch(D){throw new m(32,\"An invalid or illegal selector was specified\");}if(e=\nn&&1==n.nodeType?n:null)d=V(e),b||\"default\"==a.shape.toLowerCase()||(a=Ra(a),b=Math.min(Math.max(a.a,0),d.width),n=Math.min(Math.max(a.b,0),d.height),d=new R(b+d.a,n+d.b,Math.min(a.width,d.width-b),Math.min(a.height,d.height-n)))}return{image:e,rect:d||new R(0,0,0,0)}}\nfunction Ra(a){var b=a.shape.toLowerCase();a=a.coords.split(\",\");if(\"rect\"==b&&4==a.length){b=a[0];var c=a[1];return new R(b,c,a[2]-b,a[3]-c)}if(\"circle\"==b&&3==a.length)return b=a[2],new R(a[0]-b,a[1]-b,2*b,2*b);if(\"poly\"==b&&2\u003Ca.length){b=a[0];c=a[1];for(var e=b,d=c,f=2;f+1\u003Ca.length;f+=2)b=Math.min(b,a[f]),e=Math.max(e,a[f]),c=Math.min(c,a[f+1]),d=Math.max(d,a[f+1]);return new R(b,c,e-b,d-c)}return new R(0,0,0,0)}function Qa(a){a=V(a);return new Q(a.b,a.a+a.width,a.b+a.height,a.a)}\nfunction Pa(a){if(Ia){if(\"relative\"==T(a,\"position\"))return 1;a=T(a,\"filter\");return(a=a.match(/^alpha\\(opacity=(\\d*)\\)/)||a.match(/^progid:DXImageTransform.Microsoft.Alpha\\(Opacity=(\\d*)\\)/))?Number(a[1])/100:1}return Sa(a)}function Sa(a){var b=1,c=T(a,\"opacity\");c&&(b=Number(c));(a=S(a))&&(b*=Sa(a));return b};function Ta(a,b){function c(e){if(P(e)&&\"none\"==T(e,\"display\"))return!1;var d;if((d=e.parentNode)&&d.shadowRoot&&void 0!==e.assignedSlot)d=e.assignedSlot?e.assignedSlot.parentNode:null;else if(e.getDestinationInsertionPoints){var f=e.getDestinationInsertionPoints();0\u003Cf.length&&(d=f[f.length-1])}if(La&&d instanceof ShadowRoot){if(d.host.shadowRoot&&d.host.shadowRoot!==d)return!1;d=d.host}return!d||9!=d.nodeType&&11!=d.nodeType?d&&P(d,\"DETAILS\")&&!d.open&&!P(e,\"SUMMARY\")?!1:!!d&&c(d):!0}return U(a,\n!!b,c)}var X=[\"_\"],Y=g;X[0]in Y||\"undefined\"==typeof Y.execScript||Y.execScript(\"var \"+X[0]);for(var Z;X.length&&(Z=X.shift());)X.length||void 0===Ta?Y[Z]&&Y[Z]!==Object.prototype[Z]?Y=Y[Z]:Y=Y[Z]={}:Y[Z]=Ta;; return this._.apply(null,arguments);}).apply({navigator:typeof window!='undefined'?window.navigator:null,document:typeof window!='undefined'?window.document:null}, arguments);}).apply(null, arguments)"
}
[1762356515.974][INFO]: Waiting for pending navigations...
[1762356515.974][DEBUG]: DevTools WebSocket Command: Runtime.evaluate (id=201) (session_id=4DCB025D4F4ED801B3571B81546B2590) 63163AC2DBA8772733A5A69B0BB490D8 {
   "expression": "1"
}
[1762356515.974][DEBUG]: DevTools WebSocket Response: Runtime.evaluate (id=201) (session_id=4DCB025D4F4ED801B3571B81546B2590) 63163AC2DBA8772733A5A69B0BB490D8 {
   "result": {
      "description": "1",
      "type": "number",
      "value": 1
   }
}
[1762356515.974][INFO]: Done waiting for pending navigations. Status: ok
[1762356515.974][DEBUG]: DevTools WebSocket Command: Page.getFrameTree (id=202) (session_id=4DCB025D4F4ED801B3571B81546B2590) 63163AC2DBA8772733A5A69B0BB490D8 {
}
[1762356515.974][DEBUG]: DevTools WebSocket Response: Page.getFrameTree (id=202) (session_id=4DCB025D4F4ED801B3571B81546B2590) 63163AC2DBA8772733A5A69B0BB490D8 {
   "frameTree": {
      "frame": {
         "adFrameStatus": {
            "adFrameType": "none"
         },
         "crossOriginIsolatedContextType": "NotIsolated",
         "domainAndRegistry": "github.com",
         "gatedAPIFeatures": [  ],
         "id": "63163AC2DBA8772733A5A69B0BB490D8",
         "loaderId": "BC52F7741AFE59B6A079A84D9A41AFB1",
         "mimeType": "text/html",
         "secureContextType": "Secure",
         "securityOrigin": "https://github.com",
         "securityOriginDetails": {
            "isLocalhost": false
         },
         "url": "https://github.com/search?q=nightwatch&type=repositories"
      }
   }
}
[1762356515.974][DEBUG]: DevTools WebSocket Command: DOM.resolveNode (id=203) (session_id=4DCB025D4F4ED801B3571B81546B2590) 63163AC2DBA8772733A5A69B0BB490D8 {
   "backendNodeId": 60,
   "objectGroup": "5930166c-b48b-4502-8881-e337de9f90cf"
}
[1762356515.974][DEBUG]: DevTools WebSocket Response: DOM.resolveNode (id=203) (session_id=4DCB025D4F4ED801B3571B81546B2590) 63163AC2DBA8772733A5A69B0BB490D8 {
   "object": {
      "className": "HTMLButtonElement",
      "description": "button.header-search-button.input-button.form-control.d-flex.flex-1.flex-self-stretch.flex-items-center.no-wrap.width-full.py-0.pl-2.pr-0.text-left.border-0.box-shadow-none",
      "objectId": "8779287950773027740.2.45",
      "subtype": "node",
      "type": "object"
   }
}
[1762356515.974][DEBUG]: DevTools WebSocket Command: Page.getFrameTree (id=204) (session_id=4DCB025D4F4ED801B3571B81546B2590) 63163AC2DBA8772733A5A69B0BB490D8 {
}
[1762356515.974][DEBUG]: DevTools WebSocket Response: Page.getFrameTree (id=204) (session_id=4DCB025D4F4ED801B3571B81546B2590) 63163AC2DBA8772733A5A69B0BB490D8 {
   "frameTree": {
      "frame": {
         "adFrameStatus": {
            "adFrameType": "none"
         },
         "crossOriginIsolatedContextType": "NotIsolated",
         "domainAndRegistry": "github.com",
         "gatedAPIFeatures": [  ],
         "id": "63163AC2DBA8772733A5A69B0BB490D8",
         "loaderId": "BC52F7741AFE59B6A079A84D9A41AFB1",
         "mimeType": "text/html",
         "secureContextType": "Secure",
         "securityOrigin": "https://github.com",
         "securityOriginDetails": {
            "isLocalhost": false
         },
         "url": "https://github.com/search?q=nightwatch&type=repositories"
      }
   }
}
[1762356515.975][DEBUG]: DevTools WebSocket Command: Runtime.callFunctionOn (id=205) (session_id=4DCB025D4F4ED801B3571B81546B2590) 63163AC2DBA8772733A5A69B0BB490D8 {
   "arguments": [ {
      "objectId": "8779287950773027740.2.45"
   } ],
   "awaitPromise": true,
   "functionDeclaration": "function(){ return (function() { // Copyright 2012 The Chromium Authors\n// Use of this source code is governed by a BSD-style license that can be\n// found in the LICENSE file.\n\n/**\n * Enum for WebD...",
   "objectGroup": "5930166c-b48b-4502-8881-e337de9f90cf",
   "serializationOptions": {
      "serialization": "deep"
   },
   "uniqueContextId": "-8908945788913384037.-1572819235194483600"
}
[1762356515.976][DEBUG]: DevTools WebSocket Response: Runtime.callFunctionOn (id=205) (session_id=4DCB025D4F4ED801B3571B81546B2590) 63163AC2DBA8772733A5A69B0BB490D8 {
   "result": {
      "className": "Array",
      "deepSerializedValue": {
         "type": "array",
         "value": [ {
            "type": "string",
            "value": "{\"status\":0,\"value\":false}"
         } ]
      },
      "description": "Array(1)",
      "objectId": "8779287950773027740.2.46",
      "subtype": "array",
      "type": "object"
   }
}
[1762356515.976][DEBUG]: DevTools WebSocket Command: Runtime.releaseObjectGroup (id=206) (session_id=4DCB025D4F4ED801B3571B81546B2590) 63163AC2DBA8772733A5A69B0BB490D8 {
   "objectGroup": "5930166c-b48b-4502-8881-e337de9f90cf"
}
[1762356515.976][INFO]: Waiting for pending navigations...
[1762356515.976][DEBUG]: DevTools WebSocket Command: Runtime.evaluate (id=207) (session_id=4DCB025D4F4ED801B3571B81546B2590) 63163AC2DBA8772733A5A69B0BB490D8 {
   "expression": "1"
}
[1762356515.976][DEBUG]: DevTools WebSocket Response: Runtime.releaseObjectGroup (id=206) (session_id=4DCB025D4F4ED801B3571B81546B2590) 63163AC2DBA8772733A5A69B0BB490D8 {
}
[1762356515.976][DEBUG]: DevTools WebSocket Response: Runtime.evaluate (id=207) (session_id=4DCB025D4F4ED801B3571B81546B2590) 63163AC2DBA8772733A5A69B0BB490D8 {
   "result": {
      "description": "1",
      "type": "number",
      "value": 1
   }
}
[1762356515.976][INFO]: Done waiting for pending navigations. Status: ok
[1762356515.976][INFO]: [5dd5ad9cb758ee0a51bcfe57cd02220c] RESPONSE ExecuteScript false
[1762356516.478][INFO]: [5dd5ad9cb758ee0a51bcfe57cd02220c] COMMAND ExecuteScript {
   "args": [ {
      "ELEMENT": "f.63163AC2DBA8772733A5A69B0BB490D8.d.BC52F7741AFE59B6A079A84D9A41AFB1.e.60",
      "element-6066-11e4-a52e-4f735466cecf": "f.63163AC2DBA8772733A5A69B0BB490D8.d.BC52F7741AFE59B6A079A84D9A41AFB1.e.60"
   } ],
   "script": "/* isDisplayed */return (function(){return (function(){var g=this||self;\nfunction aa(a){var b=typeof a;if(\"object\"==b)if(a){if(a instanceof Array)return\"array\";if(a instanceof Object)return b;var c=Object.prototype.toString.call(a);if(\"[object Window]\"==c)return\"object\";if(\"[object Array]\"==c||\"number\"==typeof a.length&&\"undefined\"!=typeof a.splice&&\"undefined\"!=typeof a.propertyIsEnumerable&&!a.propertyIsEnumerable(\"splice\"))return\"array\";if(\"[object Function]\"==c||\"undefined\"!=typeof a.call&&\"undefined\"!=typeof a.propertyIsEnumerable&&!a.propertyIsEnumerable(\"call\"))return\"function\"}else return\"null\";else if(\"function\"==\nb&&\"undefined\"==typeof a.call)return\"object\";return b}function ca(a,b){function c(){}c.prototype=b.prototype;a.prototype=new c;a.prototype.constructor=a};var da=Array.prototype.indexOf?function(a,b){return Array.prototype.indexOf.call(a,b,void 0)}:function(a,b){if(\"string\"===typeof a)return\"string\"!==typeof b||1!=b.length?-1:a.indexOf(b,0);for(var c=0;c\u003Ca.length;c++)if(c in a&&a[c]===b)return c;return-1},ea=Array.prototype.some?function(a,b){return Array.prototype.some.call(a,b,void 0)}:function(a,b){for(var c=a.length,e=\"string\"===typeof a?a.split(\"\"):a,d=0;d\u003Cc;d++)if(d in e&&b.call(void 0,e[d],d,a))return!0;return!1},fa=Array.prototype.every?function(a,\nb){return Array.prototype.every.call(a,b,void 0)}:function(a,b){for(var c=a.length,e=\"string\"===typeof a?a.split(\"\"):a,d=0;d\u003Cc;d++)if(d in e&&!b.call(void 0,e[d],d,a))return!1;return!0};var ha={aliceblue:\"#f0f8ff\",antiquewhite:\"#faebd7\",aqua:\"#00ffff\",aquamarine:\"#7fffd4\",azure:\"#f0ffff\",beige:\"#f5f5dc\",bisque:\"#ffe4c4\",black:\"#000000\",blanchedalmond:\"#ffebcd\",blue:\"#0000ff\",blueviolet:\"#8a2be2\",brown:\"#a52a2a\",burlywood:\"#deb887\",cadetblue:\"#5f9ea0\",chartreuse:\"#7fff00\",chocolate:\"#d2691e\",coral:\"#ff7f50\",cornflowerblue:\"#6495ed\",cornsilk:\"#fff8dc\",crimson:\"#dc143c\",cyan:\"#00ffff\",darkblue:\"#00008b\",darkcyan:\"#008b8b\",darkgoldenrod:\"#b8860b\",darkgray:\"#a9a9a9\",darkgreen:\"#006400\",\ndarkgrey:\"#a9a9a9\",darkkhaki:\"#bdb76b\",darkmagenta:\"#8b008b\",darkolivegreen:\"#556b2f\",darkorange:\"#ff8c00\",darkorchid:\"#9932cc\",darkred:\"#8b0000\",darksalmon:\"#e9967a\",darkseagreen:\"#8fbc8f\",darkslateblue:\"#483d8b\",darkslategray:\"#2f4f4f\",darkslategrey:\"#2f4f4f\",darkturquoise:\"#00ced1\",darkviolet:\"#9400d3\",deeppink:\"#ff1493\",deepskyblue:\"#00bfff\",dimgray:\"#696969\",dimgrey:\"#696969\",dodgerblue:\"#1e90ff\",firebrick:\"#b22222\",floralwhite:\"#fffaf0\",forestgreen:\"#228b22\",fuchsia:\"#ff00ff\",gainsboro:\"#dcdcdc\",\nghostwhite:\"#f8f8ff\",gold:\"#ffd700\",goldenrod:\"#daa520\",gray:\"#808080\",green:\"#008000\",greenyellow:\"#adff2f\",grey:\"#808080\",honeydew:\"#f0fff0\",hotpink:\"#ff69b4\",indianred:\"#cd5c5c\",indigo:\"#4b0082\",ivory:\"#fffff0\",khaki:\"#f0e68c\",lavender:\"#e6e6fa\",lavenderblush:\"#fff0f5\",lawngreen:\"#7cfc00\",lemonchiffon:\"#fffacd\",lightblue:\"#add8e6\",lightcoral:\"#f08080\",lightcyan:\"#e0ffff\",lightgoldenrodyellow:\"#fafad2\",lightgray:\"#d3d3d3\",lightgreen:\"#90ee90\",lightgrey:\"#d3d3d3\",lightpink:\"#ffb6c1\",lightsalmon:\"#ffa07a\",\nlightseagreen:\"#20b2aa\",lightskyblue:\"#87cefa\",lightslategray:\"#778899\",lightslategrey:\"#778899\",lightsteelblue:\"#b0c4de\",lightyellow:\"#ffffe0\",lime:\"#00ff00\",limegreen:\"#32cd32\",linen:\"#faf0e6\",magenta:\"#ff00ff\",maroon:\"#800000\",mediumaquamarine:\"#66cdaa\",mediumblue:\"#0000cd\",mediumorchid:\"#ba55d3\",mediumpurple:\"#9370db\",mediumseagreen:\"#3cb371\",mediumslateblue:\"#7b68ee\",mediumspringgreen:\"#00fa9a\",mediumturquoise:\"#48d1cc\",mediumvioletred:\"#c71585\",midnightblue:\"#191970\",mintcream:\"#f5fffa\",mistyrose:\"#ffe4e1\",\nmoccasin:\"#ffe4b5\",navajowhite:\"#ffdead\",navy:\"#000080\",oldlace:\"#fdf5e6\",olive:\"#808000\",olivedrab:\"#6b8e23\",orange:\"#ffa500\",orangered:\"#ff4500\",orchid:\"#da70d6\",palegoldenrod:\"#eee8aa\",palegreen:\"#98fb98\",paleturquoise:\"#afeeee\",palevioletred:\"#db7093\",papayawhip:\"#ffefd5\",peachpuff:\"#ffdab9\",peru:\"#cd853f\",pink:\"#ffc0cb\",plum:\"#dda0dd\",powderblue:\"#b0e0e6\",purple:\"#800080\",red:\"#ff0000\",rosybrown:\"#bc8f8f\",royalblue:\"#4169e1\",saddlebrown:\"#8b4513\",salmon:\"#fa8072\",sandybrown:\"#f4a460\",seagreen:\"#2e8b57\",\nseashell:\"#fff5ee\",sienna:\"#a0522d\",silver:\"#c0c0c0\",skyblue:\"#87ceeb\",slateblue:\"#6a5acd\",slategray:\"#708090\",slategrey:\"#708090\",snow:\"#fffafa\",springgreen:\"#00ff7f\",steelblue:\"#4682b4\",tan:\"#d2b48c\",teal:\"#008080\",thistle:\"#d8bfd8\",tomato:\"#ff6347\",turquoise:\"#40e0d0\",violet:\"#ee82ee\",wheat:\"#f5deb3\",white:\"#ffffff\",whitesmoke:\"#f5f5f5\",yellow:\"#ffff00\",yellowgreen:\"#9acd32\"};var ia=\"backgroundColor borderTopColor borderRightColor borderBottomColor borderLeftColor color outlineColor\".split(\" \"),ja=/#([0-9a-fA-F])([0-9a-fA-F])([0-9a-fA-F])/,ka=/^#(?:[0-9a-f]{3}){1,2}$/i,la=/^(?:rgba)?\\((\\d{1,3}),\\s?(\\d{1,3}),\\s?(\\d{1,3}),\\s?(0|1|0\\.\\d*)\\)$/i,ma=/^(?:rgb)?\\((0|[1-9]\\d{0,2}),\\s?(0|[1-9]\\d{0,2}),\\s?(0|[1-9]\\d{0,2})\\)$/i;function m(a,b){this.code=a;this.a=p[a]||r;this.message=b||\"\";a=this.a.replace(/((?:^|\\s+)[a-z])/g,function(c){return c.toUpperCase().replace(/^[\\s\\xa0]+/g,\"\")});b=a.length-5;if(0>b||a.indexOf(\"Error\",b)!=b)a+=\"Error\";this.name=a;a=Error(this.message);a.name=this.name;this.stack=a.stack||\"\"}ca(m,Error);var r=\"unknown error\",p={15:\"element not selectable\",11:\"element not visible\"};p[31]=r;p[30]=r;p[24]=\"invalid cookie domain\";p[29]=\"invalid element coordinates\";p[12]=\"invalid element state\";\np[32]=\"invalid selector\";p[51]=\"invalid selector\";p[52]=\"invalid selector\";p[17]=\"javascript error\";p[405]=\"unsupported operation\";p[34]=\"move target out of bounds\";p[27]=\"no such alert\";p[7]=\"no such element\";p[8]=\"no such frame\";p[23]=\"no such window\";p[28]=\"script timeout\";p[33]=\"session not created\";p[10]=\"stale element reference\";p[21]=\"timeout\";p[25]=\"unable to set cookie\";p[26]=\"unexpected alert open\";p[13]=r;p[9]=\"unknown command\";var u=String.prototype.trim?function(a){return a.trim()}:function(a){return/^[\\s\\xa0]*([\\s\\S]*?)[\\s\\xa0]*$/.exec(a)[1]};\nfunction na(a,b){var c=0;a=u(String(a)).split(\".\");b=u(String(b)).split(\".\");for(var e=Math.max(a.length,b.length),d=0;0==c&&d\u003Ce;d++){var f=a[d]||\"\",h=b[d]||\"\";do{f=/(\\d*)(\\D*)(.*)/.exec(f)||[\"\",\"\",\"\",\"\"];h=/(\\d*)(\\D*)(.*)/.exec(h)||[\"\",\"\",\"\",\"\"];if(0==f[0].length&&0==h[0].length)break;c=v(0==f[1].length?0:parseInt(f[1],10),0==h[1].length?0:parseInt(h[1],10))||v(0==f[2].length,0==h[2].length)||v(f[2],h[2]);f=f[3];h=h[3]}while(0==c)}return c}function v(a,b){return a\u003Cb?-1:a>b?1:0};var w;a:{var oa=g.navigator;if(oa){var sa=oa.userAgent;if(sa){w=sa;break a}}w=\"\"}function x(a){return-1!=w.indexOf(a)};function y(){return x(\"Firefox\")||x(\"FxiOS\")}function A(){return(x(\"Chrome\")||x(\"CriOS\"))&&!x(\"Edge\")};function ta(a){return String(a).replace(/\\-([a-z])/g,function(b,c){return c.toUpperCase()})};function B(){return x(\"iPhone\")&&!x(\"iPod\")&&!x(\"iPad\")};function ua(a,b){var c=va;return Object.prototype.hasOwnProperty.call(c,a)?c[a]:c[a]=b(a)};var wa=x(\"Opera\"),C=x(\"Trident\")||x(\"MSIE\"),xa=x(\"Edge\"),ya=x(\"Gecko\")&&!(-1!=w.toLowerCase().indexOf(\"webkit\")&&!x(\"Edge\"))&&!(x(\"Trident\")||x(\"MSIE\"))&&!x(\"Edge\"),za=-1!=w.toLowerCase().indexOf(\"webkit\")&&!x(\"Edge\");function Aa(){var a=g.document;return a?a.documentMode:void 0}var E;\na:{var F=\"\",G=function(){var a=w;if(ya)return/rv:([^\\);]+)(\\)|;)/.exec(a);if(xa)return/Edge\\/([\\d\\.]+)/.exec(a);if(C)return/\\b(?:MSIE|rv)[: ]([^\\);]+)(\\)|;)/.exec(a);if(za)return/WebKit\\/(\\S+)/.exec(a);if(wa)return/(?:Version)[ \\/]?(\\S+)/.exec(a)}();G&&(F=G?G[1]:\"\");if(C){var H=Aa();if(null!=H&&H>parseFloat(F)){E=String(H);break a}}E=F}var va={};function Ba(a){return ua(a,function(){return 0\u003C=na(E,a)})}var I;I=g.document&&C?Aa():void 0;var Ca=y(),Da=B()||x(\"iPod\"),Ea=x(\"iPad\"),Fa=x(\"Android\")&&!(A()||y()||x(\"Opera\")||x(\"Silk\")),Ga=A(),Ha=x(\"Safari\")&&!(A()||x(\"Coast\")||x(\"Opera\")||x(\"Edge\")||x(\"Edg/\")||x(\"OPR\")||y()||x(\"Silk\")||x(\"Android\"))&&!(B()||x(\"iPad\")||x(\"iPod\"));function J(a){return(a=a.exec(w))?a[1]:\"\"}(function(){if(Ca)return J(/Firefox\\/([0-9.]+)/);if(C||xa||wa)return E;if(Ga)return B()||x(\"iPad\")||x(\"iPod\")?J(/CriOS\\/([0-9.]+)/):J(/Chrome\\/([0-9.]+)/);if(Ha&&!(B()||x(\"iPad\")||x(\"iPod\")))return J(/Version\\/([0-9.]+)/);if(Da||Ea){var a=/Version\\/(\\S+).*Mobile\\/(\\S+)/.exec(w);if(a)return a[1]+\".\"+a[2]}else if(Fa)return(a=J(/Android\\s+([0-9.]+)/))?a:J(/Version\\/([0-9.]+)/);return\"\"})();var K;if(K=C)K=!(9\u003C=Number(I));var Ia=K;function L(a,b){this.x=void 0!==a?a:0;this.y=void 0!==b?b:0}L.prototype.ceil=function(){this.x=Math.ceil(this.x);this.y=Math.ceil(this.y);return this};L.prototype.floor=function(){this.x=Math.floor(this.x);this.y=Math.floor(this.y);return this};L.prototype.round=function(){this.x=Math.round(this.x);this.y=Math.round(this.y);return this};function M(a,b){this.width=a;this.height=b}M.prototype.aspectRatio=function(){return this.width/this.height};M.prototype.ceil=function(){this.width=Math.ceil(this.width);this.height=Math.ceil(this.height);return this};M.prototype.floor=function(){this.width=Math.floor(this.width);this.height=Math.floor(this.height);return this};M.prototype.round=function(){this.width=Math.round(this.width);this.height=Math.round(this.height);return this};function N(a){return 9==a.nodeType?a:a.ownerDocument||a.document}function Ja(a,b){a&&(a=a.parentNode);for(var c=0;a;){if(b(a))return a;a=a.parentNode;c++}return null}function Ka(a){this.a=a||g.document||document};function P(a,b){b&&\"string\"!==typeof b&&(b=b.toString());return a instanceof HTMLFormElement?!!a&&1==a.nodeType&&(!b||\"FORM\"==b):!!a&&1==a.nodeType&&(!b||a.tagName.toUpperCase()==b)};function Q(a,b,c,e){this.f=a;this.a=b;this.b=c;this.c=e}Q.prototype.ceil=function(){this.f=Math.ceil(this.f);this.a=Math.ceil(this.a);this.b=Math.ceil(this.b);this.c=Math.ceil(this.c);return this};Q.prototype.floor=function(){this.f=Math.floor(this.f);this.a=Math.floor(this.a);this.b=Math.floor(this.b);this.c=Math.floor(this.c);return this};Q.prototype.round=function(){this.f=Math.round(this.f);this.a=Math.round(this.a);this.b=Math.round(this.b);this.c=Math.round(this.c);return this};function R(a,b,c,e){this.a=a;this.b=b;this.width=c;this.height=e}R.prototype.ceil=function(){this.a=Math.ceil(this.a);this.b=Math.ceil(this.b);this.width=Math.ceil(this.width);this.height=Math.ceil(this.height);return this};R.prototype.floor=function(){this.a=Math.floor(this.a);this.b=Math.floor(this.b);this.width=Math.floor(this.width);this.height=Math.floor(this.height);return this};\nR.prototype.round=function(){this.a=Math.round(this.a);this.b=Math.round(this.b);this.width=Math.round(this.width);this.height=Math.round(this.height);return this};var La=\"function\"===typeof ShadowRoot;function S(a){for(a=a.parentNode;a&&1!=a.nodeType&&9!=a.nodeType&&11!=a.nodeType;)a=a.parentNode;return P(a)?a:null}\nfunction T(a,b){b=ta(b);if(\"float\"==b||\"cssFloat\"==b||\"styleFloat\"==b)b=Ia?\"styleFloat\":\"cssFloat\";a:{var c=b;var e=N(a);if(e.defaultView&&e.defaultView.getComputedStyle&&(e=e.defaultView.getComputedStyle(a,null))){c=e[c]||e.getPropertyValue(c)||\"\";break a}c=\"\"}a=c||Ma(a,b);if(null===a)a=null;else if(0\u003C=da(ia,b)){b:{var d=a.match(la);if(d&&(b=Number(d[1]),c=Number(d[2]),e=Number(d[3]),d=Number(d[4]),0\u003C=b&&255>=b&&0\u003C=c&&255>=c&&0\u003C=e&&255>=e&&0\u003C=d&&1>=d)){b=[b,c,e,d];break b}b=null}if(!b)b:{if(e=a.match(ma))if(b=\nNumber(e[1]),c=Number(e[2]),e=Number(e[3]),0\u003C=b&&255>=b&&0\u003C=c&&255>=c&&0\u003C=e&&255>=e){b=[b,c,e,1];break b}b=null}if(!b)b:{b=a.toLowerCase();c=ha[b.toLowerCase()];if(!c&&(c=\"#\"==b.charAt(0)?b:\"#\"+b,4==c.length&&(c=c.replace(ja,\"#$1$1$2$2$3$3\")),!ka.test(c))){b=null;break b}b=[parseInt(c.substr(1,2),16),parseInt(c.substr(3,2),16),parseInt(c.substr(5,2),16),1]}a=b?\"rgba(\"+b.join(\", \")+\")\":a}return a}\nfunction Ma(a,b){var c=a.currentStyle||a.style,e=c[b];void 0===e&&\"function\"==aa(c.getPropertyValue)&&(e=c.getPropertyValue(b));return\"inherit\"!=e?void 0!==e?e:null:(a=S(a))?Ma(a,b):null}\nfunction U(a,b,c){function e(h){var n=V(h);return 0\u003Cn.height&&0\u003Cn.width?!0:P(h,\"PATH\")&&(0\u003Cn.height||0\u003Cn.width)?(h=T(h,\"stroke-width\"),!!h&&0\u003CparseInt(h,10)):\"hidden\"!=T(h,\"overflow\")&&ea(h.childNodes,function(D){return 3==D.nodeType||P(D)&&e(D)})}function d(h){return Na(h)==W&&fa(h.childNodes,function(n){return!P(n)||d(n)||!e(n)})}if(!P(a))throw Error(\"Argument to isShown must be of type Element\");if(P(a,\"BODY\"))return!0;if(P(a,\"OPTION\")||P(a,\"OPTGROUP\"))return a=Ja(a,function(h){return P(h,\"SELECT\")}),\n!!a&&U(a,!0,c);var f=Oa(a);if(f)return!!f.image&&0\u003Cf.rect.width&&0\u003Cf.rect.height&&U(f.image,b,c);if(P(a,\"INPUT\")&&\"hidden\"==a.type.toLowerCase()||P(a,\"NOSCRIPT\"))return!1;f=T(a,\"visibility\");return\"collapse\"!=f&&\"hidden\"!=f&&c(a)&&(b||0!=Pa(a))&&e(a)?!d(a):!1}var W=\"hidden\";\nfunction Na(a){function b(k){function l(ba){if(ba==h)return!0;var pa=T(ba,\"display\");return 0==pa.lastIndexOf(\"inline\",0)||\"contents\"==pa||\"absolute\"==qa&&\"static\"==T(ba,\"position\")?!1:!0}var qa=T(k,\"position\");if(\"fixed\"==qa)return ra=!0,k==h?null:h;for(k=S(k);k&&!l(k);)k=S(k);return k}function c(k){var l=k;if(\"visible\"==D)if(k==h&&n)l=n;else if(k==n)return{x:\"visible\",y:\"visible\"};l={x:T(l,\"overflow-x\"),y:T(l,\"overflow-y\")};k==h&&(l.x=\"visible\"==l.x?\"auto\":l.x,l.y=\"visible\"==l.y?\"auto\":l.y);return l}\nfunction e(k){if(k==h){var l=(new Ka(f)).a;k=l.scrollingElement?l.scrollingElement:za||\"CSS1Compat\"!=l.compatMode?l.body||l.documentElement:l.documentElement;l=l.parentWindow||l.defaultView;k=C&&Ba(\"10\")&&l.pageYOffset!=k.scrollTop?new L(k.scrollLeft,k.scrollTop):new L(l.pageXOffset||k.scrollLeft,l.pageYOffset||k.scrollTop)}else k=new L(k.scrollLeft,k.scrollTop);return k}var d=Qa(a),f=N(a),h=f.documentElement,n=f.body,D=T(h,\"overflow\"),ra;for(a=b(a);a;a=b(a)){var q=c(a);if(\"visible\"!=q.x||\"visible\"!=\nq.y){var t=V(a);if(0==t.width||0==t.height)return W;var z=d.a\u003Ct.a,O=d.b\u003Ct.b;if(z&&\"hidden\"==q.x||O&&\"hidden\"==q.y)return W;if(z&&\"visible\"!=q.x||O&&\"visible\"!=q.y){z=e(a);O=d.b\u003Ct.b-z.y;if(d.a\u003Ct.a-z.x&&\"visible\"!=q.x||O&&\"visible\"!=q.x)return W;d=Na(a);return d==W?W:\"scroll\"}z=d.c>=t.a+t.width;t=d.f>=t.b+t.height;if(z&&\"hidden\"==q.x||t&&\"hidden\"==q.y)return W;if(z&&\"visible\"!=q.x||t&&\"visible\"!=q.y){if(ra&&(q=e(a),d.c>=h.scrollWidth-q.x||d.a>=h.scrollHeight-q.y))return W;d=Na(a);return d==W?W:\"scroll\"}}}return\"none\"}\nfunction V(a){var b=Oa(a);if(b)return b.rect;if(P(a,\"HTML\"))return a=N(a),a=((a?a.parentWindow||a.defaultView:window)||window).document,a=\"CSS1Compat\"==a.compatMode?a.documentElement:a.body,a=new M(a.clientWidth,a.clientHeight),new R(0,0,a.width,a.height);try{var c=a.getBoundingClientRect()}catch(e){return new R(0,0,0,0)}b=new R(c.left,c.top,c.right-c.left,c.bottom-c.top);C&&a.ownerDocument.body&&(a=N(a),b.a-=a.documentElement.clientLeft+a.body.clientLeft,b.b-=a.documentElement.clientTop+a.body.clientTop);\nreturn b}\nfunction Oa(a){var b=P(a,\"MAP\");if(!b&&!P(a,\"AREA\"))return null;var c=b?a:P(a.parentNode,\"MAP\")?a.parentNode:null,e=null,d=null;if(c&&c.name){e='*[usemap=\"#'+c.name+'\"]';c=N(c);var f;if(f=\"function\"!=aa(c.querySelector)&&C&&(C?0\u003C=na(I,8):Ba(8))){f=c.querySelector;var h=typeof f;f=!(\"object\"==h&&null!=f||\"function\"==h)}if(f)throw Error(\"CSS selection is not supported\");if(!e)throw new m(32,\"No selector specified\");e=u(e);try{var n=c.querySelector(e)}catch(D){throw new m(32,\"An invalid or illegal selector was specified\");}if(e=\nn&&1==n.nodeType?n:null)d=V(e),b||\"default\"==a.shape.toLowerCase()||(a=Ra(a),b=Math.min(Math.max(a.a,0),d.width),n=Math.min(Math.max(a.b,0),d.height),d=new R(b+d.a,n+d.b,Math.min(a.width,d.width-b),Math.min(a.height,d.height-n)))}return{image:e,rect:d||new R(0,0,0,0)}}\nfunction Ra(a){var b=a.shape.toLowerCase();a=a.coords.split(\",\");if(\"rect\"==b&&4==a.length){b=a[0];var c=a[1];return new R(b,c,a[2]-b,a[3]-c)}if(\"circle\"==b&&3==a.length)return b=a[2],new R(a[0]-b,a[1]-b,2*b,2*b);if(\"poly\"==b&&2\u003Ca.length){b=a[0];c=a[1];for(var e=b,d=c,f=2;f+1\u003Ca.length;f+=2)b=Math.min(b,a[f]),e=Math.max(e,a[f]),c=Math.min(c,a[f+1]),d=Math.max(d,a[f+1]);return new R(b,c,e-b,d-c)}return new R(0,0,0,0)}function Qa(a){a=V(a);return new Q(a.b,a.a+a.width,a.b+a.height,a.a)}\nfunction Pa(a){if(Ia){if(\"relative\"==T(a,\"position\"))return 1;a=T(a,\"filter\");return(a=a.match(/^alpha\\(opacity=(\\d*)\\)/)||a.match(/^progid:DXImageTransform.Microsoft.Alpha\\(Opacity=(\\d*)\\)/))?Number(a[1])/100:1}return Sa(a)}function Sa(a){var b=1,c=T(a,\"opacity\");c&&(b=Number(c));(a=S(a))&&(b*=Sa(a));return b};function Ta(a,b){function c(e){if(P(e)&&\"none\"==T(e,\"display\"))return!1;var d;if((d=e.parentNode)&&d.shadowRoot&&void 0!==e.assignedSlot)d=e.assignedSlot?e.assignedSlot.parentNode:null;else if(e.getDestinationInsertionPoints){var f=e.getDestinationInsertionPoints();0\u003Cf.length&&(d=f[f.length-1])}if(La&&d instanceof ShadowRoot){if(d.host.shadowRoot&&d.host.shadowRoot!==d)return!1;d=d.host}return!d||9!=d.nodeType&&11!=d.nodeType?d&&P(d,\"DETAILS\")&&!d.open&&!P(e,\"SUMMARY\")?!1:!!d&&c(d):!0}return U(a,\n!!b,c)}var X=[\"_\"],Y=g;X[0]in Y||\"undefined\"==typeof Y.execScript||Y.execScript(\"var \"+X[0]);for(var Z;X.length&&(Z=X.shift());)X.length||void 0===Ta?Y[Z]&&Y[Z]!==Object.prototype[Z]?Y=Y[Z]:Y=Y[Z]={}:Y[Z]=Ta;; return this._.apply(null,arguments);}).apply({navigator:typeof window!='undefined'?window.navigator:null,document:typeof window!='undefined'?window.document:null}, arguments);}).apply(null, arguments)"
}
[1762356516.478][INFO]: Waiting for pending navigations...
[1762356516.478][DEBUG]: DevTools WebSocket Command: Runtime.evaluate (id=208) (session_id=4DCB025D4F4ED801B3571B81546B2590) 63163AC2DBA8772733A5A69B0BB490D8 {
   "expression": "1"
}
[1762356516.479][DEBUG]: DevTools WebSocket Response: Runtime.evaluate (id=208) (session_id=4DCB025D4F4ED801B3571B81546B2590) 63163AC2DBA8772733A5A69B0BB490D8 {
   "result": {
      "description": "1",
      "type": "number",
      "value": 1
   }
}
[1762356516.479][INFO]: Done waiting for pending navigations. Status: ok
[1762356516.479][DEBUG]: DevTools WebSocket Command: Page.getFrameTree (id=209) (session_id=4DCB025D4F4ED801B3571B81546B2590) 63163AC2DBA8772733A5A69B0BB490D8 {
}
[1762356516.479][DEBUG]: DevTools WebSocket Response: Page.getFrameTree (id=209) (session_id=4DCB025D4F4ED801B3571B81546B2590) 63163AC2DBA8772733A5A69B0BB490D8 {
   "frameTree": {
      "frame": {
         "adFrameStatus": {
            "adFrameType": "none"
         },
         "crossOriginIsolatedContextType": "NotIsolated",
         "domainAndRegistry": "github.com",
         "gatedAPIFeatures": [  ],
         "id": "63163AC2DBA8772733A5A69B0BB490D8",
         "loaderId": "BC52F7741AFE59B6A079A84D9A41AFB1",
         "mimeType": "text/html",
         "secureContextType": "Secure",
         "securityOrigin": "https://github.com",
         "securityOriginDetails": {
            "isLocalhost": false
         },
         "url": "https://github.com/search?q=nightwatch&type=repositories"
      }
   }
}
[1762356516.479][DEBUG]: DevTools WebSocket Command: DOM.resolveNode (id=210) (session_id=4DCB025D4F4ED801B3571B81546B2590) 63163AC2DBA8772733A5A69B0BB490D8 {
   "backendNodeId": 60,
   "objectGroup": "64fbb9b0-e8a1-46a1-a37c-be689ad3e0a5"
}
[1762356516.479][DEBUG]: DevTools WebSocket Response: DOM.resolveNode (id=210) (session_id=4DCB025D4F4ED801B3571B81546B2590) 63163AC2DBA8772733A5A69B0BB490D8 {
   "object": {
      "className": "HTMLButtonElement",
      "description": "button.header-search-button.input-button.form-control.d-flex.flex-1.flex-self-stretch.flex-items-center.no-wrap.width-full.py-0.pl-2.pr-0.text-left.border-0.box-shadow-none",
      "objectId": "8779287950773027740.2.47",
      "subtype": "node",
      "type": "object"
   }
}
[1762356516.479][DEBUG]: DevTools WebSocket Command: Page.getFrameTree (id=211) (session_id=4DCB025D4F4ED801B3571B81546B2590) 63163AC2DBA8772733A5A69B0BB490D8 {
}
[1762356516.479][DEBUG]: DevTools WebSocket Response: Page.getFrameTree (id=211) (session_id=4DCB025D4F4ED801B3571B81546B2590) 63163AC2DBA8772733A5A69B0BB490D8 {
   "frameTree": {
      "frame": {
         "adFrameStatus": {
            "adFrameType": "none"
         },
         "crossOriginIsolatedContextType": "NotIsolated",
         "domainAndRegistry": "github.com",
         "gatedAPIFeatures": [  ],
         "id": "63163AC2DBA8772733A5A69B0BB490D8",
         "loaderId": "BC52F7741AFE59B6A079A84D9A41AFB1",
         "mimeType": "text/html",
         "secureContextType": "Secure",
         "securityOrigin": "https://github.com",
         "securityOriginDetails": {
            "isLocalhost": false
         },
         "url": "https://github.com/search?q=nightwatch&type=repositories"
      }
   }
}
[1762356516.480][DEBUG]: DevTools WebSocket Command: Runtime.callFunctionOn (id=212) (session_id=4DCB025D4F4ED801B3571B81546B2590) 63163AC2DBA8772733A5A69B0BB490D8 {
   "arguments": [ {
      "objectId": "8779287950773027740.2.47"
   } ],
   "awaitPromise": true,
   "functionDeclaration": "function(){ return (function() { // Copyright 2012 The Chromium Authors\n// Use of this source code is governed by a BSD-style license that can be\n// found in the LICENSE file.\n\n/**\n * Enum for WebD...",
   "objectGroup": "64fbb9b0-e8a1-46a1-a37c-be689ad3e0a5",
   "serializationOptions": {
      "serialization": "deep"
   },
   "uniqueContextId": "-8908945788913384037.-1572819235194483600"
}
[1762356516.481][DEBUG]: DevTools WebSocket Response: Runtime.callFunctionOn (id=212) (session_id=4DCB025D4F4ED801B3571B81546B2590) 63163AC2DBA8772733A5A69B0BB490D8 {
   "result": {
      "className": "Array",
      "deepSerializedValue": {
         "type": "array",
         "value": [ {
            "type": "string",
            "value": "{\"status\":0,\"value\":false}"
         } ]
      },
      "description": "Array(1)",
      "objectId": "8779287950773027740.2.48",
      "subtype": "array",
      "type": "object"
   }
}
[1762356516.481][DEBUG]: DevTools WebSocket Command: Runtime.releaseObjectGroup (id=213) (session_id=4DCB025D4F4ED801B3571B81546B2590) 63163AC2DBA8772733A5A69B0BB490D8 {
   "objectGroup": "64fbb9b0-e8a1-46a1-a37c-be689ad3e0a5"
}
[1762356516.481][INFO]: Waiting for pending navigations...
[1762356516.481][DEBUG]: DevTools WebSocket Command: Runtime.evaluate (id=214) (session_id=4DCB025D4F4ED801B3571B81546B2590) 63163AC2DBA8772733A5A69B0BB490D8 {
   "expression": "1"
}
[1762356516.481][DEBUG]: DevTools WebSocket Response: Runtime.releaseObjectGroup (id=213) (session_id=4DCB025D4F4ED801B3571B81546B2590) 63163AC2DBA8772733A5A69B0BB490D8 {
}
[1762356516.481][DEBUG]: DevTools WebSocket Response: Runtime.evaluate (id=214) (session_id=4DCB025D4F4ED801B3571B81546B2590) 63163AC2DBA8772733A5A69B0BB490D8 {
   "result": {
      "description": "1",
      "type": "number",
      "value": 1
   }
}
[1762356516.481][INFO]: Done waiting for pending navigations. Status: ok
[1762356516.481][INFO]: [5dd5ad9cb758ee0a51bcfe57cd02220c] RESPONSE ExecuteScript false
[1762356516.983][INFO]: [5dd5ad9cb758ee0a51bcfe57cd02220c] COMMAND ExecuteScript {
   "args": [ {
      "ELEMENT": "f.63163AC2DBA8772733A5A69B0BB490D8.d.BC52F7741AFE59B6A079A84D9A41AFB1.e.60",
      "element-6066-11e4-a52e-4f735466cecf": "f.63163AC2DBA8772733A5A69B0BB490D8.d.BC52F7741AFE59B6A079A84D9A41AFB1.e.60"
   } ],
   "script": "/* isDisplayed */return (function(){return (function(){var g=this||self;\nfunction aa(a){var b=typeof a;if(\"object\"==b)if(a){if(a instanceof Array)return\"array\";if(a instanceof Object)return b;var c=Object.prototype.toString.call(a);if(\"[object Window]\"==c)return\"object\";if(\"[object Array]\"==c||\"number\"==typeof a.length&&\"undefined\"!=typeof a.splice&&\"undefined\"!=typeof a.propertyIsEnumerable&&!a.propertyIsEnumerable(\"splice\"))return\"array\";if(\"[object Function]\"==c||\"undefined\"!=typeof a.call&&\"undefined\"!=typeof a.propertyIsEnumerable&&!a.propertyIsEnumerable(\"call\"))return\"function\"}else return\"null\";else if(\"function\"==\nb&&\"undefined\"==typeof a.call)return\"object\";return b}function ca(a,b){function c(){}c.prototype=b.prototype;a.prototype=new c;a.prototype.constructor=a};var da=Array.prototype.indexOf?function(a,b){return Array.prototype.indexOf.call(a,b,void 0)}:function(a,b){if(\"string\"===typeof a)return\"string\"!==typeof b||1!=b.length?-1:a.indexOf(b,0);for(var c=0;c\u003Ca.length;c++)if(c in a&&a[c]===b)return c;return-1},ea=Array.prototype.some?function(a,b){return Array.prototype.some.call(a,b,void 0)}:function(a,b){for(var c=a.length,e=\"string\"===typeof a?a.split(\"\"):a,d=0;d\u003Cc;d++)if(d in e&&b.call(void 0,e[d],d,a))return!0;return!1},fa=Array.prototype.every?function(a,\nb){return Array.prototype.every.call(a,b,void 0)}:function(a,b){for(var c=a.length,e=\"string\"===typeof a?a.split(\"\"):a,d=0;d\u003Cc;d++)if(d in e&&!b.call(void 0,e[d],d,a))return!1;return!0};var ha={aliceblue:\"#f0f8ff\",antiquewhite:\"#faebd7\",aqua:\"#00ffff\",aquamarine:\"#7fffd4\",azure:\"#f0ffff\",beige:\"#f5f5dc\",bisque:\"#ffe4c4\",black:\"#000000\",blanchedalmond:\"#ffebcd\",blue:\"#0000ff\",blueviolet:\"#8a2be2\",brown:\"#a52a2a\",burlywood:\"#deb887\",cadetblue:\"#5f9ea0\",chartreuse:\"#7fff00\",chocolate:\"#d2691e\",coral:\"#ff7f50\",cornflowerblue:\"#6495ed\",cornsilk:\"#fff8dc\",crimson:\"#dc143c\",cyan:\"#00ffff\",darkblue:\"#00008b\",darkcyan:\"#008b8b\",darkgoldenrod:\"#b8860b\",darkgray:\"#a9a9a9\",darkgreen:\"#006400\",\ndarkgrey:\"#a9a9a9\",darkkhaki:\"#bdb76b\",darkmagenta:\"#8b008b\",darkolivegreen:\"#556b2f\",darkorange:\"#ff8c00\",darkorchid:\"#9932cc\",darkred:\"#8b0000\",darksalmon:\"#e9967a\",darkseagreen:\"#8fbc8f\",darkslateblue:\"#483d8b\",darkslategray:\"#2f4f4f\",darkslategrey:\"#2f4f4f\",darkturquoise:\"#00ced1\",darkviolet:\"#9400d3\",deeppink:\"#ff1493\",deepskyblue:\"#00bfff\",dimgray:\"#696969\",dimgrey:\"#696969\",dodgerblue:\"#1e90ff\",firebrick:\"#b22222\",floralwhite:\"#fffaf0\",forestgreen:\"#228b22\",fuchsia:\"#ff00ff\",gainsboro:\"#dcdcdc\",\nghostwhite:\"#f8f8ff\",gold:\"#ffd700\",goldenrod:\"#daa520\",gray:\"#808080\",green:\"#008000\",greenyellow:\"#adff2f\",grey:\"#808080\",honeydew:\"#f0fff0\",hotpink:\"#ff69b4\",indianred:\"#cd5c5c\",indigo:\"#4b0082\",ivory:\"#fffff0\",khaki:\"#f0e68c\",lavender:\"#e6e6fa\",lavenderblush:\"#fff0f5\",lawngreen:\"#7cfc00\",lemonchiffon:\"#fffacd\",lightblue:\"#add8e6\",lightcoral:\"#f08080\",lightcyan:\"#e0ffff\",lightgoldenrodyellow:\"#fafad2\",lightgray:\"#d3d3d3\",lightgreen:\"#90ee90\",lightgrey:\"#d3d3d3\",lightpink:\"#ffb6c1\",lightsalmon:\"#ffa07a\",\nlightseagreen:\"#20b2aa\",lightskyblue:\"#87cefa\",lightslategray:\"#778899\",lightslategrey:\"#778899\",lightsteelblue:\"#b0c4de\",lightyellow:\"#ffffe0\",lime:\"#00ff00\",limegreen:\"#32cd32\",linen:\"#faf0e6\",magenta:\"#ff00ff\",maroon:\"#800000\",mediumaquamarine:\"#66cdaa\",mediumblue:\"#0000cd\",mediumorchid:\"#ba55d3\",mediumpurple:\"#9370db\",mediumseagreen:\"#3cb371\",mediumslateblue:\"#7b68ee\",mediumspringgreen:\"#00fa9a\",mediumturquoise:\"#48d1cc\",mediumvioletred:\"#c71585\",midnightblue:\"#191970\",mintcream:\"#f5fffa\",mistyrose:\"#ffe4e1\",\nmoccasin:\"#ffe4b5\",navajowhite:\"#ffdead\",navy:\"#000080\",oldlace:\"#fdf5e6\",olive:\"#808000\",olivedrab:\"#6b8e23\",orange:\"#ffa500\",orangered:\"#ff4500\",orchid:\"#da70d6\",palegoldenrod:\"#eee8aa\",palegreen:\"#98fb98\",paleturquoise:\"#afeeee\",palevioletred:\"#db7093\",papayawhip:\"#ffefd5\",peachpuff:\"#ffdab9\",peru:\"#cd853f\",pink:\"#ffc0cb\",plum:\"#dda0dd\",powderblue:\"#b0e0e6\",purple:\"#800080\",red:\"#ff0000\",rosybrown:\"#bc8f8f\",royalblue:\"#4169e1\",saddlebrown:\"#8b4513\",salmon:\"#fa8072\",sandybrown:\"#f4a460\",seagreen:\"#2e8b57\",\nseashell:\"#fff5ee\",sienna:\"#a0522d\",silver:\"#c0c0c0\",skyblue:\"#87ceeb\",slateblue:\"#6a5acd\",slategray:\"#708090\",slategrey:\"#708090\",snow:\"#fffafa\",springgreen:\"#00ff7f\",steelblue:\"#4682b4\",tan:\"#d2b48c\",teal:\"#008080\",thistle:\"#d8bfd8\",tomato:\"#ff6347\",turquoise:\"#40e0d0\",violet:\"#ee82ee\",wheat:\"#f5deb3\",white:\"#ffffff\",whitesmoke:\"#f5f5f5\",yellow:\"#ffff00\",yellowgreen:\"#9acd32\"};var ia=\"backgroundColor borderTopColor borderRightColor borderBottomColor borderLeftColor color outlineColor\".split(\" \"),ja=/#([0-9a-fA-F])([0-9a-fA-F])([0-9a-fA-F])/,ka=/^#(?:[0-9a-f]{3}){1,2}$/i,la=/^(?:rgba)?\\((\\d{1,3}),\\s?(\\d{1,3}),\\s?(\\d{1,3}),\\s?(0|1|0\\.\\d*)\\)$/i,ma=/^(?:rgb)?\\((0|[1-9]\\d{0,2}),\\s?(0|[1-9]\\d{0,2}),\\s?(0|[1-9]\\d{0,2})\\)$/i;function m(a,b){this.code=a;this.a=p[a]||r;this.message=b||\"\";a=this.a.replace(/((?:^|\\s+)[a-z])/g,function(c){return c.toUpperCase().replace(/^[\\s\\xa0]+/g,\"\")});b=a.length-5;if(0>b||a.indexOf(\"Error\",b)!=b)a+=\"Error\";this.name=a;a=Error(this.message);a.name=this.name;this.stack=a.stack||\"\"}ca(m,Error);var r=\"unknown error\",p={15:\"element not selectable\",11:\"element not visible\"};p[31]=r;p[30]=r;p[24]=\"invalid cookie domain\";p[29]=\"invalid element coordinates\";p[12]=\"invalid element state\";\np[32]=\"invalid selector\";p[51]=\"invalid selector\";p[52]=\"invalid selector\";p[17]=\"javascript error\";p[405]=\"unsupported operation\";p[34]=\"move target out of bounds\";p[27]=\"no such alert\";p[7]=\"no such element\";p[8]=\"no such frame\";p[23]=\"no such window\";p[28]=\"script timeout\";p[33]=\"session not created\";p[10]=\"stale element reference\";p[21]=\"timeout\";p[25]=\"unable to set cookie\";p[26]=\"unexpected alert open\";p[13]=r;p[9]=\"unknown command\";var u=String.prototype.trim?function(a){return a.trim()}:function(a){return/^[\\s\\xa0]*([\\s\\S]*?)[\\s\\xa0]*$/.exec(a)[1]};\nfunction na(a,b){var c=0;a=u(String(a)).split(\".\");b=u(String(b)).split(\".\");for(var e=Math.max(a.length,b.length),d=0;0==c&&d\u003Ce;d++){var f=a[d]||\"\",h=b[d]||\"\";do{f=/(\\d*)(\\D*)(.*)/.exec(f)||[\"\",\"\",\"\",\"\"];h=/(\\d*)(\\D*)(.*)/.exec(h)||[\"\",\"\",\"\",\"\"];if(0==f[0].length&&0==h[0].length)break;c=v(0==f[1].length?0:parseInt(f[1],10),0==h[1].length?0:parseInt(h[1],10))||v(0==f[2].length,0==h[2].length)||v(f[2],h[2]);f=f[3];h=h[3]}while(0==c)}return c}function v(a,b){return a\u003Cb?-1:a>b?1:0};var w;a:{var oa=g.navigator;if(oa){var sa=oa.userAgent;if(sa){w=sa;break a}}w=\"\"}function x(a){return-1!=w.indexOf(a)};function y(){return x(\"Firefox\")||x(\"FxiOS\")}function A(){return(x(\"Chrome\")||x(\"CriOS\"))&&!x(\"Edge\")};function ta(a){return String(a).replace(/\\-([a-z])/g,function(b,c){return c.toUpperCase()})};function B(){return x(\"iPhone\")&&!x(\"iPod\")&&!x(\"iPad\")};function ua(a,b){var c=va;return Object.prototype.hasOwnProperty.call(c,a)?c[a]:c[a]=b(a)};var wa=x(\"Opera\"),C=x(\"Trident\")||x(\"MSIE\"),xa=x(\"Edge\"),ya=x(\"Gecko\")&&!(-1!=w.toLowerCase().indexOf(\"webkit\")&&!x(\"Edge\"))&&!(x(\"Trident\")||x(\"MSIE\"))&&!x(\"Edge\"),za=-1!=w.toLowerCase().indexOf(\"webkit\")&&!x(\"Edge\");function Aa(){var a=g.document;return a?a.documentMode:void 0}var E;\na:{var F=\"\",G=function(){var a=w;if(ya)return/rv:([^\\);]+)(\\)|;)/.exec(a);if(xa)return/Edge\\/([\\d\\.]+)/.exec(a);if(C)return/\\b(?:MSIE|rv)[: ]([^\\);]+)(\\)|;)/.exec(a);if(za)return/WebKit\\/(\\S+)/.exec(a);if(wa)return/(?:Version)[ \\/]?(\\S+)/.exec(a)}();G&&(F=G?G[1]:\"\");if(C){var H=Aa();if(null!=H&&H>parseFloat(F)){E=String(H);break a}}E=F}var va={};function Ba(a){return ua(a,function(){return 0\u003C=na(E,a)})}var I;I=g.document&&C?Aa():void 0;var Ca=y(),Da=B()||x(\"iPod\"),Ea=x(\"iPad\"),Fa=x(\"Android\")&&!(A()||y()||x(\"Opera\")||x(\"Silk\")),Ga=A(),Ha=x(\"Safari\")&&!(A()||x(\"Coast\")||x(\"Opera\")||x(\"Edge\")||x(\"Edg/\")||x(\"OPR\")||y()||x(\"Silk\")||x(\"Android\"))&&!(B()||x(\"iPad\")||x(\"iPod\"));function J(a){return(a=a.exec(w))?a[1]:\"\"}(function(){if(Ca)return J(/Firefox\\/([0-9.]+)/);if(C||xa||wa)return E;if(Ga)return B()||x(\"iPad\")||x(\"iPod\")?J(/CriOS\\/([0-9.]+)/):J(/Chrome\\/([0-9.]+)/);if(Ha&&!(B()||x(\"iPad\")||x(\"iPod\")))return J(/Version\\/([0-9.]+)/);if(Da||Ea){var a=/Version\\/(\\S+).*Mobile\\/(\\S+)/.exec(w);if(a)return a[1]+\".\"+a[2]}else if(Fa)return(a=J(/Android\\s+([0-9.]+)/))?a:J(/Version\\/([0-9.]+)/);return\"\"})();var K;if(K=C)K=!(9\u003C=Number(I));var Ia=K;function L(a,b){this.x=void 0!==a?a:0;this.y=void 0!==b?b:0}L.prototype.ceil=function(){this.x=Math.ceil(this.x);this.y=Math.ceil(this.y);return this};L.prototype.floor=function(){this.x=Math.floor(this.x);this.y=Math.floor(this.y);return this};L.prototype.round=function(){this.x=Math.round(this.x);this.y=Math.round(this.y);return this};function M(a,b){this.width=a;this.height=b}M.prototype.aspectRatio=function(){return this.width/this.height};M.prototype.ceil=function(){this.width=Math.ceil(this.width);this.height=Math.ceil(this.height);return this};M.prototype.floor=function(){this.width=Math.floor(this.width);this.height=Math.floor(this.height);return this};M.prototype.round=function(){this.width=Math.round(this.width);this.height=Math.round(this.height);return this};function N(a){return 9==a.nodeType?a:a.ownerDocument||a.document}function Ja(a,b){a&&(a=a.parentNode);for(var c=0;a;){if(b(a))return a;a=a.parentNode;c++}return null}function Ka(a){this.a=a||g.document||document};function P(a,b){b&&\"string\"!==typeof b&&(b=b.toString());return a instanceof HTMLFormElement?!!a&&1==a.nodeType&&(!b||\"FORM\"==b):!!a&&1==a.nodeType&&(!b||a.tagName.toUpperCase()==b)};function Q(a,b,c,e){this.f=a;this.a=b;this.b=c;this.c=e}Q.prototype.ceil=function(){this.f=Math.ceil(this.f);this.a=Math.ceil(this.a);this.b=Math.ceil(this.b);this.c=Math.ceil(this.c);return this};Q.prototype.floor=function(){this.f=Math.floor(this.f);this.a=Math.floor(this.a);this.b=Math.floor(this.b);this.c=Math.floor(this.c);return this};Q.prototype.round=function(){this.f=Math.round(this.f);this.a=Math.round(this.a);this.b=Math.round(this.b);this.c=Math.round(this.c);return this};function R(a,b,c,e){this.a=a;this.b=b;this.width=c;this.height=e}R.prototype.ceil=function(){this.a=Math.ceil(this.a);this.b=Math.ceil(this.b);this.width=Math.ceil(this.width);this.height=Math.ceil(this.height);return this};R.prototype.floor=function(){this.a=Math.floor(this.a);this.b=Math.floor(this.b);this.width=Math.floor(this.width);this.height=Math.floor(this.height);return this};\nR.prototype.round=function(){this.a=Math.round(this.a);this.b=Math.round(this.b);this.width=Math.round(this.width);this.height=Math.round(this.height);return this};var La=\"function\"===typeof ShadowRoot;function S(a){for(a=a.parentNode;a&&1!=a.nodeType&&9!=a.nodeType&&11!=a.nodeType;)a=a.parentNode;return P(a)?a:null}\nfunction T(a,b){b=ta(b);if(\"float\"==b||\"cssFloat\"==b||\"styleFloat\"==b)b=Ia?\"styleFloat\":\"cssFloat\";a:{var c=b;var e=N(a);if(e.defaultView&&e.defaultView.getComputedStyle&&(e=e.defaultView.getComputedStyle(a,null))){c=e[c]||e.getPropertyValue(c)||\"\";break a}c=\"\"}a=c||Ma(a,b);if(null===a)a=null;else if(0\u003C=da(ia,b)){b:{var d=a.match(la);if(d&&(b=Number(d[1]),c=Number(d[2]),e=Number(d[3]),d=Number(d[4]),0\u003C=b&&255>=b&&0\u003C=c&&255>=c&&0\u003C=e&&255>=e&&0\u003C=d&&1>=d)){b=[b,c,e,d];break b}b=null}if(!b)b:{if(e=a.match(ma))if(b=\nNumber(e[1]),c=Number(e[2]),e=Number(e[3]),0\u003C=b&&255>=b&&0\u003C=c&&255>=c&&0\u003C=e&&255>=e){b=[b,c,e,1];break b}b=null}if(!b)b:{b=a.toLowerCase();c=ha[b.toLowerCase()];if(!c&&(c=\"#\"==b.charAt(0)?b:\"#\"+b,4==c.length&&(c=c.replace(ja,\"#$1$1$2$2$3$3\")),!ka.test(c))){b=null;break b}b=[parseInt(c.substr(1,2),16),parseInt(c.substr(3,2),16),parseInt(c.substr(5,2),16),1]}a=b?\"rgba(\"+b.join(\", \")+\")\":a}return a}\nfunction Ma(a,b){var c=a.currentStyle||a.style,e=c[b];void 0===e&&\"function\"==aa(c.getPropertyValue)&&(e=c.getPropertyValue(b));return\"inherit\"!=e?void 0!==e?e:null:(a=S(a))?Ma(a,b):null}\nfunction U(a,b,c){function e(h){var n=V(h);return 0\u003Cn.height&&0\u003Cn.width?!0:P(h,\"PATH\")&&(0\u003Cn.height||0\u003Cn.width)?(h=T(h,\"stroke-width\"),!!h&&0\u003CparseInt(h,10)):\"hidden\"!=T(h,\"overflow\")&&ea(h.childNodes,function(D){return 3==D.nodeType||P(D)&&e(D)})}function d(h){return Na(h)==W&&fa(h.childNodes,function(n){return!P(n)||d(n)||!e(n)})}if(!P(a))throw Error(\"Argument to isShown must be of type Element\");if(P(a,\"BODY\"))return!0;if(P(a,\"OPTION\")||P(a,\"OPTGROUP\"))return a=Ja(a,function(h){return P(h,\"SELECT\")}),\n!!a&&U(a,!0,c);var f=Oa(a);if(f)return!!f.image&&0\u003Cf.rect.width&&0\u003Cf.rect.height&&U(f.image,b,c);if(P(a,\"INPUT\")&&\"hidden\"==a.type.toLowerCase()||P(a,\"NOSCRIPT\"))return!1;f=T(a,\"visibility\");return\"collapse\"!=f&&\"hidden\"!=f&&c(a)&&(b||0!=Pa(a))&&e(a)?!d(a):!1}var W=\"hidden\";\nfunction Na(a){function b(k){function l(ba){if(ba==h)return!0;var pa=T(ba,\"display\");return 0==pa.lastIndexOf(\"inline\",0)||\"contents\"==pa||\"absolute\"==qa&&\"static\"==T(ba,\"position\")?!1:!0}var qa=T(k,\"position\");if(\"fixed\"==qa)return ra=!0,k==h?null:h;for(k=S(k);k&&!l(k);)k=S(k);return k}function c(k){var l=k;if(\"visible\"==D)if(k==h&&n)l=n;else if(k==n)return{x:\"visible\",y:\"visible\"};l={x:T(l,\"overflow-x\"),y:T(l,\"overflow-y\")};k==h&&(l.x=\"visible\"==l.x?\"auto\":l.x,l.y=\"visible\"==l.y?\"auto\":l.y);return l}\nfunction e(k){if(k==h){var l=(new Ka(f)).a;k=l.scrollingElement?l.scrollingElement:za||\"CSS1Compat\"!=l.compatMode?l.body||l.documentElement:l.documentElement;l=l.parentWindow||l.defaultView;k=C&&Ba(\"10\")&&l.pageYOffset!=k.scrollTop?new L(k.scrollLeft,k.scrollTop):new L(l.pageXOffset||k.scrollLeft,l.pageYOffset||k.scrollTop)}else k=new L(k.scrollLeft,k.scrollTop);return k}var d=Qa(a),f=N(a),h=f.documentElement,n=f.body,D=T(h,\"overflow\"),ra;for(a=b(a);a;a=b(a)){var q=c(a);if(\"visible\"!=q.x||\"visible\"!=\nq.y){var t=V(a);if(0==t.width||0==t.height)return W;var z=d.a\u003Ct.a,O=d.b\u003Ct.b;if(z&&\"hidden\"==q.x||O&&\"hidden\"==q.y)return W;if(z&&\"visible\"!=q.x||O&&\"visible\"!=q.y){z=e(a);O=d.b\u003Ct.b-z.y;if(d.a\u003Ct.a-z.x&&\"visible\"!=q.x||O&&\"visible\"!=q.x)return W;d=Na(a);return d==W?W:\"scroll\"}z=d.c>=t.a+t.width;t=d.f>=t.b+t.height;if(z&&\"hidden\"==q.x||t&&\"hidden\"==q.y)return W;if(z&&\"visible\"!=q.x||t&&\"visible\"!=q.y){if(ra&&(q=e(a),d.c>=h.scrollWidth-q.x||d.a>=h.scrollHeight-q.y))return W;d=Na(a);return d==W?W:\"scroll\"}}}return\"none\"}\nfunction V(a){var b=Oa(a);if(b)return b.rect;if(P(a,\"HTML\"))return a=N(a),a=((a?a.parentWindow||a.defaultView:window)||window).document,a=\"CSS1Compat\"==a.compatMode?a.documentElement:a.body,a=new M(a.clientWidth,a.clientHeight),new R(0,0,a.width,a.height);try{var c=a.getBoundingClientRect()}catch(e){return new R(0,0,0,0)}b=new R(c.left,c.top,c.right-c.left,c.bottom-c.top);C&&a.ownerDocument.body&&(a=N(a),b.a-=a.documentElement.clientLeft+a.body.clientLeft,b.b-=a.documentElement.clientTop+a.body.clientTop);\nreturn b}\nfunction Oa(a){var b=P(a,\"MAP\");if(!b&&!P(a,\"AREA\"))return null;var c=b?a:P(a.parentNode,\"MAP\")?a.parentNode:null,e=null,d=null;if(c&&c.name){e='*[usemap=\"#'+c.name+'\"]';c=N(c);var f;if(f=\"function\"!=aa(c.querySelector)&&C&&(C?0\u003C=na(I,8):Ba(8))){f=c.querySelector;var h=typeof f;f=!(\"object\"==h&&null!=f||\"function\"==h)}if(f)throw Error(\"CSS selection is not supported\");if(!e)throw new m(32,\"No selector specified\");e=u(e);try{var n=c.querySelector(e)}catch(D){throw new m(32,\"An invalid or illegal selector was specified\");}if(e=\nn&&1==n.nodeType?n:null)d=V(e),b||\"default\"==a.shape.toLowerCase()||(a=Ra(a),b=Math.min(Math.max(a.a,0),d.width),n=Math.min(Math.max(a.b,0),d.height),d=new R(b+d.a,n+d.b,Math.min(a.width,d.width-b),Math.min(a.height,d.height-n)))}return{image:e,rect:d||new R(0,0,0,0)}}\nfunction Ra(a){var b=a.shape.toLowerCase();a=a.coords.split(\",\");if(\"rect\"==b&&4==a.length){b=a[0];var c=a[1];return new R(b,c,a[2]-b,a[3]-c)}if(\"circle\"==b&&3==a.length)return b=a[2],new R(a[0]-b,a[1]-b,2*b,2*b);if(\"poly\"==b&&2\u003Ca.length){b=a[0];c=a[1];for(var e=b,d=c,f=2;f+1\u003Ca.length;f+=2)b=Math.min(b,a[f]),e=Math.max(e,a[f]),c=Math.min(c,a[f+1]),d=Math.max(d,a[f+1]);return new R(b,c,e-b,d-c)}return new R(0,0,0,0)}function Qa(a){a=V(a);return new Q(a.b,a.a+a.width,a.b+a.height,a.a)}\nfunction Pa(a){if(Ia){if(\"relative\"==T(a,\"position\"))return 1;a=T(a,\"filter\");return(a=a.match(/^alpha\\(opacity=(\\d*)\\)/)||a.match(/^progid:DXImageTransform.Microsoft.Alpha\\(Opacity=(\\d*)\\)/))?Number(a[1])/100:1}return Sa(a)}function Sa(a){var b=1,c=T(a,\"opacity\");c&&(b=Number(c));(a=S(a))&&(b*=Sa(a));return b};function Ta(a,b){function c(e){if(P(e)&&\"none\"==T(e,\"display\"))return!1;var d;if((d=e.parentNode)&&d.shadowRoot&&void 0!==e.assignedSlot)d=e.assignedSlot?e.assignedSlot.parentNode:null;else if(e.getDestinationInsertionPoints){var f=e.getDestinationInsertionPoints();0\u003Cf.length&&(d=f[f.length-1])}if(La&&d instanceof ShadowRoot){if(d.host.shadowRoot&&d.host.shadowRoot!==d)return!1;d=d.host}return!d||9!=d.nodeType&&11!=d.nodeType?d&&P(d,\"DETAILS\")&&!d.open&&!P(e,\"SUMMARY\")?!1:!!d&&c(d):!0}return U(a,\n!!b,c)}var X=[\"_\"],Y=g;X[0]in Y||\"undefined\"==typeof Y.execScript||Y.execScript(\"var \"+X[0]);for(var Z;X.length&&(Z=X.shift());)X.length||void 0===Ta?Y[Z]&&Y[Z]!==Object.prototype[Z]?Y=Y[Z]:Y=Y[Z]={}:Y[Z]=Ta;; return this._.apply(null,arguments);}).apply({navigator:typeof window!='undefined'?window.navigator:null,document:typeof window!='undefined'?window.document:null}, arguments);}).apply(null, arguments)"
}
[1762356516.983][INFO]: Waiting for pending navigations...
[1762356516.983][DEBUG]: DevTools WebSocket Command: Runtime.evaluate (id=215) (session_id=4DCB025D4F4ED801B3571B81546B2590) 63163AC2DBA8772733A5A69B0BB490D8 {
   "expression": "1"
}
[1762356516.983][DEBUG]: DevTools WebSocket Response: Runtime.evaluate (id=215) (session_id=4DCB025D4F4ED801B3571B81546B2590) 63163AC2DBA8772733A5A69B0BB490D8 {
   "result": {
      "description": "1",
      "type": "number",
      "value": 1
   }
}
[1762356516.983][INFO]: Done waiting for pending navigations. Status: ok
[1762356516.983][DEBUG]: DevTools WebSocket Command: Page.getFrameTree (id=216) (session_id=4DCB025D4F4ED801B3571B81546B2590) 63163AC2DBA8772733A5A69B0BB490D8 {
}
[1762356516.983][DEBUG]: DevTools WebSocket Response: Page.getFrameTree (id=216) (session_id=4DCB025D4F4ED801B3571B81546B2590) 63163AC2DBA8772733A5A69B0BB490D8 {
   "frameTree": {
      "frame": {
         "adFrameStatus": {
            "adFrameType": "none"
         },
         "crossOriginIsolatedContextType": "NotIsolated",
         "domainAndRegistry": "github.com",
         "gatedAPIFeatures": [  ],
         "id": "63163AC2DBA8772733A5A69B0BB490D8",
         "loaderId": "BC52F7741AFE59B6A079A84D9A41AFB1",
         "mimeType": "text/html",
         "secureContextType": "Secure",
         "securityOrigin": "https://github.com",
         "securityOriginDetails": {
            "isLocalhost": false
         },
         "url": "https://github.com/search?q=nightwatch&type=repositories"
      }
   }
}
[1762356516.984][DEBUG]: DevTools WebSocket Command: DOM.resolveNode (id=217) (session_id=4DCB025D4F4ED801B3571B81546B2590) 63163AC2DBA8772733A5A69B0BB490D8 {
   "backendNodeId": 60,
   "objectGroup": "8b574ccf-6615-4c15-ba52-dffe8bfa2e82"
}
[1762356516.984][DEBUG]: DevTools WebSocket Response: DOM.resolveNode (id=217) (session_id=4DCB025D4F4ED801B3571B81546B2590) 63163AC2DBA8772733A5A69B0BB490D8 {
   "object": {
      "className": "HTMLButtonElement",
      "description": "button.header-search-button.input-button.form-control.d-flex.flex-1.flex-self-stretch.flex-items-center.no-wrap.width-full.py-0.pl-2.pr-0.text-left.border-0.box-shadow-none",
      "objectId": "8779287950773027740.2.49",
      "subtype": "node",
      "type": "object"
   }
}
[1762356516.984][DEBUG]: DevTools WebSocket Command: Page.getFrameTree (id=218) (session_id=4DCB025D4F4ED801B3571B81546B2590) 63163AC2DBA8772733A5A69B0BB490D8 {
}
[1762356516.984][DEBUG]: DevTools WebSocket Response: Page.getFrameTree (id=218) (session_id=4DCB025D4F4ED801B3571B81546B2590) 63163AC2DBA8772733A5A69B0BB490D8 {
   "frameTree": {
      "frame": {
         "adFrameStatus": {
            "adFrameType": "none"
         },
         "crossOriginIsolatedContextType": "NotIsolated",
         "domainAndRegistry": "github.com",
         "gatedAPIFeatures": [  ],
         "id": "63163AC2DBA8772733A5A69B0BB490D8",
         "loaderId": "BC52F7741AFE59B6A079A84D9A41AFB1",
         "mimeType": "text/html",
         "secureContextType": "Secure",
         "securityOrigin": "https://github.com",
         "securityOriginDetails": {
            "isLocalhost": false
         },
         "url": "https://github.com/search?q=nightwatch&type=repositories"
      }
   }
}
[1762356516.985][DEBUG]: DevTools WebSocket Command: Runtime.callFunctionOn (id=219) (session_id=4DCB025D4F4ED801B3571B81546B2590) 63163AC2DBA8772733A5A69B0BB490D8 {
   "arguments": [ {
      "objectId": "8779287950773027740.2.49"
   } ],
   "awaitPromise": true,
   "functionDeclaration": "function(){ return (function() { // Copyright 2012 The Chromium Authors\n// Use of this source code is governed by a BSD-style license that can be\n// found in the LICENSE file.\n\n/**\n * Enum for WebD...",
   "objectGroup": "8b574ccf-6615-4c15-ba52-dffe8bfa2e82",
   "serializationOptions": {
      "serialization": "deep"
   },
   "uniqueContextId": "-8908945788913384037.-1572819235194483600"
}
[1762356516.986][DEBUG]: DevTools WebSocket Response: Runtime.callFunctionOn (id=219) (session_id=4DCB025D4F4ED801B3571B81546B2590) 63163AC2DBA8772733A5A69B0BB490D8 {
   "result": {
      "className": "Array",
      "deepSerializedValue": {
         "type": "array",
         "value": [ {
            "type": "string",
            "value": "{\"status\":0,\"value\":false}"
         } ]
      },
      "description": "Array(1)",
      "objectId": "8779287950773027740.2.50",
      "subtype": "array",
      "type": "object"
   }
}
[1762356516.986][DEBUG]: DevTools WebSocket Command: Runtime.releaseObjectGroup (id=220) (session_id=4DCB025D4F4ED801B3571B81546B2590) 63163AC2DBA8772733A5A69B0BB490D8 {
   "objectGroup": "8b574ccf-6615-4c15-ba52-dffe8bfa2e82"
}
[1762356516.986][INFO]: Waiting for pending navigations...
[1762356516.986][DEBUG]: DevTools WebSocket Command: Runtime.evaluate (id=221) (session_id=4DCB025D4F4ED801B3571B81546B2590) 63163AC2DBA8772733A5A69B0BB490D8 {
   "expression": "1"
}
[1762356516.986][DEBUG]: DevTools WebSocket Response: Runtime.releaseObjectGroup (id=220) (session_id=4DCB025D4F4ED801B3571B81546B2590) 63163AC2DBA8772733A5A69B0BB490D8 {
}
[1762356516.986][DEBUG]: DevTools WebSocket Response: Runtime.evaluate (id=221) (session_id=4DCB025D4F4ED801B3571B81546B2590) 63163AC2DBA8772733A5A69B0BB490D8 {
   "result": {
      "description": "1",
      "type": "number",
      "value": 1
   }
}
[1762356516.986][INFO]: Done waiting for pending navigations. Status: ok
[1762356516.986][INFO]: [5dd5ad9cb758ee0a51bcfe57cd02220c] RESPONSE ExecuteScript false
[1762356517.489][INFO]: [5dd5ad9cb758ee0a51bcfe57cd02220c] COMMAND ExecuteScript {
   "args": [ {
      "ELEMENT": "f.63163AC2DBA8772733A5A69B0BB490D8.d.BC52F7741AFE59B6A079A84D9A41AFB1.e.60",
      "element-6066-11e4-a52e-4f735466cecf": "f.63163AC2DBA8772733A5A69B0BB490D8.d.BC52F7741AFE59B6A079A84D9A41AFB1.e.60"
   } ],
   "script": "/* isDisplayed */return (function(){return (function(){var g=this||self;\nfunction aa(a){var b=typeof a;if(\"object\"==b)if(a){if(a instanceof Array)return\"array\";if(a instanceof Object)return b;var c=Object.prototype.toString.call(a);if(\"[object Window]\"==c)return\"object\";if(\"[object Array]\"==c||\"number\"==typeof a.length&&\"undefined\"!=typeof a.splice&&\"undefined\"!=typeof a.propertyIsEnumerable&&!a.propertyIsEnumerable(\"splice\"))return\"array\";if(\"[object Function]\"==c||\"undefined\"!=typeof a.call&&\"undefined\"!=typeof a.propertyIsEnumerable&&!a.propertyIsEnumerable(\"call\"))return\"function\"}else return\"null\";else if(\"function\"==\nb&&\"undefined\"==typeof a.call)return\"object\";return b}function ca(a,b){function c(){}c.prototype=b.prototype;a.prototype=new c;a.prototype.constructor=a};var da=Array.prototype.indexOf?function(a,b){return Array.prototype.indexOf.call(a,b,void 0)}:function(a,b){if(\"string\"===typeof a)return\"string\"!==typeof b||1!=b.length?-1:a.indexOf(b,0);for(var c=0;c\u003Ca.length;c++)if(c in a&&a[c]===b)return c;return-1},ea=Array.prototype.some?function(a,b){return Array.prototype.some.call(a,b,void 0)}:function(a,b){for(var c=a.length,e=\"string\"===typeof a?a.split(\"\"):a,d=0;d\u003Cc;d++)if(d in e&&b.call(void 0,e[d],d,a))return!0;return!1},fa=Array.prototype.every?function(a,\nb){return Array.prototype.every.call(a,b,void 0)}:function(a,b){for(var c=a.length,e=\"string\"===typeof a?a.split(\"\"):a,d=0;d\u003Cc;d++)if(d in e&&!b.call(void 0,e[d],d,a))return!1;return!0};var ha={aliceblue:\"#f0f8ff\",antiquewhite:\"#faebd7\",aqua:\"#00ffff\",aquamarine:\"#7fffd4\",azure:\"#f0ffff\",beige:\"#f5f5dc\",bisque:\"#ffe4c4\",black:\"#000000\",blanchedalmond:\"#ffebcd\",blue:\"#0000ff\",blueviolet:\"#8a2be2\",brown:\"#a52a2a\",burlywood:\"#deb887\",cadetblue:\"#5f9ea0\",chartreuse:\"#7fff00\",chocolate:\"#d2691e\",coral:\"#ff7f50\",cornflowerblue:\"#6495ed\",cornsilk:\"#fff8dc\",crimson:\"#dc143c\",cyan:\"#00ffff\",darkblue:\"#00008b\",darkcyan:\"#008b8b\",darkgoldenrod:\"#b8860b\",darkgray:\"#a9a9a9\",darkgreen:\"#006400\",\ndarkgrey:\"#a9a9a9\",darkkhaki:\"#bdb76b\",darkmagenta:\"#8b008b\",darkolivegreen:\"#556b2f\",darkorange:\"#ff8c00\",darkorchid:\"#9932cc\",darkred:\"#8b0000\",darksalmon:\"#e9967a\",darkseagreen:\"#8fbc8f\",darkslateblue:\"#483d8b\",darkslategray:\"#2f4f4f\",darkslategrey:\"#2f4f4f\",darkturquoise:\"#00ced1\",darkviolet:\"#9400d3\",deeppink:\"#ff1493\",deepskyblue:\"#00bfff\",dimgray:\"#696969\",dimgrey:\"#696969\",dodgerblue:\"#1e90ff\",firebrick:\"#b22222\",floralwhite:\"#fffaf0\",forestgreen:\"#228b22\",fuchsia:\"#ff00ff\",gainsboro:\"#dcdcdc\",\nghostwhite:\"#f8f8ff\",gold:\"#ffd700\",goldenrod:\"#daa520\",gray:\"#808080\",green:\"#008000\",greenyellow:\"#adff2f\",grey:\"#808080\",honeydew:\"#f0fff0\",hotpink:\"#ff69b4\",indianred:\"#cd5c5c\",indigo:\"#4b0082\",ivory:\"#fffff0\",khaki:\"#f0e68c\",lavender:\"#e6e6fa\",lavenderblush:\"#fff0f5\",lawngreen:\"#7cfc00\",lemonchiffon:\"#fffacd\",lightblue:\"#add8e6\",lightcoral:\"#f08080\",lightcyan:\"#e0ffff\",lightgoldenrodyellow:\"#fafad2\",lightgray:\"#d3d3d3\",lightgreen:\"#90ee90\",lightgrey:\"#d3d3d3\",lightpink:\"#ffb6c1\",lightsalmon:\"#ffa07a\",\nlightseagreen:\"#20b2aa\",lightskyblue:\"#87cefa\",lightslategray:\"#778899\",lightslategrey:\"#778899\",lightsteelblue:\"#b0c4de\",lightyellow:\"#ffffe0\",lime:\"#00ff00\",limegreen:\"#32cd32\",linen:\"#faf0e6\",magenta:\"#ff00ff\",maroon:\"#800000\",mediumaquamarine:\"#66cdaa\",mediumblue:\"#0000cd\",mediumorchid:\"#ba55d3\",mediumpurple:\"#9370db\",mediumseagreen:\"#3cb371\",mediumslateblue:\"#7b68ee\",mediumspringgreen:\"#00fa9a\",mediumturquoise:\"#48d1cc\",mediumvioletred:\"#c71585\",midnightblue:\"#191970\",mintcream:\"#f5fffa\",mistyrose:\"#ffe4e1\",\nmoccasin:\"#ffe4b5\",navajowhite:\"#ffdead\",navy:\"#000080\",oldlace:\"#fdf5e6\",olive:\"#808000\",olivedrab:\"#6b8e23\",orange:\"#ffa500\",orangered:\"#ff4500\",orchid:\"#da70d6\",palegoldenrod:\"#eee8aa\",palegreen:\"#98fb98\",paleturquoise:\"#afeeee\",palevioletred:\"#db7093\",papayawhip:\"#ffefd5\",peachpuff:\"#ffdab9\",peru:\"#cd853f\",pink:\"#ffc0cb\",plum:\"#dda0dd\",powderblue:\"#b0e0e6\",purple:\"#800080\",red:\"#ff0000\",rosybrown:\"#bc8f8f\",royalblue:\"#4169e1\",saddlebrown:\"#8b4513\",salmon:\"#fa8072\",sandybrown:\"#f4a460\",seagreen:\"#2e8b57\",\nseashell:\"#fff5ee\",sienna:\"#a0522d\",silver:\"#c0c0c0\",skyblue:\"#87ceeb\",slateblue:\"#6a5acd\",slategray:\"#708090\",slategrey:\"#708090\",snow:\"#fffafa\",springgreen:\"#00ff7f\",steelblue:\"#4682b4\",tan:\"#d2b48c\",teal:\"#008080\",thistle:\"#d8bfd8\",tomato:\"#ff6347\",turquoise:\"#40e0d0\",violet:\"#ee82ee\",wheat:\"#f5deb3\",white:\"#ffffff\",whitesmoke:\"#f5f5f5\",yellow:\"#ffff00\",yellowgreen:\"#9acd32\"};var ia=\"backgroundColor borderTopColor borderRightColor borderBottomColor borderLeftColor color outlineColor\".split(\" \"),ja=/#([0-9a-fA-F])([0-9a-fA-F])([0-9a-fA-F])/,ka=/^#(?:[0-9a-f]{3}){1,2}$/i,la=/^(?:rgba)?\\((\\d{1,3}),\\s?(\\d{1,3}),\\s?(\\d{1,3}),\\s?(0|1|0\\.\\d*)\\)$/i,ma=/^(?:rgb)?\\((0|[1-9]\\d{0,2}),\\s?(0|[1-9]\\d{0,2}),\\s?(0|[1-9]\\d{0,2})\\)$/i;function m(a,b){this.code=a;this.a=p[a]||r;this.message=b||\"\";a=this.a.replace(/((?:^|\\s+)[a-z])/g,function(c){return c.toUpperCase().replace(/^[\\s\\xa0]+/g,\"\")});b=a.length-5;if(0>b||a.indexOf(\"Error\",b)!=b)a+=\"Error\";this.name=a;a=Error(this.message);a.name=this.name;this.stack=a.stack||\"\"}ca(m,Error);var r=\"unknown error\",p={15:\"element not selectable\",11:\"element not visible\"};p[31]=r;p[30]=r;p[24]=\"invalid cookie domain\";p[29]=\"invalid element coordinates\";p[12]=\"invalid element state\";\np[32]=\"invalid selector\";p[51]=\"invalid selector\";p[52]=\"invalid selector\";p[17]=\"javascript error\";p[405]=\"unsupported operation\";p[34]=\"move target out of bounds\";p[27]=\"no such alert\";p[7]=\"no such element\";p[8]=\"no such frame\";p[23]=\"no such window\";p[28]=\"script timeout\";p[33]=\"session not created\";p[10]=\"stale element reference\";p[21]=\"timeout\";p[25]=\"unable to set cookie\";p[26]=\"unexpected alert open\";p[13]=r;p[9]=\"unknown command\";var u=String.prototype.trim?function(a){return a.trim()}:function(a){return/^[\\s\\xa0]*([\\s\\S]*?)[\\s\\xa0]*$/.exec(a)[1]};\nfunction na(a,b){var c=0;a=u(String(a)).split(\".\");b=u(String(b)).split(\".\");for(var e=Math.max(a.length,b.length),d=0;0==c&&d\u003Ce;d++){var f=a[d]||\"\",h=b[d]||\"\";do{f=/(\\d*)(\\D*)(.*)/.exec(f)||[\"\",\"\",\"\",\"\"];h=/(\\d*)(\\D*)(.*)/.exec(h)||[\"\",\"\",\"\",\"\"];if(0==f[0].length&&0==h[0].length)break;c=v(0==f[1].length?0:parseInt(f[1],10),0==h[1].length?0:parseInt(h[1],10))||v(0==f[2].length,0==h[2].length)||v(f[2],h[2]);f=f[3];h=h[3]}while(0==c)}return c}function v(a,b){return a\u003Cb?-1:a>b?1:0};var w;a:{var oa=g.navigator;if(oa){var sa=oa.userAgent;if(sa){w=sa;break a}}w=\"\"}function x(a){return-1!=w.indexOf(a)};function y(){return x(\"Firefox\")||x(\"FxiOS\")}function A(){return(x(\"Chrome\")||x(\"CriOS\"))&&!x(\"Edge\")};function ta(a){return String(a).replace(/\\-([a-z])/g,function(b,c){return c.toUpperCase()})};function B(){return x(\"iPhone\")&&!x(\"iPod\")&&!x(\"iPad\")};function ua(a,b){var c=va;return Object.prototype.hasOwnProperty.call(c,a)?c[a]:c[a]=b(a)};var wa=x(\"Opera\"),C=x(\"Trident\")||x(\"MSIE\"),xa=x(\"Edge\"),ya=x(\"Gecko\")&&!(-1!=w.toLowerCase().indexOf(\"webkit\")&&!x(\"Edge\"))&&!(x(\"Trident\")||x(\"MSIE\"))&&!x(\"Edge\"),za=-1!=w.toLowerCase().indexOf(\"webkit\")&&!x(\"Edge\");function Aa(){var a=g.document;return a?a.documentMode:void 0}var E;\na:{var F=\"\",G=function(){var a=w;if(ya)return/rv:([^\\);]+)(\\)|;)/.exec(a);if(xa)return/Edge\\/([\\d\\.]+)/.exec(a);if(C)return/\\b(?:MSIE|rv)[: ]([^\\);]+)(\\)|;)/.exec(a);if(za)return/WebKit\\/(\\S+)/.exec(a);if(wa)return/(?:Version)[ \\/]?(\\S+)/.exec(a)}();G&&(F=G?G[1]:\"\");if(C){var H=Aa();if(null!=H&&H>parseFloat(F)){E=String(H);break a}}E=F}var va={};function Ba(a){return ua(a,function(){return 0\u003C=na(E,a)})}var I;I=g.document&&C?Aa():void 0;var Ca=y(),Da=B()||x(\"iPod\"),Ea=x(\"iPad\"),Fa=x(\"Android\")&&!(A()||y()||x(\"Opera\")||x(\"Silk\")),Ga=A(),Ha=x(\"Safari\")&&!(A()||x(\"Coast\")||x(\"Opera\")||x(\"Edge\")||x(\"Edg/\")||x(\"OPR\")||y()||x(\"Silk\")||x(\"Android\"))&&!(B()||x(\"iPad\")||x(\"iPod\"));function J(a){return(a=a.exec(w))?a[1]:\"\"}(function(){if(Ca)return J(/Firefox\\/([0-9.]+)/);if(C||xa||wa)return E;if(Ga)return B()||x(\"iPad\")||x(\"iPod\")?J(/CriOS\\/([0-9.]+)/):J(/Chrome\\/([0-9.]+)/);if(Ha&&!(B()||x(\"iPad\")||x(\"iPod\")))return J(/Version\\/([0-9.]+)/);if(Da||Ea){var a=/Version\\/(\\S+).*Mobile\\/(\\S+)/.exec(w);if(a)return a[1]+\".\"+a[2]}else if(Fa)return(a=J(/Android\\s+([0-9.]+)/))?a:J(/Version\\/([0-9.]+)/);return\"\"})();var K;if(K=C)K=!(9\u003C=Number(I));var Ia=K;function L(a,b){this.x=void 0!==a?a:0;this.y=void 0!==b?b:0}L.prototype.ceil=function(){this.x=Math.ceil(this.x);this.y=Math.ceil(this.y);return this};L.prototype.floor=function(){this.x=Math.floor(this.x);this.y=Math.floor(this.y);return this};L.prototype.round=function(){this.x=Math.round(this.x);this.y=Math.round(this.y);return this};function M(a,b){this.width=a;this.height=b}M.prototype.aspectRatio=function(){return this.width/this.height};M.prototype.ceil=function(){this.width=Math.ceil(this.width);this.height=Math.ceil(this.height);return this};M.prototype.floor=function(){this.width=Math.floor(this.width);this.height=Math.floor(this.height);return this};M.prototype.round=function(){this.width=Math.round(this.width);this.height=Math.round(this.height);return this};function N(a){return 9==a.nodeType?a:a.ownerDocument||a.document}function Ja(a,b){a&&(a=a.parentNode);for(var c=0;a;){if(b(a))return a;a=a.parentNode;c++}return null}function Ka(a){this.a=a||g.document||document};function P(a,b){b&&\"string\"!==typeof b&&(b=b.toString());return a instanceof HTMLFormElement?!!a&&1==a.nodeType&&(!b||\"FORM\"==b):!!a&&1==a.nodeType&&(!b||a.tagName.toUpperCase()==b)};function Q(a,b,c,e){this.f=a;this.a=b;this.b=c;this.c=e}Q.prototype.ceil=function(){this.f=Math.ceil(this.f);this.a=Math.ceil(this.a);this.b=Math.ceil(this.b);this.c=Math.ceil(this.c);return this};Q.prototype.floor=function(){this.f=Math.floor(this.f);this.a=Math.floor(this.a);this.b=Math.floor(this.b);this.c=Math.floor(this.c);return this};Q.prototype.round=function(){this.f=Math.round(this.f);this.a=Math.round(this.a);this.b=Math.round(this.b);this.c=Math.round(this.c);return this};function R(a,b,c,e){this.a=a;this.b=b;this.width=c;this.height=e}R.prototype.ceil=function(){this.a=Math.ceil(this.a);this.b=Math.ceil(this.b);this.width=Math.ceil(this.width);this.height=Math.ceil(this.height);return this};R.prototype.floor=function(){this.a=Math.floor(this.a);this.b=Math.floor(this.b);this.width=Math.floor(this.width);this.height=Math.floor(this.height);return this};\nR.prototype.round=function(){this.a=Math.round(this.a);this.b=Math.round(this.b);this.width=Math.round(this.width);this.height=Math.round(this.height);return this};var La=\"function\"===typeof ShadowRoot;function S(a){for(a=a.parentNode;a&&1!=a.nodeType&&9!=a.nodeType&&11!=a.nodeType;)a=a.parentNode;return P(a)?a:null}\nfunction T(a,b){b=ta(b);if(\"float\"==b||\"cssFloat\"==b||\"styleFloat\"==b)b=Ia?\"styleFloat\":\"cssFloat\";a:{var c=b;var e=N(a);if(e.defaultView&&e.defaultView.getComputedStyle&&(e=e.defaultView.getComputedStyle(a,null))){c=e[c]||e.getPropertyValue(c)||\"\";break a}c=\"\"}a=c||Ma(a,b);if(null===a)a=null;else if(0\u003C=da(ia,b)){b:{var d=a.match(la);if(d&&(b=Number(d[1]),c=Number(d[2]),e=Number(d[3]),d=Number(d[4]),0\u003C=b&&255>=b&&0\u003C=c&&255>=c&&0\u003C=e&&255>=e&&0\u003C=d&&1>=d)){b=[b,c,e,d];break b}b=null}if(!b)b:{if(e=a.match(ma))if(b=\nNumber(e[1]),c=Number(e[2]),e=Number(e[3]),0\u003C=b&&255>=b&&0\u003C=c&&255>=c&&0\u003C=e&&255>=e){b=[b,c,e,1];break b}b=null}if(!b)b:{b=a.toLowerCase();c=ha[b.toLowerCase()];if(!c&&(c=\"#\"==b.charAt(0)?b:\"#\"+b,4==c.length&&(c=c.replace(ja,\"#$1$1$2$2$3$3\")),!ka.test(c))){b=null;break b}b=[parseInt(c.substr(1,2),16),parseInt(c.substr(3,2),16),parseInt(c.substr(5,2),16),1]}a=b?\"rgba(\"+b.join(\", \")+\")\":a}return a}\nfunction Ma(a,b){var c=a.currentStyle||a.style,e=c[b];void 0===e&&\"function\"==aa(c.getPropertyValue)&&(e=c.getPropertyValue(b));return\"inherit\"!=e?void 0!==e?e:null:(a=S(a))?Ma(a,b):null}\nfunction U(a,b,c){function e(h){var n=V(h);return 0\u003Cn.height&&0\u003Cn.width?!0:P(h,\"PATH\")&&(0\u003Cn.height||0\u003Cn.width)?(h=T(h,\"stroke-width\"),!!h&&0\u003CparseInt(h,10)):\"hidden\"!=T(h,\"overflow\")&&ea(h.childNodes,function(D){return 3==D.nodeType||P(D)&&e(D)})}function d(h){return Na(h)==W&&fa(h.childNodes,function(n){return!P(n)||d(n)||!e(n)})}if(!P(a))throw Error(\"Argument to isShown must be of type Element\");if(P(a,\"BODY\"))return!0;if(P(a,\"OPTION\")||P(a,\"OPTGROUP\"))return a=Ja(a,function(h){return P(h,\"SELECT\")}),\n!!a&&U(a,!0,c);var f=Oa(a);if(f)return!!f.image&&0\u003Cf.rect.width&&0\u003Cf.rect.height&&U(f.image,b,c);if(P(a,\"INPUT\")&&\"hidden\"==a.type.toLowerCase()||P(a,\"NOSCRIPT\"))return!1;f=T(a,\"visibility\");return\"collapse\"!=f&&\"hidden\"!=f&&c(a)&&(b||0!=Pa(a))&&e(a)?!d(a):!1}var W=\"hidden\";\nfunction Na(a){function b(k){function l(ba){if(ba==h)return!0;var pa=T(ba,\"display\");return 0==pa.lastIndexOf(\"inline\",0)||\"contents\"==pa||\"absolute\"==qa&&\"static\"==T(ba,\"position\")?!1:!0}var qa=T(k,\"position\");if(\"fixed\"==qa)return ra=!0,k==h?null:h;for(k=S(k);k&&!l(k);)k=S(k);return k}function c(k){var l=k;if(\"visible\"==D)if(k==h&&n)l=n;else if(k==n)return{x:\"visible\",y:\"visible\"};l={x:T(l,\"overflow-x\"),y:T(l,\"overflow-y\")};k==h&&(l.x=\"visible\"==l.x?\"auto\":l.x,l.y=\"visible\"==l.y?\"auto\":l.y);return l}\nfunction e(k){if(k==h){var l=(new Ka(f)).a;k=l.scrollingElement?l.scrollingElement:za||\"CSS1Compat\"!=l.compatMode?l.body||l.documentElement:l.documentElement;l=l.parentWindow||l.defaultView;k=C&&Ba(\"10\")&&l.pageYOffset!=k.scrollTop?new L(k.scrollLeft,k.scrollTop):new L(l.pageXOffset||k.scrollLeft,l.pageYOffset||k.scrollTop)}else k=new L(k.scrollLeft,k.scrollTop);return k}var d=Qa(a),f=N(a),h=f.documentElement,n=f.body,D=T(h,\"overflow\"),ra;for(a=b(a);a;a=b(a)){var q=c(a);if(\"visible\"!=q.x||\"visible\"!=\nq.y){var t=V(a);if(0==t.width||0==t.height)return W;var z=d.a\u003Ct.a,O=d.b\u003Ct.b;if(z&&\"hidden\"==q.x||O&&\"hidden\"==q.y)return W;if(z&&\"visible\"!=q.x||O&&\"visible\"!=q.y){z=e(a);O=d.b\u003Ct.b-z.y;if(d.a\u003Ct.a-z.x&&\"visible\"!=q.x||O&&\"visible\"!=q.x)return W;d=Na(a);return d==W?W:\"scroll\"}z=d.c>=t.a+t.width;t=d.f>=t.b+t.height;if(z&&\"hidden\"==q.x||t&&\"hidden\"==q.y)return W;if(z&&\"visible\"!=q.x||t&&\"visible\"!=q.y){if(ra&&(q=e(a),d.c>=h.scrollWidth-q.x||d.a>=h.scrollHeight-q.y))return W;d=Na(a);return d==W?W:\"scroll\"}}}return\"none\"}\nfunction V(a){var b=Oa(a);if(b)return b.rect;if(P(a,\"HTML\"))return a=N(a),a=((a?a.parentWindow||a.defaultView:window)||window).document,a=\"CSS1Compat\"==a.compatMode?a.documentElement:a.body,a=new M(a.clientWidth,a.clientHeight),new R(0,0,a.width,a.height);try{var c=a.getBoundingClientRect()}catch(e){return new R(0,0,0,0)}b=new R(c.left,c.top,c.right-c.left,c.bottom-c.top);C&&a.ownerDocument.body&&(a=N(a),b.a-=a.documentElement.clientLeft+a.body.clientLeft,b.b-=a.documentElement.clientTop+a.body.clientTop);\nreturn b}\nfunction Oa(a){var b=P(a,\"MAP\");if(!b&&!P(a,\"AREA\"))return null;var c=b?a:P(a.parentNode,\"MAP\")?a.parentNode:null,e=null,d=null;if(c&&c.name){e='*[usemap=\"#'+c.name+'\"]';c=N(c);var f;if(f=\"function\"!=aa(c.querySelector)&&C&&(C?0\u003C=na(I,8):Ba(8))){f=c.querySelector;var h=typeof f;f=!(\"object\"==h&&null!=f||\"function\"==h)}if(f)throw Error(\"CSS selection is not supported\");if(!e)throw new m(32,\"No selector specified\");e=u(e);try{var n=c.querySelector(e)}catch(D){throw new m(32,\"An invalid or illegal selector was specified\");}if(e=\nn&&1==n.nodeType?n:null)d=V(e),b||\"default\"==a.shape.toLowerCase()||(a=Ra(a),b=Math.min(Math.max(a.a,0),d.width),n=Math.min(Math.max(a.b,0),d.height),d=new R(b+d.a,n+d.b,Math.min(a.width,d.width-b),Math.min(a.height,d.height-n)))}return{image:e,rect:d||new R(0,0,0,0)}}\nfunction Ra(a){var b=a.shape.toLowerCase();a=a.coords.split(\",\");if(\"rect\"==b&&4==a.length){b=a[0];var c=a[1];return new R(b,c,a[2]-b,a[3]-c)}if(\"circle\"==b&&3==a.length)return b=a[2],new R(a[0]-b,a[1]-b,2*b,2*b);if(\"poly\"==b&&2\u003Ca.length){b=a[0];c=a[1];for(var e=b,d=c,f=2;f+1\u003Ca.length;f+=2)b=Math.min(b,a[f]),e=Math.max(e,a[f]),c=Math.min(c,a[f+1]),d=Math.max(d,a[f+1]);return new R(b,c,e-b,d-c)}return new R(0,0,0,0)}function Qa(a){a=V(a);return new Q(a.b,a.a+a.width,a.b+a.height,a.a)}\nfunction Pa(a){if(Ia){if(\"relative\"==T(a,\"position\"))return 1;a=T(a,\"filter\");return(a=a.match(/^alpha\\(opacity=(\\d*)\\)/)||a.match(/^progid:DXImageTransform.Microsoft.Alpha\\(Opacity=(\\d*)\\)/))?Number(a[1])/100:1}return Sa(a)}function Sa(a){var b=1,c=T(a,\"opacity\");c&&(b=Number(c));(a=S(a))&&(b*=Sa(a));return b};function Ta(a,b){function c(e){if(P(e)&&\"none\"==T(e,\"display\"))return!1;var d;if((d=e.parentNode)&&d.shadowRoot&&void 0!==e.assignedSlot)d=e.assignedSlot?e.assignedSlot.parentNode:null;else if(e.getDestinationInsertionPoints){var f=e.getDestinationInsertionPoints();0\u003Cf.length&&(d=f[f.length-1])}if(La&&d instanceof ShadowRoot){if(d.host.shadowRoot&&d.host.shadowRoot!==d)return!1;d=d.host}return!d||9!=d.nodeType&&11!=d.nodeType?d&&P(d,\"DETAILS\")&&!d.open&&!P(e,\"SUMMARY\")?!1:!!d&&c(d):!0}return U(a,\n!!b,c)}var X=[\"_\"],Y=g;X[0]in Y||\"undefined\"==typeof Y.execScript||Y.execScript(\"var \"+X[0]);for(var Z;X.length&&(Z=X.shift());)X.length||void 0===Ta?Y[Z]&&Y[Z]!==Object.prototype[Z]?Y=Y[Z]:Y=Y[Z]={}:Y[Z]=Ta;; return this._.apply(null,arguments);}).apply({navigator:typeof window!='undefined'?window.navigator:null,document:typeof window!='undefined'?window.document:null}, arguments);}).apply(null, arguments)"
}
[1762356517.489][INFO]: Waiting for pending navigations...
[1762356517.489][DEBUG]: DevTools WebSocket Command: Runtime.evaluate (id=222) (session_id=4DCB025D4F4ED801B3571B81546B2590) 63163AC2DBA8772733A5A69B0BB490D8 {
   "expression": "1"
}
[1762356517.489][DEBUG]: DevTools WebSocket Response: Runtime.evaluate (id=222) (session_id=4DCB025D4F4ED801B3571B81546B2590) 63163AC2DBA8772733A5A69B0BB490D8 {
   "result": {
      "description": "1",
      "type": "number",
      "value": 1
   }
}
[1762356517.489][INFO]: Done waiting for pending navigations. Status: ok
[1762356517.489][DEBUG]: DevTools WebSocket Command: Page.getFrameTree (id=223) (session_id=4DCB025D4F4ED801B3571B81546B2590) 63163AC2DBA8772733A5A69B0BB490D8 {
}
[1762356517.489][DEBUG]: DevTools WebSocket Response: Page.getFrameTree (id=223) (session_id=4DCB025D4F4ED801B3571B81546B2590) 63163AC2DBA8772733A5A69B0BB490D8 {
   "frameTree": {
      "frame": {
         "adFrameStatus": {
            "adFrameType": "none"
         },
         "crossOriginIsolatedContextType": "NotIsolated",
         "domainAndRegistry": "github.com",
         "gatedAPIFeatures": [  ],
         "id": "63163AC2DBA8772733A5A69B0BB490D8",
         "loaderId": "BC52F7741AFE59B6A079A84D9A41AFB1",
         "mimeType": "text/html",
         "secureContextType": "Secure",
         "securityOrigin": "https://github.com",
         "securityOriginDetails": {
            "isLocalhost": false
         },
         "url": "https://github.com/search?q=nightwatch&type=repositories"
      }
   }
}
[1762356517.489][DEBUG]: DevTools WebSocket Command: DOM.resolveNode (id=224) (session_id=4DCB025D4F4ED801B3571B81546B2590) 63163AC2DBA8772733A5A69B0BB490D8 {
   "backendNodeId": 60,
   "objectGroup": "b3b9eda0-d8f6-409e-b49d-aa28a17a0ccb"
}
[1762356517.490][DEBUG]: DevTools WebSocket Response: DOM.resolveNode (id=224) (session_id=4DCB025D4F4ED801B3571B81546B2590) 63163AC2DBA8772733A5A69B0BB490D8 {
   "object": {
      "className": "HTMLButtonElement",
      "description": "button.header-search-button.input-button.form-control.d-flex.flex-1.flex-self-stretch.flex-items-center.no-wrap.width-full.py-0.pl-2.pr-0.text-left.border-0.box-shadow-none",
      "objectId": "8779287950773027740.2.51",
      "subtype": "node",
      "type": "object"
   }
}
[1762356517.490][DEBUG]: DevTools WebSocket Command: Page.getFrameTree (id=225) (session_id=4DCB025D4F4ED801B3571B81546B2590) 63163AC2DBA8772733A5A69B0BB490D8 {
}
[1762356517.490][DEBUG]: DevTools WebSocket Response: Page.getFrameTree (id=225) (session_id=4DCB025D4F4ED801B3571B81546B2590) 63163AC2DBA8772733A5A69B0BB490D8 {
   "frameTree": {
      "frame": {
         "adFrameStatus": {
            "adFrameType": "none"
         },
         "crossOriginIsolatedContextType": "NotIsolated",
         "domainAndRegistry": "github.com",
         "gatedAPIFeatures": [  ],
         "id": "63163AC2DBA8772733A5A69B0BB490D8",
         "loaderId": "BC52F7741AFE59B6A079A84D9A41AFB1",
         "mimeType": "text/html",
         "secureContextType": "Secure",
         "securityOrigin": "https://github.com",
         "securityOriginDetails": {
            "isLocalhost": false
         },
         "url": "https://github.com/search?q=nightwatch&type=repositories"
      }
   }
}
[1762356517.490][DEBUG]: DevTools WebSocket Command: Runtime.callFunctionOn (id=226) (session_id=4DCB025D4F4ED801B3571B81546B2590) 63163AC2DBA8772733A5A69B0BB490D8 {
   "arguments": [ {
      "objectId": "8779287950773027740.2.51"
   } ],
   "awaitPromise": true,
   "functionDeclaration": "function(){ return (function() { // Copyright 2012 The Chromium Authors\n// Use of this source code is governed by a BSD-style license that can be\n// found in the LICENSE file.\n\n/**\n * Enum for WebD...",
   "objectGroup": "b3b9eda0-d8f6-409e-b49d-aa28a17a0ccb",
   "serializationOptions": {
      "serialization": "deep"
   },
   "uniqueContextId": "-8908945788913384037.-1572819235194483600"
}
[1762356517.492][DEBUG]: DevTools WebSocket Response: Runtime.callFunctionOn (id=226) (session_id=4DCB025D4F4ED801B3571B81546B2590) 63163AC2DBA8772733A5A69B0BB490D8 {
   "result": {
      "className": "Array",
      "deepSerializedValue": {
         "type": "array",
         "value": [ {
            "type": "string",
            "value": "{\"status\":0,\"value\":false}"
         } ]
      },
      "description": "Array(1)",
      "objectId": "8779287950773027740.2.52",
      "subtype": "array",
      "type": "object"
   }
}
[1762356517.492][DEBUG]: DevTools WebSocket Command: Runtime.releaseObjectGroup (id=227) (session_id=4DCB025D4F4ED801B3571B81546B2590) 63163AC2DBA8772733A5A69B0BB490D8 {
   "objectGroup": "b3b9eda0-d8f6-409e-b49d-aa28a17a0ccb"
}
[1762356517.492][INFO]: Waiting for pending navigations...
[1762356517.492][DEBUG]: DevTools WebSocket Command: Runtime.evaluate (id=228) (session_id=4DCB025D4F4ED801B3571B81546B2590) 63163AC2DBA8772733A5A69B0BB490D8 {
   "expression": "1"
}
[1762356517.492][DEBUG]: DevTools WebSocket Response: Runtime.releaseObjectGroup (id=227) (session_id=4DCB025D4F4ED801B3571B81546B2590) 63163AC2DBA8772733A5A69B0BB490D8 {
}
[1762356517.492][DEBUG]: DevTools WebSocket Response: Runtime.evaluate (id=228) (session_id=4DCB025D4F4ED801B3571B81546B2590) 63163AC2DBA8772733A5A69B0BB490D8 {
   "result": {
      "description": "1",
      "type": "number",
      "value": 1
   }
}
[1762356517.492][INFO]: Done waiting for pending navigations. Status: ok
[1762356517.492][INFO]: [5dd5ad9cb758ee0a51bcfe57cd02220c] RESPONSE ExecuteScript false
[67653:67675:1105/162837.626267:ERROR:google_apis/gcm/engine/registration_request.cc:292] Registration response error message: DEPRECATED_ENDPOINT
[67653:67675:1105/162837.776896:ERROR:google_apis/gcm/engine/mcs_client.cc:700]   Error code: 401  Error message: Authentication Failed: wrong_secret
[67653:67675:1105/162837.776910:ERROR:google_apis/gcm/engine/mcs_client.cc:702] Failed to log in to GCM, resetting connection.
[1762356517.994][INFO]: [5dd5ad9cb758ee0a51bcfe57cd02220c] COMMAND ExecuteScript {
   "args": [ {
      "ELEMENT": "f.63163AC2DBA8772733A5A69B0BB490D8.d.BC52F7741AFE59B6A079A84D9A41AFB1.e.60",
      "element-6066-11e4-a52e-4f735466cecf": "f.63163AC2DBA8772733A5A69B0BB490D8.d.BC52F7741AFE59B6A079A84D9A41AFB1.e.60"
   } ],
   "script": "/* isDisplayed */return (function(){return (function(){var g=this||self;\nfunction aa(a){var b=typeof a;if(\"object\"==b)if(a){if(a instanceof Array)return\"array\";if(a instanceof Object)return b;var c=Object.prototype.toString.call(a);if(\"[object Window]\"==c)return\"object\";if(\"[object Array]\"==c||\"number\"==typeof a.length&&\"undefined\"!=typeof a.splice&&\"undefined\"!=typeof a.propertyIsEnumerable&&!a.propertyIsEnumerable(\"splice\"))return\"array\";if(\"[object Function]\"==c||\"undefined\"!=typeof a.call&&\"undefined\"!=typeof a.propertyIsEnumerable&&!a.propertyIsEnumerable(\"call\"))return\"function\"}else return\"null\";else if(\"function\"==\nb&&\"undefined\"==typeof a.call)return\"object\";return b}function ca(a,b){function c(){}c.prototype=b.prototype;a.prototype=new c;a.prototype.constructor=a};var da=Array.prototype.indexOf?function(a,b){return Array.prototype.indexOf.call(a,b,void 0)}:function(a,b){if(\"string\"===typeof a)return\"string\"!==typeof b||1!=b.length?-1:a.indexOf(b,0);for(var c=0;c\u003Ca.length;c++)if(c in a&&a[c]===b)return c;return-1},ea=Array.prototype.some?function(a,b){return Array.prototype.some.call(a,b,void 0)}:function(a,b){for(var c=a.length,e=\"string\"===typeof a?a.split(\"\"):a,d=0;d\u003Cc;d++)if(d in e&&b.call(void 0,e[d],d,a))return!0;return!1},fa=Array.prototype.every?function(a,\nb){return Array.prototype.every.call(a,b,void 0)}:function(a,b){for(var c=a.length,e=\"string\"===typeof a?a.split(\"\"):a,d=0;d\u003Cc;d++)if(d in e&&!b.call(void 0,e[d],d,a))return!1;return!0};var ha={aliceblue:\"#f0f8ff\",antiquewhite:\"#faebd7\",aqua:\"#00ffff\",aquamarine:\"#7fffd4\",azure:\"#f0ffff\",beige:\"#f5f5dc\",bisque:\"#ffe4c4\",black:\"#000000\",blanchedalmond:\"#ffebcd\",blue:\"#0000ff\",blueviolet:\"#8a2be2\",brown:\"#a52a2a\",burlywood:\"#deb887\",cadetblue:\"#5f9ea0\",chartreuse:\"#7fff00\",chocolate:\"#d2691e\",coral:\"#ff7f50\",cornflowerblue:\"#6495ed\",cornsilk:\"#fff8dc\",crimson:\"#dc143c\",cyan:\"#00ffff\",darkblue:\"#00008b\",darkcyan:\"#008b8b\",darkgoldenrod:\"#b8860b\",darkgray:\"#a9a9a9\",darkgreen:\"#006400\",\ndarkgrey:\"#a9a9a9\",darkkhaki:\"#bdb76b\",darkmagenta:\"#8b008b\",darkolivegreen:\"#556b2f\",darkorange:\"#ff8c00\",darkorchid:\"#9932cc\",darkred:\"#8b0000\",darksalmon:\"#e9967a\",darkseagreen:\"#8fbc8f\",darkslateblue:\"#483d8b\",darkslategray:\"#2f4f4f\",darkslategrey:\"#2f4f4f\",darkturquoise:\"#00ced1\",darkviolet:\"#9400d3\",deeppink:\"#ff1493\",deepskyblue:\"#00bfff\",dimgray:\"#696969\",dimgrey:\"#696969\",dodgerblue:\"#1e90ff\",firebrick:\"#b22222\",floralwhite:\"#fffaf0\",forestgreen:\"#228b22\",fuchsia:\"#ff00ff\",gainsboro:\"#dcdcdc\",\nghostwhite:\"#f8f8ff\",gold:\"#ffd700\",goldenrod:\"#daa520\",gray:\"#808080\",green:\"#008000\",greenyellow:\"#adff2f\",grey:\"#808080\",honeydew:\"#f0fff0\",hotpink:\"#ff69b4\",indianred:\"#cd5c5c\",indigo:\"#4b0082\",ivory:\"#fffff0\",khaki:\"#f0e68c\",lavender:\"#e6e6fa\",lavenderblush:\"#fff0f5\",lawngreen:\"#7cfc00\",lemonchiffon:\"#fffacd\",lightblue:\"#add8e6\",lightcoral:\"#f08080\",lightcyan:\"#e0ffff\",lightgoldenrodyellow:\"#fafad2\",lightgray:\"#d3d3d3\",lightgreen:\"#90ee90\",lightgrey:\"#d3d3d3\",lightpink:\"#ffb6c1\",lightsalmon:\"#ffa07a\",\nlightseagreen:\"#20b2aa\",lightskyblue:\"#87cefa\",lightslategray:\"#778899\",lightslategrey:\"#778899\",lightsteelblue:\"#b0c4de\",lightyellow:\"#ffffe0\",lime:\"#00ff00\",limegreen:\"#32cd32\",linen:\"#faf0e6\",magenta:\"#ff00ff\",maroon:\"#800000\",mediumaquamarine:\"#66cdaa\",mediumblue:\"#0000cd\",mediumorchid:\"#ba55d3\",mediumpurple:\"#9370db\",mediumseagreen:\"#3cb371\",mediumslateblue:\"#7b68ee\",mediumspringgreen:\"#00fa9a\",mediumturquoise:\"#48d1cc\",mediumvioletred:\"#c71585\",midnightblue:\"#191970\",mintcream:\"#f5fffa\",mistyrose:\"#ffe4e1\",\nmoccasin:\"#ffe4b5\",navajowhite:\"#ffdead\",navy:\"#000080\",oldlace:\"#fdf5e6\",olive:\"#808000\",olivedrab:\"#6b8e23\",orange:\"#ffa500\",orangered:\"#ff4500\",orchid:\"#da70d6\",palegoldenrod:\"#eee8aa\",palegreen:\"#98fb98\",paleturquoise:\"#afeeee\",palevioletred:\"#db7093\",papayawhip:\"#ffefd5\",peachpuff:\"#ffdab9\",peru:\"#cd853f\",pink:\"#ffc0cb\",plum:\"#dda0dd\",powderblue:\"#b0e0e6\",purple:\"#800080\",red:\"#ff0000\",rosybrown:\"#bc8f8f\",royalblue:\"#4169e1\",saddlebrown:\"#8b4513\",salmon:\"#fa8072\",sandybrown:\"#f4a460\",seagreen:\"#2e8b57\",\nseashell:\"#fff5ee\",sienna:\"#a0522d\",silver:\"#c0c0c0\",skyblue:\"#87ceeb\",slateblue:\"#6a5acd\",slategray:\"#708090\",slategrey:\"#708090\",snow:\"#fffafa\",springgreen:\"#00ff7f\",steelblue:\"#4682b4\",tan:\"#d2b48c\",teal:\"#008080\",thistle:\"#d8bfd8\",tomato:\"#ff6347\",turquoise:\"#40e0d0\",violet:\"#ee82ee\",wheat:\"#f5deb3\",white:\"#ffffff\",whitesmoke:\"#f5f5f5\",yellow:\"#ffff00\",yellowgreen:\"#9acd32\"};var ia=\"backgroundColor borderTopColor borderRightColor borderBottomColor borderLeftColor color outlineColor\".split(\" \"),ja=/#([0-9a-fA-F])([0-9a-fA-F])([0-9a-fA-F])/,ka=/^#(?:[0-9a-f]{3}){1,2}$/i,la=/^(?:rgba)?\\((\\d{1,3}),\\s?(\\d{1,3}),\\s?(\\d{1,3}),\\s?(0|1|0\\.\\d*)\\)$/i,ma=/^(?:rgb)?\\((0|[1-9]\\d{0,2}),\\s?(0|[1-9]\\d{0,2}),\\s?(0|[1-9]\\d{0,2})\\)$/i;function m(a,b){this.code=a;this.a=p[a]||r;this.message=b||\"\";a=this.a.replace(/((?:^|\\s+)[a-z])/g,function(c){return c.toUpperCase().replace(/^[\\s\\xa0]+/g,\"\")});b=a.length-5;if(0>b||a.indexOf(\"Error\",b)!=b)a+=\"Error\";this.name=a;a=Error(this.message);a.name=this.name;this.stack=a.stack||\"\"}ca(m,Error);var r=\"unknown error\",p={15:\"element not selectable\",11:\"element not visible\"};p[31]=r;p[30]=r;p[24]=\"invalid cookie domain\";p[29]=\"invalid element coordinates\";p[12]=\"invalid element state\";\np[32]=\"invalid selector\";p[51]=\"invalid selector\";p[52]=\"invalid selector\";p[17]=\"javascript error\";p[405]=\"unsupported operation\";p[34]=\"move target out of bounds\";p[27]=\"no such alert\";p[7]=\"no such element\";p[8]=\"no such frame\";p[23]=\"no such window\";p[28]=\"script timeout\";p[33]=\"session not created\";p[10]=\"stale element reference\";p[21]=\"timeout\";p[25]=\"unable to set cookie\";p[26]=\"unexpected alert open\";p[13]=r;p[9]=\"unknown command\";var u=String.prototype.trim?function(a){return a.trim()}:function(a){return/^[\\s\\xa0]*([\\s\\S]*?)[\\s\\xa0]*$/.exec(a)[1]};\nfunction na(a,b){var c=0;a=u(String(a)).split(\".\");b=u(String(b)).split(\".\");for(var e=Math.max(a.length,b.length),d=0;0==c&&d\u003Ce;d++){var f=a[d]||\"\",h=b[d]||\"\";do{f=/(\\d*)(\\D*)(.*)/.exec(f)||[\"\",\"\",\"\",\"\"];h=/(\\d*)(\\D*)(.*)/.exec(h)||[\"\",\"\",\"\",\"\"];if(0==f[0].length&&0==h[0].length)break;c=v(0==f[1].length?0:parseInt(f[1],10),0==h[1].length?0:parseInt(h[1],10))||v(0==f[2].length,0==h[2].length)||v(f[2],h[2]);f=f[3];h=h[3]}while(0==c)}return c}function v(a,b){return a\u003Cb?-1:a>b?1:0};var w;a:{var oa=g.navigator;if(oa){var sa=oa.userAgent;if(sa){w=sa;break a}}w=\"\"}function x(a){return-1!=w.indexOf(a)};function y(){return x(\"Firefox\")||x(\"FxiOS\")}function A(){return(x(\"Chrome\")||x(\"CriOS\"))&&!x(\"Edge\")};function ta(a){return String(a).replace(/\\-([a-z])/g,function(b,c){return c.toUpperCase()})};function B(){return x(\"iPhone\")&&!x(\"iPod\")&&!x(\"iPad\")};function ua(a,b){var c=va;return Object.prototype.hasOwnProperty.call(c,a)?c[a]:c[a]=b(a)};var wa=x(\"Opera\"),C=x(\"Trident\")||x(\"MSIE\"),xa=x(\"Edge\"),ya=x(\"Gecko\")&&!(-1!=w.toLowerCase().indexOf(\"webkit\")&&!x(\"Edge\"))&&!(x(\"Trident\")||x(\"MSIE\"))&&!x(\"Edge\"),za=-1!=w.toLowerCase().indexOf(\"webkit\")&&!x(\"Edge\");function Aa(){var a=g.document;return a?a.documentMode:void 0}var E;\na:{var F=\"\",G=function(){var a=w;if(ya)return/rv:([^\\);]+)(\\)|;)/.exec(a);if(xa)return/Edge\\/([\\d\\.]+)/.exec(a);if(C)return/\\b(?:MSIE|rv)[: ]([^\\);]+)(\\)|;)/.exec(a);if(za)return/WebKit\\/(\\S+)/.exec(a);if(wa)return/(?:Version)[ \\/]?(\\S+)/.exec(a)}();G&&(F=G?G[1]:\"\");if(C){var H=Aa();if(null!=H&&H>parseFloat(F)){E=String(H);break a}}E=F}var va={};function Ba(a){return ua(a,function(){return 0\u003C=na(E,a)})}var I;I=g.document&&C?Aa():void 0;var Ca=y(),Da=B()||x(\"iPod\"),Ea=x(\"iPad\"),Fa=x(\"Android\")&&!(A()||y()||x(\"Opera\")||x(\"Silk\")),Ga=A(),Ha=x(\"Safari\")&&!(A()||x(\"Coast\")||x(\"Opera\")||x(\"Edge\")||x(\"Edg/\")||x(\"OPR\")||y()||x(\"Silk\")||x(\"Android\"))&&!(B()||x(\"iPad\")||x(\"iPod\"));function J(a){return(a=a.exec(w))?a[1]:\"\"}(function(){if(Ca)return J(/Firefox\\/([0-9.]+)/);if(C||xa||wa)return E;if(Ga)return B()||x(\"iPad\")||x(\"iPod\")?J(/CriOS\\/([0-9.]+)/):J(/Chrome\\/([0-9.]+)/);if(Ha&&!(B()||x(\"iPad\")||x(\"iPod\")))return J(/Version\\/([0-9.]+)/);if(Da||Ea){var a=/Version\\/(\\S+).*Mobile\\/(\\S+)/.exec(w);if(a)return a[1]+\".\"+a[2]}else if(Fa)return(a=J(/Android\\s+([0-9.]+)/))?a:J(/Version\\/([0-9.]+)/);return\"\"})();var K;if(K=C)K=!(9\u003C=Number(I));var Ia=K;function L(a,b){this.x=void 0!==a?a:0;this.y=void 0!==b?b:0}L.prototype.ceil=function(){this.x=Math.ceil(this.x);this.y=Math.ceil(this.y);return this};L.prototype.floor=function(){this.x=Math.floor(this.x);this.y=Math.floor(this.y);return this};L.prototype.round=function(){this.x=Math.round(this.x);this.y=Math.round(this.y);return this};function M(a,b){this.width=a;this.height=b}M.prototype.aspectRatio=function(){return this.width/this.height};M.prototype.ceil=function(){this.width=Math.ceil(this.width);this.height=Math.ceil(this.height);return this};M.prototype.floor=function(){this.width=Math.floor(this.width);this.height=Math.floor(this.height);return this};M.prototype.round=function(){this.width=Math.round(this.width);this.height=Math.round(this.height);return this};function N(a){return 9==a.nodeType?a:a.ownerDocument||a.document}function Ja(a,b){a&&(a=a.parentNode);for(var c=0;a;){if(b(a))return a;a=a.parentNode;c++}return null}function Ka(a){this.a=a||g.document||document};function P(a,b){b&&\"string\"!==typeof b&&(b=b.toString());return a instanceof HTMLFormElement?!!a&&1==a.nodeType&&(!b||\"FORM\"==b):!!a&&1==a.nodeType&&(!b||a.tagName.toUpperCase()==b)};function Q(a,b,c,e){this.f=a;this.a=b;this.b=c;this.c=e}Q.prototype.ceil=function(){this.f=Math.ceil(this.f);this.a=Math.ceil(this.a);this.b=Math.ceil(this.b);this.c=Math.ceil(this.c);return this};Q.prototype.floor=function(){this.f=Math.floor(this.f);this.a=Math.floor(this.a);this.b=Math.floor(this.b);this.c=Math.floor(this.c);return this};Q.prototype.round=function(){this.f=Math.round(this.f);this.a=Math.round(this.a);this.b=Math.round(this.b);this.c=Math.round(this.c);return this};function R(a,b,c,e){this.a=a;this.b=b;this.width=c;this.height=e}R.prototype.ceil=function(){this.a=Math.ceil(this.a);this.b=Math.ceil(this.b);this.width=Math.ceil(this.width);this.height=Math.ceil(this.height);return this};R.prototype.floor=function(){this.a=Math.floor(this.a);this.b=Math.floor(this.b);this.width=Math.floor(this.width);this.height=Math.floor(this.height);return this};\nR.prototype.round=function(){this.a=Math.round(this.a);this.b=Math.round(this.b);this.width=Math.round(this.width);this.height=Math.round(this.height);return this};var La=\"function\"===typeof ShadowRoot;function S(a){for(a=a.parentNode;a&&1!=a.nodeType&&9!=a.nodeType&&11!=a.nodeType;)a=a.parentNode;return P(a)?a:null}\nfunction T(a,b){b=ta(b);if(\"float\"==b||\"cssFloat\"==b||\"styleFloat\"==b)b=Ia?\"styleFloat\":\"cssFloat\";a:{var c=b;var e=N(a);if(e.defaultView&&e.defaultView.getComputedStyle&&(e=e.defaultView.getComputedStyle(a,null))){c=e[c]||e.getPropertyValue(c)||\"\";break a}c=\"\"}a=c||Ma(a,b);if(null===a)a=null;else if(0\u003C=da(ia,b)){b:{var d=a.match(la);if(d&&(b=Number(d[1]),c=Number(d[2]),e=Number(d[3]),d=Number(d[4]),0\u003C=b&&255>=b&&0\u003C=c&&255>=c&&0\u003C=e&&255>=e&&0\u003C=d&&1>=d)){b=[b,c,e,d];break b}b=null}if(!b)b:{if(e=a.match(ma))if(b=\nNumber(e[1]),c=Number(e[2]),e=Number(e[3]),0\u003C=b&&255>=b&&0\u003C=c&&255>=c&&0\u003C=e&&255>=e){b=[b,c,e,1];break b}b=null}if(!b)b:{b=a.toLowerCase();c=ha[b.toLowerCase()];if(!c&&(c=\"#\"==b.charAt(0)?b:\"#\"+b,4==c.length&&(c=c.replace(ja,\"#$1$1$2$2$3$3\")),!ka.test(c))){b=null;break b}b=[parseInt(c.substr(1,2),16),parseInt(c.substr(3,2),16),parseInt(c.substr(5,2),16),1]}a=b?\"rgba(\"+b.join(\", \")+\")\":a}return a}\nfunction Ma(a,b){var c=a.currentStyle||a.style,e=c[b];void 0===e&&\"function\"==aa(c.getPropertyValue)&&(e=c.getPropertyValue(b));return\"inherit\"!=e?void 0!==e?e:null:(a=S(a))?Ma(a,b):null}\nfunction U(a,b,c){function e(h){var n=V(h);return 0\u003Cn.height&&0\u003Cn.width?!0:P(h,\"PATH\")&&(0\u003Cn.height||0\u003Cn.width)?(h=T(h,\"stroke-width\"),!!h&&0\u003CparseInt(h,10)):\"hidden\"!=T(h,\"overflow\")&&ea(h.childNodes,function(D){return 3==D.nodeType||P(D)&&e(D)})}function d(h){return Na(h)==W&&fa(h.childNodes,function(n){return!P(n)||d(n)||!e(n)})}if(!P(a))throw Error(\"Argument to isShown must be of type Element\");if(P(a,\"BODY\"))return!0;if(P(a,\"OPTION\")||P(a,\"OPTGROUP\"))return a=Ja(a,function(h){return P(h,\"SELECT\")}),\n!!a&&U(a,!0,c);var f=Oa(a);if(f)return!!f.image&&0\u003Cf.rect.width&&0\u003Cf.rect.height&&U(f.image,b,c);if(P(a,\"INPUT\")&&\"hidden\"==a.type.toLowerCase()||P(a,\"NOSCRIPT\"))return!1;f=T(a,\"visibility\");return\"collapse\"!=f&&\"hidden\"!=f&&c(a)&&(b||0!=Pa(a))&&e(a)?!d(a):!1}var W=\"hidden\";\nfunction Na(a){function b(k){function l(ba){if(ba==h)return!0;var pa=T(ba,\"display\");return 0==pa.lastIndexOf(\"inline\",0)||\"contents\"==pa||\"absolute\"==qa&&\"static\"==T(ba,\"position\")?!1:!0}var qa=T(k,\"position\");if(\"fixed\"==qa)return ra=!0,k==h?null:h;for(k=S(k);k&&!l(k);)k=S(k);return k}function c(k){var l=k;if(\"visible\"==D)if(k==h&&n)l=n;else if(k==n)return{x:\"visible\",y:\"visible\"};l={x:T(l,\"overflow-x\"),y:T(l,\"overflow-y\")};k==h&&(l.x=\"visible\"==l.x?\"auto\":l.x,l.y=\"visible\"==l.y?\"auto\":l.y);return l}\nfunction e(k){if(k==h){var l=(new Ka(f)).a;k=l.scrollingElement?l.scrollingElement:za||\"CSS1Compat\"!=l.compatMode?l.body||l.documentElement:l.documentElement;l=l.parentWindow||l.defaultView;k=C&&Ba(\"10\")&&l.pageYOffset!=k.scrollTop?new L(k.scrollLeft,k.scrollTop):new L(l.pageXOffset||k.scrollLeft,l.pageYOffset||k.scrollTop)}else k=new L(k.scrollLeft,k.scrollTop);return k}var d=Qa(a),f=N(a),h=f.documentElement,n=f.body,D=T(h,\"overflow\"),ra;for(a=b(a);a;a=b(a)){var q=c(a);if(\"visible\"!=q.x||\"visible\"!=\nq.y){var t=V(a);if(0==t.width||0==t.height)return W;var z=d.a\u003Ct.a,O=d.b\u003Ct.b;if(z&&\"hidden\"==q.x||O&&\"hidden\"==q.y)return W;if(z&&\"visible\"!=q.x||O&&\"visible\"!=q.y){z=e(a);O=d.b\u003Ct.b-z.y;if(d.a\u003Ct.a-z.x&&\"visible\"!=q.x||O&&\"visible\"!=q.x)return W;d=Na(a);return d==W?W:\"scroll\"}z=d.c>=t.a+t.width;t=d.f>=t.b+t.height;if(z&&\"hidden\"==q.x||t&&\"hidden\"==q.y)return W;if(z&&\"visible\"!=q.x||t&&\"visible\"!=q.y){if(ra&&(q=e(a),d.c>=h.scrollWidth-q.x||d.a>=h.scrollHeight-q.y))return W;d=Na(a);return d==W?W:\"scroll\"}}}return\"none\"}\nfunction V(a){var b=Oa(a);if(b)return b.rect;if(P(a,\"HTML\"))return a=N(a),a=((a?a.parentWindow||a.defaultView:window)||window).document,a=\"CSS1Compat\"==a.compatMode?a.documentElement:a.body,a=new M(a.clientWidth,a.clientHeight),new R(0,0,a.width,a.height);try{var c=a.getBoundingClientRect()}catch(e){return new R(0,0,0,0)}b=new R(c.left,c.top,c.right-c.left,c.bottom-c.top);C&&a.ownerDocument.body&&(a=N(a),b.a-=a.documentElement.clientLeft+a.body.clientLeft,b.b-=a.documentElement.clientTop+a.body.clientTop);\nreturn b}\nfunction Oa(a){var b=P(a,\"MAP\");if(!b&&!P(a,\"AREA\"))return null;var c=b?a:P(a.parentNode,\"MAP\")?a.parentNode:null,e=null,d=null;if(c&&c.name){e='*[usemap=\"#'+c.name+'\"]';c=N(c);var f;if(f=\"function\"!=aa(c.querySelector)&&C&&(C?0\u003C=na(I,8):Ba(8))){f=c.querySelector;var h=typeof f;f=!(\"object\"==h&&null!=f||\"function\"==h)}if(f)throw Error(\"CSS selection is not supported\");if(!e)throw new m(32,\"No selector specified\");e=u(e);try{var n=c.querySelector(e)}catch(D){throw new m(32,\"An invalid or illegal selector was specified\");}if(e=\nn&&1==n.nodeType?n:null)d=V(e),b||\"default\"==a.shape.toLowerCase()||(a=Ra(a),b=Math.min(Math.max(a.a,0),d.width),n=Math.min(Math.max(a.b,0),d.height),d=new R(b+d.a,n+d.b,Math.min(a.width,d.width-b),Math.min(a.height,d.height-n)))}return{image:e,rect:d||new R(0,0,0,0)}}\nfunction Ra(a){var b=a.shape.toLowerCase();a=a.coords.split(\",\");if(\"rect\"==b&&4==a.length){b=a[0];var c=a[1];return new R(b,c,a[2]-b,a[3]-c)}if(\"circle\"==b&&3==a.length)return b=a[2],new R(a[0]-b,a[1]-b,2*b,2*b);if(\"poly\"==b&&2\u003Ca.length){b=a[0];c=a[1];for(var e=b,d=c,f=2;f+1\u003Ca.length;f+=2)b=Math.min(b,a[f]),e=Math.max(e,a[f]),c=Math.min(c,a[f+1]),d=Math.max(d,a[f+1]);return new R(b,c,e-b,d-c)}return new R(0,0,0,0)}function Qa(a){a=V(a);return new Q(a.b,a.a+a.width,a.b+a.height,a.a)}\nfunction Pa(a){if(Ia){if(\"relative\"==T(a,\"position\"))return 1;a=T(a,\"filter\");return(a=a.match(/^alpha\\(opacity=(\\d*)\\)/)||a.match(/^progid:DXImageTransform.Microsoft.Alpha\\(Opacity=(\\d*)\\)/))?Number(a[1])/100:1}return Sa(a)}function Sa(a){var b=1,c=T(a,\"opacity\");c&&(b=Number(c));(a=S(a))&&(b*=Sa(a));return b};function Ta(a,b){function c(e){if(P(e)&&\"none\"==T(e,\"display\"))return!1;var d;if((d=e.parentNode)&&d.shadowRoot&&void 0!==e.assignedSlot)d=e.assignedSlot?e.assignedSlot.parentNode:null;else if(e.getDestinationInsertionPoints){var f=e.getDestinationInsertionPoints();0\u003Cf.length&&(d=f[f.length-1])}if(La&&d instanceof ShadowRoot){if(d.host.shadowRoot&&d.host.shadowRoot!==d)return!1;d=d.host}return!d||9!=d.nodeType&&11!=d.nodeType?d&&P(d,\"DETAILS\")&&!d.open&&!P(e,\"SUMMARY\")?!1:!!d&&c(d):!0}return U(a,\n!!b,c)}var X=[\"_\"],Y=g;X[0]in Y||\"undefined\"==typeof Y.execScript||Y.execScript(\"var \"+X[0]);for(var Z;X.length&&(Z=X.shift());)X.length||void 0===Ta?Y[Z]&&Y[Z]!==Object.prototype[Z]?Y=Y[Z]:Y=Y[Z]={}:Y[Z]=Ta;; return this._.apply(null,arguments);}).apply({navigator:typeof window!='undefined'?window.navigator:null,document:typeof window!='undefined'?window.document:null}, arguments);}).apply(null, arguments)"
}
[1762356517.994][INFO]: Waiting for pending navigations...
[1762356517.994][DEBUG]: DevTools WebSocket Command: Runtime.evaluate (id=229) (session_id=4DCB025D4F4ED801B3571B81546B2590) 63163AC2DBA8772733A5A69B0BB490D8 {
   "expression": "1"
}
[1762356517.994][DEBUG]: DevTools WebSocket Response: Runtime.evaluate (id=229) (session_id=4DCB025D4F4ED801B3571B81546B2590) 63163AC2DBA8772733A5A69B0BB490D8 {
   "result": {
      "description": "1",
      "type": "number",
      "value": 1
   }
}
[1762356517.994][INFO]: Done waiting for pending navigations. Status: ok
[1762356517.994][DEBUG]: DevTools WebSocket Command: Page.getFrameTree (id=230) (session_id=4DCB025D4F4ED801B3571B81546B2590) 63163AC2DBA8772733A5A69B0BB490D8 {
}
[1762356517.995][DEBUG]: DevTools WebSocket Response: Page.getFrameTree (id=230) (session_id=4DCB025D4F4ED801B3571B81546B2590) 63163AC2DBA8772733A5A69B0BB490D8 {
   "frameTree": {
      "frame": {
         "adFrameStatus": {
            "adFrameType": "none"
         },
         "crossOriginIsolatedContextType": "NotIsolated",
         "domainAndRegistry": "github.com",
         "gatedAPIFeatures": [  ],
         "id": "63163AC2DBA8772733A5A69B0BB490D8",
         "loaderId": "BC52F7741AFE59B6A079A84D9A41AFB1",
         "mimeType": "text/html",
         "secureContextType": "Secure",
         "securityOrigin": "https://github.com",
         "securityOriginDetails": {
            "isLocalhost": false
         },
         "url": "https://github.com/search?q=nightwatch&type=repositories"
      }
   }
}
[1762356517.995][DEBUG]: DevTools WebSocket Command: DOM.resolveNode (id=231) (session_id=4DCB025D4F4ED801B3571B81546B2590) 63163AC2DBA8772733A5A69B0BB490D8 {
   "backendNodeId": 60,
   "objectGroup": "7335146e-68fa-44ce-a2cf-750acb2a97b2"
}
[1762356517.995][DEBUG]: DevTools WebSocket Response: DOM.resolveNode (id=231) (session_id=4DCB025D4F4ED801B3571B81546B2590) 63163AC2DBA8772733A5A69B0BB490D8 {
   "object": {
      "className": "HTMLButtonElement",
      "description": "button.header-search-button.input-button.form-control.d-flex.flex-1.flex-self-stretch.flex-items-center.no-wrap.width-full.py-0.pl-2.pr-0.text-left.border-0.box-shadow-none",
      "objectId": "8779287950773027740.2.53",
      "subtype": "node",
      "type": "object"
   }
}
[1762356517.995][DEBUG]: DevTools WebSocket Command: Page.getFrameTree (id=232) (session_id=4DCB025D4F4ED801B3571B81546B2590) 63163AC2DBA8772733A5A69B0BB490D8 {
}
[1762356517.995][DEBUG]: DevTools WebSocket Response: Page.getFrameTree (id=232) (session_id=4DCB025D4F4ED801B3571B81546B2590) 63163AC2DBA8772733A5A69B0BB490D8 {
   "frameTree": {
      "frame": {
         "adFrameStatus": {
            "adFrameType": "none"
         },
         "crossOriginIsolatedContextType": "NotIsolated",
         "domainAndRegistry": "github.com",
         "gatedAPIFeatures": [  ],
         "id": "63163AC2DBA8772733A5A69B0BB490D8",
         "loaderId": "BC52F7741AFE59B6A079A84D9A41AFB1",
         "mimeType": "text/html",
         "secureContextType": "Secure",
         "securityOrigin": "https://github.com",
         "securityOriginDetails": {
            "isLocalhost": false
         },
         "url": "https://github.com/search?q=nightwatch&type=repositories"
      }
   }
}
[1762356517.996][DEBUG]: DevTools WebSocket Command: Runtime.callFunctionOn (id=233) (session_id=4DCB025D4F4ED801B3571B81546B2590) 63163AC2DBA8772733A5A69B0BB490D8 {
   "arguments": [ {
      "objectId": "8779287950773027740.2.53"
   } ],
   "awaitPromise": true,
   "functionDeclaration": "function(){ return (function() { // Copyright 2012 The Chromium Authors\n// Use of this source code is governed by a BSD-style license that can be\n// found in the LICENSE file.\n\n/**\n * Enum for WebD...",
   "objectGroup": "7335146e-68fa-44ce-a2cf-750acb2a97b2",
   "serializationOptions": {
      "serialization": "deep"
   },
   "uniqueContextId": "-8908945788913384037.-1572819235194483600"
}
[1762356517.997][DEBUG]: DevTools WebSocket Response: Runtime.callFunctionOn (id=233) (session_id=4DCB025D4F4ED801B3571B81546B2590) 63163AC2DBA8772733A5A69B0BB490D8 {
   "result": {
      "className": "Array",
      "deepSerializedValue": {
         "type": "array",
         "value": [ {
            "type": "string",
            "value": "{\"status\":0,\"value\":false}"
         } ]
      },
      "description": "Array(1)",
      "objectId": "8779287950773027740.2.54",
      "subtype": "array",
      "type": "object"
   }
}
[1762356517.997][DEBUG]: DevTools WebSocket Command: Runtime.releaseObjectGroup (id=234) (session_id=4DCB025D4F4ED801B3571B81546B2590) 63163AC2DBA8772733A5A69B0BB490D8 {
   "objectGroup": "7335146e-68fa-44ce-a2cf-750acb2a97b2"
}
[1762356517.997][INFO]: Waiting for pending navigations...
[1762356517.997][DEBUG]: DevTools WebSocket Command: Runtime.evaluate (id=235) (session_id=4DCB025D4F4ED801B3571B81546B2590) 63163AC2DBA8772733A5A69B0BB490D8 {
   "expression": "1"
}
[1762356517.997][DEBUG]: DevTools WebSocket Response: Runtime.releaseObjectGroup (id=234) (session_id=4DCB025D4F4ED801B3571B81546B2590) 63163AC2DBA8772733A5A69B0BB490D8 {
}
[1762356517.997][DEBUG]: DevTools WebSocket Response: Runtime.evaluate (id=235) (session_id=4DCB025D4F4ED801B3571B81546B2590) 63163AC2DBA8772733A5A69B0BB490D8 {
   "result": {
      "description": "1",
      "type": "number",
      "value": 1
   }
}
[1762356517.998][INFO]: Done waiting for pending navigations. Status: ok
[1762356517.998][INFO]: [5dd5ad9cb758ee0a51bcfe57cd02220c] RESPONSE ExecuteScript false
[1762356518.500][INFO]: [5dd5ad9cb758ee0a51bcfe57cd02220c] COMMAND ExecuteScript {
   "args": [ {
      "ELEMENT": "f.63163AC2DBA8772733A5A69B0BB490D8.d.BC52F7741AFE59B6A079A84D9A41AFB1.e.60",
      "element-6066-11e4-a52e-4f735466cecf": "f.63163AC2DBA8772733A5A69B0BB490D8.d.BC52F7741AFE59B6A079A84D9A41AFB1.e.60"
   } ],
   "script": "/* isDisplayed */return (function(){return (function(){var g=this||self;\nfunction aa(a){var b=typeof a;if(\"object\"==b)if(a){if(a instanceof Array)return\"array\";if(a instanceof Object)return b;var c=Object.prototype.toString.call(a);if(\"[object Window]\"==c)return\"object\";if(\"[object Array]\"==c||\"number\"==typeof a.length&&\"undefined\"!=typeof a.splice&&\"undefined\"!=typeof a.propertyIsEnumerable&&!a.propertyIsEnumerable(\"splice\"))return\"array\";if(\"[object Function]\"==c||\"undefined\"!=typeof a.call&&\"undefined\"!=typeof a.propertyIsEnumerable&&!a.propertyIsEnumerable(\"call\"))return\"function\"}else return\"null\";else if(\"function\"==\nb&&\"undefined\"==typeof a.call)return\"object\";return b}function ca(a,b){function c(){}c.prototype=b.prototype;a.prototype=new c;a.prototype.constructor=a};var da=Array.prototype.indexOf?function(a,b){return Array.prototype.indexOf.call(a,b,void 0)}:function(a,b){if(\"string\"===typeof a)return\"string\"!==typeof b||1!=b.length?-1:a.indexOf(b,0);for(var c=0;c\u003Ca.length;c++)if(c in a&&a[c]===b)return c;return-1},ea=Array.prototype.some?function(a,b){return Array.prototype.some.call(a,b,void 0)}:function(a,b){for(var c=a.length,e=\"string\"===typeof a?a.split(\"\"):a,d=0;d\u003Cc;d++)if(d in e&&b.call(void 0,e[d],d,a))return!0;return!1},fa=Array.prototype.every?function(a,\nb){return Array.prototype.every.call(a,b,void 0)}:function(a,b){for(var c=a.length,e=\"string\"===typeof a?a.split(\"\"):a,d=0;d\u003Cc;d++)if(d in e&&!b.call(void 0,e[d],d,a))return!1;return!0};var ha={aliceblue:\"#f0f8ff\",antiquewhite:\"#faebd7\",aqua:\"#00ffff\",aquamarine:\"#7fffd4\",azure:\"#f0ffff\",beige:\"#f5f5dc\",bisque:\"#ffe4c4\",black:\"#000000\",blanchedalmond:\"#ffebcd\",blue:\"#0000ff\",blueviolet:\"#8a2be2\",brown:\"#a52a2a\",burlywood:\"#deb887\",cadetblue:\"#5f9ea0\",chartreuse:\"#7fff00\",chocolate:\"#d2691e\",coral:\"#ff7f50\",cornflowerblue:\"#6495ed\",cornsilk:\"#fff8dc\",crimson:\"#dc143c\",cyan:\"#00ffff\",darkblue:\"#00008b\",darkcyan:\"#008b8b\",darkgoldenrod:\"#b8860b\",darkgray:\"#a9a9a9\",darkgreen:\"#006400\",\ndarkgrey:\"#a9a9a9\",darkkhaki:\"#bdb76b\",darkmagenta:\"#8b008b\",darkolivegreen:\"#556b2f\",darkorange:\"#ff8c00\",darkorchid:\"#9932cc\",darkred:\"#8b0000\",darksalmon:\"#e9967a\",darkseagreen:\"#8fbc8f\",darkslateblue:\"#483d8b\",darkslategray:\"#2f4f4f\",darkslategrey:\"#2f4f4f\",darkturquoise:\"#00ced1\",darkviolet:\"#9400d3\",deeppink:\"#ff1493\",deepskyblue:\"#00bfff\",dimgray:\"#696969\",dimgrey:\"#696969\",dodgerblue:\"#1e90ff\",firebrick:\"#b22222\",floralwhite:\"#fffaf0\",forestgreen:\"#228b22\",fuchsia:\"#ff00ff\",gainsboro:\"#dcdcdc\",\nghostwhite:\"#f8f8ff\",gold:\"#ffd700\",goldenrod:\"#daa520\",gray:\"#808080\",green:\"#008000\",greenyellow:\"#adff2f\",grey:\"#808080\",honeydew:\"#f0fff0\",hotpink:\"#ff69b4\",indianred:\"#cd5c5c\",indigo:\"#4b0082\",ivory:\"#fffff0\",khaki:\"#f0e68c\",lavender:\"#e6e6fa\",lavenderblush:\"#fff0f5\",lawngreen:\"#7cfc00\",lemonchiffon:\"#fffacd\",lightblue:\"#add8e6\",lightcoral:\"#f08080\",lightcyan:\"#e0ffff\",lightgoldenrodyellow:\"#fafad2\",lightgray:\"#d3d3d3\",lightgreen:\"#90ee90\",lightgrey:\"#d3d3d3\",lightpink:\"#ffb6c1\",lightsalmon:\"#ffa07a\",\nlightseagreen:\"#20b2aa\",lightskyblue:\"#87cefa\",lightslategray:\"#778899\",lightslategrey:\"#778899\",lightsteelblue:\"#b0c4de\",lightyellow:\"#ffffe0\",lime:\"#00ff00\",limegreen:\"#32cd32\",linen:\"#faf0e6\",magenta:\"#ff00ff\",maroon:\"#800000\",mediumaquamarine:\"#66cdaa\",mediumblue:\"#0000cd\",mediumorchid:\"#ba55d3\",mediumpurple:\"#9370db\",mediumseagreen:\"#3cb371\",mediumslateblue:\"#7b68ee\",mediumspringgreen:\"#00fa9a\",mediumturquoise:\"#48d1cc\",mediumvioletred:\"#c71585\",midnightblue:\"#191970\",mintcream:\"#f5fffa\",mistyrose:\"#ffe4e1\",\nmoccasin:\"#ffe4b5\",navajowhite:\"#ffdead\",navy:\"#000080\",oldlace:\"#fdf5e6\",olive:\"#808000\",olivedrab:\"#6b8e23\",orange:\"#ffa500\",orangered:\"#ff4500\",orchid:\"#da70d6\",palegoldenrod:\"#eee8aa\",palegreen:\"#98fb98\",paleturquoise:\"#afeeee\",palevioletred:\"#db7093\",papayawhip:\"#ffefd5\",peachpuff:\"#ffdab9\",peru:\"#cd853f\",pink:\"#ffc0cb\",plum:\"#dda0dd\",powderblue:\"#b0e0e6\",purple:\"#800080\",red:\"#ff0000\",rosybrown:\"#bc8f8f\",royalblue:\"#4169e1\",saddlebrown:\"#8b4513\",salmon:\"#fa8072\",sandybrown:\"#f4a460\",seagreen:\"#2e8b57\",\nseashell:\"#fff5ee\",sienna:\"#a0522d\",silver:\"#c0c0c0\",skyblue:\"#87ceeb\",slateblue:\"#6a5acd\",slategray:\"#708090\",slategrey:\"#708090\",snow:\"#fffafa\",springgreen:\"#00ff7f\",steelblue:\"#4682b4\",tan:\"#d2b48c\",teal:\"#008080\",thistle:\"#d8bfd8\",tomato:\"#ff6347\",turquoise:\"#40e0d0\",violet:\"#ee82ee\",wheat:\"#f5deb3\",white:\"#ffffff\",whitesmoke:\"#f5f5f5\",yellow:\"#ffff00\",yellowgreen:\"#9acd32\"};var ia=\"backgroundColor borderTopColor borderRightColor borderBottomColor borderLeftColor color outlineColor\".split(\" \"),ja=/#([0-9a-fA-F])([0-9a-fA-F])([0-9a-fA-F])/,ka=/^#(?:[0-9a-f]{3}){1,2}$/i,la=/^(?:rgba)?\\((\\d{1,3}),\\s?(\\d{1,3}),\\s?(\\d{1,3}),\\s?(0|1|0\\.\\d*)\\)$/i,ma=/^(?:rgb)?\\((0|[1-9]\\d{0,2}),\\s?(0|[1-9]\\d{0,2}),\\s?(0|[1-9]\\d{0,2})\\)$/i;function m(a,b){this.code=a;this.a=p[a]||r;this.message=b||\"\";a=this.a.replace(/((?:^|\\s+)[a-z])/g,function(c){return c.toUpperCase().replace(/^[\\s\\xa0]+/g,\"\")});b=a.length-5;if(0>b||a.indexOf(\"Error\",b)!=b)a+=\"Error\";this.name=a;a=Error(this.message);a.name=this.name;this.stack=a.stack||\"\"}ca(m,Error);var r=\"unknown error\",p={15:\"element not selectable\",11:\"element not visible\"};p[31]=r;p[30]=r;p[24]=\"invalid cookie domain\";p[29]=\"invalid element coordinates\";p[12]=\"invalid element state\";\np[32]=\"invalid selector\";p[51]=\"invalid selector\";p[52]=\"invalid selector\";p[17]=\"javascript error\";p[405]=\"unsupported operation\";p[34]=\"move target out of bounds\";p[27]=\"no such alert\";p[7]=\"no such element\";p[8]=\"no such frame\";p[23]=\"no such window\";p[28]=\"script timeout\";p[33]=\"session not created\";p[10]=\"stale element reference\";p[21]=\"timeout\";p[25]=\"unable to set cookie\";p[26]=\"unexpected alert open\";p[13]=r;p[9]=\"unknown command\";var u=String.prototype.trim?function(a){return a.trim()}:function(a){return/^[\\s\\xa0]*([\\s\\S]*?)[\\s\\xa0]*$/.exec(a)[1]};\nfunction na(a,b){var c=0;a=u(String(a)).split(\".\");b=u(String(b)).split(\".\");for(var e=Math.max(a.length,b.length),d=0;0==c&&d\u003Ce;d++){var f=a[d]||\"\",h=b[d]||\"\";do{f=/(\\d*)(\\D*)(.*)/.exec(f)||[\"\",\"\",\"\",\"\"];h=/(\\d*)(\\D*)(.*)/.exec(h)||[\"\",\"\",\"\",\"\"];if(0==f[0].length&&0==h[0].length)break;c=v(0==f[1].length?0:parseInt(f[1],10),0==h[1].length?0:parseInt(h[1],10))||v(0==f[2].length,0==h[2].length)||v(f[2],h[2]);f=f[3];h=h[3]}while(0==c)}return c}function v(a,b){return a\u003Cb?-1:a>b?1:0};var w;a:{var oa=g.navigator;if(oa){var sa=oa.userAgent;if(sa){w=sa;break a}}w=\"\"}function x(a){return-1!=w.indexOf(a)};function y(){return x(\"Firefox\")||x(\"FxiOS\")}function A(){return(x(\"Chrome\")||x(\"CriOS\"))&&!x(\"Edge\")};function ta(a){return String(a).replace(/\\-([a-z])/g,function(b,c){return c.toUpperCase()})};function B(){return x(\"iPhone\")&&!x(\"iPod\")&&!x(\"iPad\")};function ua(a,b){var c=va;return Object.prototype.hasOwnProperty.call(c,a)?c[a]:c[a]=b(a)};var wa=x(\"Opera\"),C=x(\"Trident\")||x(\"MSIE\"),xa=x(\"Edge\"),ya=x(\"Gecko\")&&!(-1!=w.toLowerCase().indexOf(\"webkit\")&&!x(\"Edge\"))&&!(x(\"Trident\")||x(\"MSIE\"))&&!x(\"Edge\"),za=-1!=w.toLowerCase().indexOf(\"webkit\")&&!x(\"Edge\");function Aa(){var a=g.document;return a?a.documentMode:void 0}var E;\na:{var F=\"\",G=function(){var a=w;if(ya)return/rv:([^\\);]+)(\\)|;)/.exec(a);if(xa)return/Edge\\/([\\d\\.]+)/.exec(a);if(C)return/\\b(?:MSIE|rv)[: ]([^\\);]+)(\\)|;)/.exec(a);if(za)return/WebKit\\/(\\S+)/.exec(a);if(wa)return/(?:Version)[ \\/]?(\\S+)/.exec(a)}();G&&(F=G?G[1]:\"\");if(C){var H=Aa();if(null!=H&&H>parseFloat(F)){E=String(H);break a}}E=F}var va={};function Ba(a){return ua(a,function(){return 0\u003C=na(E,a)})}var I;I=g.document&&C?Aa():void 0;var Ca=y(),Da=B()||x(\"iPod\"),Ea=x(\"iPad\"),Fa=x(\"Android\")&&!(A()||y()||x(\"Opera\")||x(\"Silk\")),Ga=A(),Ha=x(\"Safari\")&&!(A()||x(\"Coast\")||x(\"Opera\")||x(\"Edge\")||x(\"Edg/\")||x(\"OPR\")||y()||x(\"Silk\")||x(\"Android\"))&&!(B()||x(\"iPad\")||x(\"iPod\"));function J(a){return(a=a.exec(w))?a[1]:\"\"}(function(){if(Ca)return J(/Firefox\\/([0-9.]+)/);if(C||xa||wa)return E;if(Ga)return B()||x(\"iPad\")||x(\"iPod\")?J(/CriOS\\/([0-9.]+)/):J(/Chrome\\/([0-9.]+)/);if(Ha&&!(B()||x(\"iPad\")||x(\"iPod\")))return J(/Version\\/([0-9.]+)/);if(Da||Ea){var a=/Version\\/(\\S+).*Mobile\\/(\\S+)/.exec(w);if(a)return a[1]+\".\"+a[2]}else if(Fa)return(a=J(/Android\\s+([0-9.]+)/))?a:J(/Version\\/([0-9.]+)/);return\"\"})();var K;if(K=C)K=!(9\u003C=Number(I));var Ia=K;function L(a,b){this.x=void 0!==a?a:0;this.y=void 0!==b?b:0}L.prototype.ceil=function(){this.x=Math.ceil(this.x);this.y=Math.ceil(this.y);return this};L.prototype.floor=function(){this.x=Math.floor(this.x);this.y=Math.floor(this.y);return this};L.prototype.round=function(){this.x=Math.round(this.x);this.y=Math.round(this.y);return this};function M(a,b){this.width=a;this.height=b}M.prototype.aspectRatio=function(){return this.width/this.height};M.prototype.ceil=function(){this.width=Math.ceil(this.width);this.height=Math.ceil(this.height);return this};M.prototype.floor=function(){this.width=Math.floor(this.width);this.height=Math.floor(this.height);return this};M.prototype.round=function(){this.width=Math.round(this.width);this.height=Math.round(this.height);return this};function N(a){return 9==a.nodeType?a:a.ownerDocument||a.document}function Ja(a,b){a&&(a=a.parentNode);for(var c=0;a;){if(b(a))return a;a=a.parentNode;c++}return null}function Ka(a){this.a=a||g.document||document};function P(a,b){b&&\"string\"!==typeof b&&(b=b.toString());return a instanceof HTMLFormElement?!!a&&1==a.nodeType&&(!b||\"FORM\"==b):!!a&&1==a.nodeType&&(!b||a.tagName.toUpperCase()==b)};function Q(a,b,c,e){this.f=a;this.a=b;this.b=c;this.c=e}Q.prototype.ceil=function(){this.f=Math.ceil(this.f);this.a=Math.ceil(this.a);this.b=Math.ceil(this.b);this.c=Math.ceil(this.c);return this};Q.prototype.floor=function(){this.f=Math.floor(this.f);this.a=Math.floor(this.a);this.b=Math.floor(this.b);this.c=Math.floor(this.c);return this};Q.prototype.round=function(){this.f=Math.round(this.f);this.a=Math.round(this.a);this.b=Math.round(this.b);this.c=Math.round(this.c);return this};function R(a,b,c,e){this.a=a;this.b=b;this.width=c;this.height=e}R.prototype.ceil=function(){this.a=Math.ceil(this.a);this.b=Math.ceil(this.b);this.width=Math.ceil(this.width);this.height=Math.ceil(this.height);return this};R.prototype.floor=function(){this.a=Math.floor(this.a);this.b=Math.floor(this.b);this.width=Math.floor(this.width);this.height=Math.floor(this.height);return this};\nR.prototype.round=function(){this.a=Math.round(this.a);this.b=Math.round(this.b);this.width=Math.round(this.width);this.height=Math.round(this.height);return this};var La=\"function\"===typeof ShadowRoot;function S(a){for(a=a.parentNode;a&&1!=a.nodeType&&9!=a.nodeType&&11!=a.nodeType;)a=a.parentNode;return P(a)?a:null}\nfunction T(a,b){b=ta(b);if(\"float\"==b||\"cssFloat\"==b||\"styleFloat\"==b)b=Ia?\"styleFloat\":\"cssFloat\";a:{var c=b;var e=N(a);if(e.defaultView&&e.defaultView.getComputedStyle&&(e=e.defaultView.getComputedStyle(a,null))){c=e[c]||e.getPropertyValue(c)||\"\";break a}c=\"\"}a=c||Ma(a,b);if(null===a)a=null;else if(0\u003C=da(ia,b)){b:{var d=a.match(la);if(d&&(b=Number(d[1]),c=Number(d[2]),e=Number(d[3]),d=Number(d[4]),0\u003C=b&&255>=b&&0\u003C=c&&255>=c&&0\u003C=e&&255>=e&&0\u003C=d&&1>=d)){b=[b,c,e,d];break b}b=null}if(!b)b:{if(e=a.match(ma))if(b=\nNumber(e[1]),c=Number(e[2]),e=Number(e[3]),0\u003C=b&&255>=b&&0\u003C=c&&255>=c&&0\u003C=e&&255>=e){b=[b,c,e,1];break b}b=null}if(!b)b:{b=a.toLowerCase();c=ha[b.toLowerCase()];if(!c&&(c=\"#\"==b.charAt(0)?b:\"#\"+b,4==c.length&&(c=c.replace(ja,\"#$1$1$2$2$3$3\")),!ka.test(c))){b=null;break b}b=[parseInt(c.substr(1,2),16),parseInt(c.substr(3,2),16),parseInt(c.substr(5,2),16),1]}a=b?\"rgba(\"+b.join(\", \")+\")\":a}return a}\nfunction Ma(a,b){var c=a.currentStyle||a.style,e=c[b];void 0===e&&\"function\"==aa(c.getPropertyValue)&&(e=c.getPropertyValue(b));return\"inherit\"!=e?void 0!==e?e:null:(a=S(a))?Ma(a,b):null}\nfunction U(a,b,c){function e(h){var n=V(h);return 0\u003Cn.height&&0\u003Cn.width?!0:P(h,\"PATH\")&&(0\u003Cn.height||0\u003Cn.width)?(h=T(h,\"stroke-width\"),!!h&&0\u003CparseInt(h,10)):\"hidden\"!=T(h,\"overflow\")&&ea(h.childNodes,function(D){return 3==D.nodeType||P(D)&&e(D)})}function d(h){return Na(h)==W&&fa(h.childNodes,function(n){return!P(n)||d(n)||!e(n)})}if(!P(a))throw Error(\"Argument to isShown must be of type Element\");if(P(a,\"BODY\"))return!0;if(P(a,\"OPTION\")||P(a,\"OPTGROUP\"))return a=Ja(a,function(h){return P(h,\"SELECT\")}),\n!!a&&U(a,!0,c);var f=Oa(a);if(f)return!!f.image&&0\u003Cf.rect.width&&0\u003Cf.rect.height&&U(f.image,b,c);if(P(a,\"INPUT\")&&\"hidden\"==a.type.toLowerCase()||P(a,\"NOSCRIPT\"))return!1;f=T(a,\"visibility\");return\"collapse\"!=f&&\"hidden\"!=f&&c(a)&&(b||0!=Pa(a))&&e(a)?!d(a):!1}var W=\"hidden\";\nfunction Na(a){function b(k){function l(ba){if(ba==h)return!0;var pa=T(ba,\"display\");return 0==pa.lastIndexOf(\"inline\",0)||\"contents\"==pa||\"absolute\"==qa&&\"static\"==T(ba,\"position\")?!1:!0}var qa=T(k,\"position\");if(\"fixed\"==qa)return ra=!0,k==h?null:h;for(k=S(k);k&&!l(k);)k=S(k);return k}function c(k){var l=k;if(\"visible\"==D)if(k==h&&n)l=n;else if(k==n)return{x:\"visible\",y:\"visible\"};l={x:T(l,\"overflow-x\"),y:T(l,\"overflow-y\")};k==h&&(l.x=\"visible\"==l.x?\"auto\":l.x,l.y=\"visible\"==l.y?\"auto\":l.y);return l}\nfunction e(k){if(k==h){var l=(new Ka(f)).a;k=l.scrollingElement?l.scrollingElement:za||\"CSS1Compat\"!=l.compatMode?l.body||l.documentElement:l.documentElement;l=l.parentWindow||l.defaultView;k=C&&Ba(\"10\")&&l.pageYOffset!=k.scrollTop?new L(k.scrollLeft,k.scrollTop):new L(l.pageXOffset||k.scrollLeft,l.pageYOffset||k.scrollTop)}else k=new L(k.scrollLeft,k.scrollTop);return k}var d=Qa(a),f=N(a),h=f.documentElement,n=f.body,D=T(h,\"overflow\"),ra;for(a=b(a);a;a=b(a)){var q=c(a);if(\"visible\"!=q.x||\"visible\"!=\nq.y){var t=V(a);if(0==t.width||0==t.height)return W;var z=d.a\u003Ct.a,O=d.b\u003Ct.b;if(z&&\"hidden\"==q.x||O&&\"hidden\"==q.y)return W;if(z&&\"visible\"!=q.x||O&&\"visible\"!=q.y){z=e(a);O=d.b\u003Ct.b-z.y;if(d.a\u003Ct.a-z.x&&\"visible\"!=q.x||O&&\"visible\"!=q.x)return W;d=Na(a);return d==W?W:\"scroll\"}z=d.c>=t.a+t.width;t=d.f>=t.b+t.height;if(z&&\"hidden\"==q.x||t&&\"hidden\"==q.y)return W;if(z&&\"visible\"!=q.x||t&&\"visible\"!=q.y){if(ra&&(q=e(a),d.c>=h.scrollWidth-q.x||d.a>=h.scrollHeight-q.y))return W;d=Na(a);return d==W?W:\"scroll\"}}}return\"none\"}\nfunction V(a){var b=Oa(a);if(b)return b.rect;if(P(a,\"HTML\"))return a=N(a),a=((a?a.parentWindow||a.defaultView:window)||window).document,a=\"CSS1Compat\"==a.compatMode?a.documentElement:a.body,a=new M(a.clientWidth,a.clientHeight),new R(0,0,a.width,a.height);try{var c=a.getBoundingClientRect()}catch(e){return new R(0,0,0,0)}b=new R(c.left,c.top,c.right-c.left,c.bottom-c.top);C&&a.ownerDocument.body&&(a=N(a),b.a-=a.documentElement.clientLeft+a.body.clientLeft,b.b-=a.documentElement.clientTop+a.body.clientTop);\nreturn b}\nfunction Oa(a){var b=P(a,\"MAP\");if(!b&&!P(a,\"AREA\"))return null;var c=b?a:P(a.parentNode,\"MAP\")?a.parentNode:null,e=null,d=null;if(c&&c.name){e='*[usemap=\"#'+c.name+'\"]';c=N(c);var f;if(f=\"function\"!=aa(c.querySelector)&&C&&(C?0\u003C=na(I,8):Ba(8))){f=c.querySelector;var h=typeof f;f=!(\"object\"==h&&null!=f||\"function\"==h)}if(f)throw Error(\"CSS selection is not supported\");if(!e)throw new m(32,\"No selector specified\");e=u(e);try{var n=c.querySelector(e)}catch(D){throw new m(32,\"An invalid or illegal selector was specified\");}if(e=\nn&&1==n.nodeType?n:null)d=V(e),b||\"default\"==a.shape.toLowerCase()||(a=Ra(a),b=Math.min(Math.max(a.a,0),d.width),n=Math.min(Math.max(a.b,0),d.height),d=new R(b+d.a,n+d.b,Math.min(a.width,d.width-b),Math.min(a.height,d.height-n)))}return{image:e,rect:d||new R(0,0,0,0)}}\nfunction Ra(a){var b=a.shape.toLowerCase();a=a.coords.split(\",\");if(\"rect\"==b&&4==a.length){b=a[0];var c=a[1];return new R(b,c,a[2]-b,a[3]-c)}if(\"circle\"==b&&3==a.length)return b=a[2],new R(a[0]-b,a[1]-b,2*b,2*b);if(\"poly\"==b&&2\u003Ca.length){b=a[0];c=a[1];for(var e=b,d=c,f=2;f+1\u003Ca.length;f+=2)b=Math.min(b,a[f]),e=Math.max(e,a[f]),c=Math.min(c,a[f+1]),d=Math.max(d,a[f+1]);return new R(b,c,e-b,d-c)}return new R(0,0,0,0)}function Qa(a){a=V(a);return new Q(a.b,a.a+a.width,a.b+a.height,a.a)}\nfunction Pa(a){if(Ia){if(\"relative\"==T(a,\"position\"))return 1;a=T(a,\"filter\");return(a=a.match(/^alpha\\(opacity=(\\d*)\\)/)||a.match(/^progid:DXImageTransform.Microsoft.Alpha\\(Opacity=(\\d*)\\)/))?Number(a[1])/100:1}return Sa(a)}function Sa(a){var b=1,c=T(a,\"opacity\");c&&(b=Number(c));(a=S(a))&&(b*=Sa(a));return b};function Ta(a,b){function c(e){if(P(e)&&\"none\"==T(e,\"display\"))return!1;var d;if((d=e.parentNode)&&d.shadowRoot&&void 0!==e.assignedSlot)d=e.assignedSlot?e.assignedSlot.parentNode:null;else if(e.getDestinationInsertionPoints){var f=e.getDestinationInsertionPoints();0\u003Cf.length&&(d=f[f.length-1])}if(La&&d instanceof ShadowRoot){if(d.host.shadowRoot&&d.host.shadowRoot!==d)return!1;d=d.host}return!d||9!=d.nodeType&&11!=d.nodeType?d&&P(d,\"DETAILS\")&&!d.open&&!P(e,\"SUMMARY\")?!1:!!d&&c(d):!0}return U(a,\n!!b,c)}var X=[\"_\"],Y=g;X[0]in Y||\"undefined\"==typeof Y.execScript||Y.execScript(\"var \"+X[0]);for(var Z;X.length&&(Z=X.shift());)X.length||void 0===Ta?Y[Z]&&Y[Z]!==Object.prototype[Z]?Y=Y[Z]:Y=Y[Z]={}:Y[Z]=Ta;; return this._.apply(null,arguments);}).apply({navigator:typeof window!='undefined'?window.navigator:null,document:typeof window!='undefined'?window.document:null}, arguments);}).apply(null, arguments)"
}
[1762356518.500][INFO]: Waiting for pending navigations...
[1762356518.500][DEBUG]: DevTools WebSocket Command: Runtime.evaluate (id=236) (session_id=4DCB025D4F4ED801B3571B81546B2590) 63163AC2DBA8772733A5A69B0BB490D8 {
   "expression": "1"
}
[1762356518.501][DEBUG]: DevTools WebSocket Response: Runtime.evaluate (id=236) (session_id=4DCB025D4F4ED801B3571B81546B2590) 63163AC2DBA8772733A5A69B0BB490D8 {
   "result": {
      "description": "1",
      "type": "number",
      "value": 1
   }
}
[1762356518.501][INFO]: Done waiting for pending navigations. Status: ok
[1762356518.501][DEBUG]: DevTools WebSocket Command: Page.getFrameTree (id=237) (session_id=4DCB025D4F4ED801B3571B81546B2590) 63163AC2DBA8772733A5A69B0BB490D8 {
}
[1762356518.502][DEBUG]: DevTools WebSocket Response: Page.getFrameTree (id=237) (session_id=4DCB025D4F4ED801B3571B81546B2590) 63163AC2DBA8772733A5A69B0BB490D8 {
   "frameTree": {
      "frame": {
         "adFrameStatus": {
            "adFrameType": "none"
         },
         "crossOriginIsolatedContextType": "NotIsolated",
         "domainAndRegistry": "github.com",
         "gatedAPIFeatures": [  ],
         "id": "63163AC2DBA8772733A5A69B0BB490D8",
         "loaderId": "BC52F7741AFE59B6A079A84D9A41AFB1",
         "mimeType": "text/html",
         "secureContextType": "Secure",
         "securityOrigin": "https://github.com",
         "securityOriginDetails": {
            "isLocalhost": false
         },
         "url": "https://github.com/search?q=nightwatch&type=repositories"
      }
   }
}
[1762356518.502][DEBUG]: DevTools WebSocket Command: DOM.resolveNode (id=238) (session_id=4DCB025D4F4ED801B3571B81546B2590) 63163AC2DBA8772733A5A69B0BB490D8 {
   "backendNodeId": 60,
   "objectGroup": "22809eed-78e2-4de0-9e29-2a8724a1df14"
}
[1762356518.502][DEBUG]: DevTools WebSocket Response: DOM.resolveNode (id=238) (session_id=4DCB025D4F4ED801B3571B81546B2590) 63163AC2DBA8772733A5A69B0BB490D8 {
   "object": {
      "className": "HTMLButtonElement",
      "description": "button.header-search-button.input-button.form-control.d-flex.flex-1.flex-self-stretch.flex-items-center.no-wrap.width-full.py-0.pl-2.pr-0.text-left.border-0.box-shadow-none",
      "objectId": "8779287950773027740.2.55",
      "subtype": "node",
      "type": "object"
   }
}
[1762356518.502][DEBUG]: DevTools WebSocket Command: Page.getFrameTree (id=239) (session_id=4DCB025D4F4ED801B3571B81546B2590) 63163AC2DBA8772733A5A69B0BB490D8 {
}
[1762356518.503][DEBUG]: DevTools WebSocket Response: Page.getFrameTree (id=239) (session_id=4DCB025D4F4ED801B3571B81546B2590) 63163AC2DBA8772733A5A69B0BB490D8 {
   "frameTree": {
      "frame": {
         "adFrameStatus": {
            "adFrameType": "none"
         },
         "crossOriginIsolatedContextType": "NotIsolated",
         "domainAndRegistry": "github.com",
         "gatedAPIFeatures": [  ],
         "id": "63163AC2DBA8772733A5A69B0BB490D8",
         "loaderId": "BC52F7741AFE59B6A079A84D9A41AFB1",
         "mimeType": "text/html",
         "secureContextType": "Secure",
         "securityOrigin": "https://github.com",
         "securityOriginDetails": {
            "isLocalhost": false
         },
         "url": "https://github.com/search?q=nightwatch&type=repositories"
      }
   }
}
[1762356518.503][DEBUG]: DevTools WebSocket Command: Runtime.callFunctionOn (id=240) (session_id=4DCB025D4F4ED801B3571B81546B2590) 63163AC2DBA8772733A5A69B0BB490D8 {
   "arguments": [ {
      "objectId": "8779287950773027740.2.55"
   } ],
   "awaitPromise": true,
   "functionDeclaration": "function(){ return (function() { // Copyright 2012 The Chromium Authors\n// Use of this source code is governed by a BSD-style license that can be\n// found in the LICENSE file.\n\n/**\n * Enum for WebD...",
   "objectGroup": "22809eed-78e2-4de0-9e29-2a8724a1df14",
   "serializationOptions": {
      "serialization": "deep"
   },
   "uniqueContextId": "-8908945788913384037.-1572819235194483600"
}
[1762356518.505][DEBUG]: DevTools WebSocket Response: Runtime.callFunctionOn (id=240) (session_id=4DCB025D4F4ED801B3571B81546B2590) 63163AC2DBA8772733A5A69B0BB490D8 {
   "result": {
      "className": "Array",
      "deepSerializedValue": {
         "type": "array",
         "value": [ {
            "type": "string",
            "value": "{\"status\":0,\"value\":false}"
         } ]
      },
      "description": "Array(1)",
      "objectId": "8779287950773027740.2.56",
      "subtype": "array",
      "type": "object"
   }
}
[1762356518.505][DEBUG]: DevTools WebSocket Command: Runtime.releaseObjectGroup (id=241) (session_id=4DCB025D4F4ED801B3571B81546B2590) 63163AC2DBA8772733A5A69B0BB490D8 {
   "objectGroup": "22809eed-78e2-4de0-9e29-2a8724a1df14"
}
[1762356518.505][INFO]: Waiting for pending navigations...
[1762356518.505][DEBUG]: DevTools WebSocket Response: Runtime.releaseObjectGroup (id=241) (session_id=4DCB025D4F4ED801B3571B81546B2590) 63163AC2DBA8772733A5A69B0BB490D8 {
}
[1762356518.505][DEBUG]: DevTools WebSocket Command: Runtime.evaluate (id=242) (session_id=4DCB025D4F4ED801B3571B81546B2590) 63163AC2DBA8772733A5A69B0BB490D8 {
   "expression": "1"
}
[1762356518.506][DEBUG]: DevTools WebSocket Response: Runtime.evaluate (id=242) (session_id=4DCB025D4F4ED801B3571B81546B2590) 63163AC2DBA8772733A5A69B0BB490D8 {
   "result": {
      "description": "1",
      "type": "number",
      "value": 1
   }
}
[1762356518.506][INFO]: Done waiting for pending navigations. Status: ok
[1762356518.506][INFO]: [5dd5ad9cb758ee0a51bcfe57cd02220c] RESPONSE ExecuteScript false
[1762356519.008][INFO]: [5dd5ad9cb758ee0a51bcfe57cd02220c] COMMAND ExecuteScript {
   "args": [ {
      "ELEMENT": "f.63163AC2DBA8772733A5A69B0BB490D8.d.BC52F7741AFE59B6A079A84D9A41AFB1.e.60",
      "element-6066-11e4-a52e-4f735466cecf": "f.63163AC2DBA8772733A5A69B0BB490D8.d.BC52F7741AFE59B6A079A84D9A41AFB1.e.60"
   } ],
   "script": "/* isDisplayed */return (function(){return (function(){var g=this||self;\nfunction aa(a){var b=typeof a;if(\"object\"==b)if(a){if(a instanceof Array)return\"array\";if(a instanceof Object)return b;var c=Object.prototype.toString.call(a);if(\"[object Window]\"==c)return\"object\";if(\"[object Array]\"==c||\"number\"==typeof a.length&&\"undefined\"!=typeof a.splice&&\"undefined\"!=typeof a.propertyIsEnumerable&&!a.propertyIsEnumerable(\"splice\"))return\"array\";if(\"[object Function]\"==c||\"undefined\"!=typeof a.call&&\"undefined\"!=typeof a.propertyIsEnumerable&&!a.propertyIsEnumerable(\"call\"))return\"function\"}else return\"null\";else if(\"function\"==\nb&&\"undefined\"==typeof a.call)return\"object\";return b}function ca(a,b){function c(){}c.prototype=b.prototype;a.prototype=new c;a.prototype.constructor=a};var da=Array.prototype.indexOf?function(a,b){return Array.prototype.indexOf.call(a,b,void 0)}:function(a,b){if(\"string\"===typeof a)return\"string\"!==typeof b||1!=b.length?-1:a.indexOf(b,0);for(var c=0;c\u003Ca.length;c++)if(c in a&&a[c]===b)return c;return-1},ea=Array.prototype.some?function(a,b){return Array.prototype.some.call(a,b,void 0)}:function(a,b){for(var c=a.length,e=\"string\"===typeof a?a.split(\"\"):a,d=0;d\u003Cc;d++)if(d in e&&b.call(void 0,e[d],d,a))return!0;return!1},fa=Array.prototype.every?function(a,\nb){return Array.prototype.every.call(a,b,void 0)}:function(a,b){for(var c=a.length,e=\"string\"===typeof a?a.split(\"\"):a,d=0;d\u003Cc;d++)if(d in e&&!b.call(void 0,e[d],d,a))return!1;return!0};var ha={aliceblue:\"#f0f8ff\",antiquewhite:\"#faebd7\",aqua:\"#00ffff\",aquamarine:\"#7fffd4\",azure:\"#f0ffff\",beige:\"#f5f5dc\",bisque:\"#ffe4c4\",black:\"#000000\",blanchedalmond:\"#ffebcd\",blue:\"#0000ff\",blueviolet:\"#8a2be2\",brown:\"#a52a2a\",burlywood:\"#deb887\",cadetblue:\"#5f9ea0\",chartreuse:\"#7fff00\",chocolate:\"#d2691e\",coral:\"#ff7f50\",cornflowerblue:\"#6495ed\",cornsilk:\"#fff8dc\",crimson:\"#dc143c\",cyan:\"#00ffff\",darkblue:\"#00008b\",darkcyan:\"#008b8b\",darkgoldenrod:\"#b8860b\",darkgray:\"#a9a9a9\",darkgreen:\"#006400\",\ndarkgrey:\"#a9a9a9\",darkkhaki:\"#bdb76b\",darkmagenta:\"#8b008b\",darkolivegreen:\"#556b2f\",darkorange:\"#ff8c00\",darkorchid:\"#9932cc\",darkred:\"#8b0000\",darksalmon:\"#e9967a\",darkseagreen:\"#8fbc8f\",darkslateblue:\"#483d8b\",darkslategray:\"#2f4f4f\",darkslategrey:\"#2f4f4f\",darkturquoise:\"#00ced1\",darkviolet:\"#9400d3\",deeppink:\"#ff1493\",deepskyblue:\"#00bfff\",dimgray:\"#696969\",dimgrey:\"#696969\",dodgerblue:\"#1e90ff\",firebrick:\"#b22222\",floralwhite:\"#fffaf0\",forestgreen:\"#228b22\",fuchsia:\"#ff00ff\",gainsboro:\"#dcdcdc\",\nghostwhite:\"#f8f8ff\",gold:\"#ffd700\",goldenrod:\"#daa520\",gray:\"#808080\",green:\"#008000\",greenyellow:\"#adff2f\",grey:\"#808080\",honeydew:\"#f0fff0\",hotpink:\"#ff69b4\",indianred:\"#cd5c5c\",indigo:\"#4b0082\",ivory:\"#fffff0\",khaki:\"#f0e68c\",lavender:\"#e6e6fa\",lavenderblush:\"#fff0f5\",lawngreen:\"#7cfc00\",lemonchiffon:\"#fffacd\",lightblue:\"#add8e6\",lightcoral:\"#f08080\",lightcyan:\"#e0ffff\",lightgoldenrodyellow:\"#fafad2\",lightgray:\"#d3d3d3\",lightgreen:\"#90ee90\",lightgrey:\"#d3d3d3\",lightpink:\"#ffb6c1\",lightsalmon:\"#ffa07a\",\nlightseagreen:\"#20b2aa\",lightskyblue:\"#87cefa\",lightslategray:\"#778899\",lightslategrey:\"#778899\",lightsteelblue:\"#b0c4de\",lightyellow:\"#ffffe0\",lime:\"#00ff00\",limegreen:\"#32cd32\",linen:\"#faf0e6\",magenta:\"#ff00ff\",maroon:\"#800000\",mediumaquamarine:\"#66cdaa\",mediumblue:\"#0000cd\",mediumorchid:\"#ba55d3\",mediumpurple:\"#9370db\",mediumseagreen:\"#3cb371\",mediumslateblue:\"#7b68ee\",mediumspringgreen:\"#00fa9a\",mediumturquoise:\"#48d1cc\",mediumvioletred:\"#c71585\",midnightblue:\"#191970\",mintcream:\"#f5fffa\",mistyrose:\"#ffe4e1\",\nmoccasin:\"#ffe4b5\",navajowhite:\"#ffdead\",navy:\"#000080\",oldlace:\"#fdf5e6\",olive:\"#808000\",olivedrab:\"#6b8e23\",orange:\"#ffa500\",orangered:\"#ff4500\",orchid:\"#da70d6\",palegoldenrod:\"#eee8aa\",palegreen:\"#98fb98\",paleturquoise:\"#afeeee\",palevioletred:\"#db7093\",papayawhip:\"#ffefd5\",peachpuff:\"#ffdab9\",peru:\"#cd853f\",pink:\"#ffc0cb\",plum:\"#dda0dd\",powderblue:\"#b0e0e6\",purple:\"#800080\",red:\"#ff0000\",rosybrown:\"#bc8f8f\",royalblue:\"#4169e1\",saddlebrown:\"#8b4513\",salmon:\"#fa8072\",sandybrown:\"#f4a460\",seagreen:\"#2e8b57\",\nseashell:\"#fff5ee\",sienna:\"#a0522d\",silver:\"#c0c0c0\",skyblue:\"#87ceeb\",slateblue:\"#6a5acd\",slategray:\"#708090\",slategrey:\"#708090\",snow:\"#fffafa\",springgreen:\"#00ff7f\",steelblue:\"#4682b4\",tan:\"#d2b48c\",teal:\"#008080\",thistle:\"#d8bfd8\",tomato:\"#ff6347\",turquoise:\"#40e0d0\",violet:\"#ee82ee\",wheat:\"#f5deb3\",white:\"#ffffff\",whitesmoke:\"#f5f5f5\",yellow:\"#ffff00\",yellowgreen:\"#9acd32\"};var ia=\"backgroundColor borderTopColor borderRightColor borderBottomColor borderLeftColor color outlineColor\".split(\" \"),ja=/#([0-9a-fA-F])([0-9a-fA-F])([0-9a-fA-F])/,ka=/^#(?:[0-9a-f]{3}){1,2}$/i,la=/^(?:rgba)?\\((\\d{1,3}),\\s?(\\d{1,3}),\\s?(\\d{1,3}),\\s?(0|1|0\\.\\d*)\\)$/i,ma=/^(?:rgb)?\\((0|[1-9]\\d{0,2}),\\s?(0|[1-9]\\d{0,2}),\\s?(0|[1-9]\\d{0,2})\\)$/i;function m(a,b){this.code=a;this.a=p[a]||r;this.message=b||\"\";a=this.a.replace(/((?:^|\\s+)[a-z])/g,function(c){return c.toUpperCase().replace(/^[\\s\\xa0]+/g,\"\")});b=a.length-5;if(0>b||a.indexOf(\"Error\",b)!=b)a+=\"Error\";this.name=a;a=Error(this.message);a.name=this.name;this.stack=a.stack||\"\"}ca(m,Error);var r=\"unknown error\",p={15:\"element not selectable\",11:\"element not visible\"};p[31]=r;p[30]=r;p[24]=\"invalid cookie domain\";p[29]=\"invalid element coordinates\";p[12]=\"invalid element state\";\np[32]=\"invalid selector\";p[51]=\"invalid selector\";p[52]=\"invalid selector\";p[17]=\"javascript error\";p[405]=\"unsupported operation\";p[34]=\"move target out of bounds\";p[27]=\"no such alert\";p[7]=\"no such element\";p[8]=\"no such frame\";p[23]=\"no such window\";p[28]=\"script timeout\";p[33]=\"session not created\";p[10]=\"stale element reference\";p[21]=\"timeout\";p[25]=\"unable to set cookie\";p[26]=\"unexpected alert open\";p[13]=r;p[9]=\"unknown command\";var u=String.prototype.trim?function(a){return a.trim()}:function(a){return/^[\\s\\xa0]*([\\s\\S]*?)[\\s\\xa0]*$/.exec(a)[1]};\nfunction na(a,b){var c=0;a=u(String(a)).split(\".\");b=u(String(b)).split(\".\");for(var e=Math.max(a.length,b.length),d=0;0==c&&d\u003Ce;d++){var f=a[d]||\"\",h=b[d]||\"\";do{f=/(\\d*)(\\D*)(.*)/.exec(f)||[\"\",\"\",\"\",\"\"];h=/(\\d*)(\\D*)(.*)/.exec(h)||[\"\",\"\",\"\",\"\"];if(0==f[0].length&&0==h[0].length)break;c=v(0==f[1].length?0:parseInt(f[1],10),0==h[1].length?0:parseInt(h[1],10))||v(0==f[2].length,0==h[2].length)||v(f[2],h[2]);f=f[3];h=h[3]}while(0==c)}return c}function v(a,b){return a\u003Cb?-1:a>b?1:0};var w;a:{var oa=g.navigator;if(oa){var sa=oa.userAgent;if(sa){w=sa;break a}}w=\"\"}function x(a){return-1!=w.indexOf(a)};function y(){return x(\"Firefox\")||x(\"FxiOS\")}function A(){return(x(\"Chrome\")||x(\"CriOS\"))&&!x(\"Edge\")};function ta(a){return String(a).replace(/\\-([a-z])/g,function(b,c){return c.toUpperCase()})};function B(){return x(\"iPhone\")&&!x(\"iPod\")&&!x(\"iPad\")};function ua(a,b){var c=va;return Object.prototype.hasOwnProperty.call(c,a)?c[a]:c[a]=b(a)};var wa=x(\"Opera\"),C=x(\"Trident\")||x(\"MSIE\"),xa=x(\"Edge\"),ya=x(\"Gecko\")&&!(-1!=w.toLowerCase().indexOf(\"webkit\")&&!x(\"Edge\"))&&!(x(\"Trident\")||x(\"MSIE\"))&&!x(\"Edge\"),za=-1!=w.toLowerCase().indexOf(\"webkit\")&&!x(\"Edge\");function Aa(){var a=g.document;return a?a.documentMode:void 0}var E;\na:{var F=\"\",G=function(){var a=w;if(ya)return/rv:([^\\);]+)(\\)|;)/.exec(a);if(xa)return/Edge\\/([\\d\\.]+)/.exec(a);if(C)return/\\b(?:MSIE|rv)[: ]([^\\);]+)(\\)|;)/.exec(a);if(za)return/WebKit\\/(\\S+)/.exec(a);if(wa)return/(?:Version)[ \\/]?(\\S+)/.exec(a)}();G&&(F=G?G[1]:\"\");if(C){var H=Aa();if(null!=H&&H>parseFloat(F)){E=String(H);break a}}E=F}var va={};function Ba(a){return ua(a,function(){return 0\u003C=na(E,a)})}var I;I=g.document&&C?Aa():void 0;var Ca=y(),Da=B()||x(\"iPod\"),Ea=x(\"iPad\"),Fa=x(\"Android\")&&!(A()||y()||x(\"Opera\")||x(\"Silk\")),Ga=A(),Ha=x(\"Safari\")&&!(A()||x(\"Coast\")||x(\"Opera\")||x(\"Edge\")||x(\"Edg/\")||x(\"OPR\")||y()||x(\"Silk\")||x(\"Android\"))&&!(B()||x(\"iPad\")||x(\"iPod\"));function J(a){return(a=a.exec(w))?a[1]:\"\"}(function(){if(Ca)return J(/Firefox\\/([0-9.]+)/);if(C||xa||wa)return E;if(Ga)return B()||x(\"iPad\")||x(\"iPod\")?J(/CriOS\\/([0-9.]+)/):J(/Chrome\\/([0-9.]+)/);if(Ha&&!(B()||x(\"iPad\")||x(\"iPod\")))return J(/Version\\/([0-9.]+)/);if(Da||Ea){var a=/Version\\/(\\S+).*Mobile\\/(\\S+)/.exec(w);if(a)return a[1]+\".\"+a[2]}else if(Fa)return(a=J(/Android\\s+([0-9.]+)/))?a:J(/Version\\/([0-9.]+)/);return\"\"})();var K;if(K=C)K=!(9\u003C=Number(I));var Ia=K;function L(a,b){this.x=void 0!==a?a:0;this.y=void 0!==b?b:0}L.prototype.ceil=function(){this.x=Math.ceil(this.x);this.y=Math.ceil(this.y);return this};L.prototype.floor=function(){this.x=Math.floor(this.x);this.y=Math.floor(this.y);return this};L.prototype.round=function(){this.x=Math.round(this.x);this.y=Math.round(this.y);return this};function M(a,b){this.width=a;this.height=b}M.prototype.aspectRatio=function(){return this.width/this.height};M.prototype.ceil=function(){this.width=Math.ceil(this.width);this.height=Math.ceil(this.height);return this};M.prototype.floor=function(){this.width=Math.floor(this.width);this.height=Math.floor(this.height);return this};M.prototype.round=function(){this.width=Math.round(this.width);this.height=Math.round(this.height);return this};function N(a){return 9==a.nodeType?a:a.ownerDocument||a.document}function Ja(a,b){a&&(a=a.parentNode);for(var c=0;a;){if(b(a))return a;a=a.parentNode;c++}return null}function Ka(a){this.a=a||g.document||document};function P(a,b){b&&\"string\"!==typeof b&&(b=b.toString());return a instanceof HTMLFormElement?!!a&&1==a.nodeType&&(!b||\"FORM\"==b):!!a&&1==a.nodeType&&(!b||a.tagName.toUpperCase()==b)};function Q(a,b,c,e){this.f=a;this.a=b;this.b=c;this.c=e}Q.prototype.ceil=function(){this.f=Math.ceil(this.f);this.a=Math.ceil(this.a);this.b=Math.ceil(this.b);this.c=Math.ceil(this.c);return this};Q.prototype.floor=function(){this.f=Math.floor(this.f);this.a=Math.floor(this.a);this.b=Math.floor(this.b);this.c=Math.floor(this.c);return this};Q.prototype.round=function(){this.f=Math.round(this.f);this.a=Math.round(this.a);this.b=Math.round(this.b);this.c=Math.round(this.c);return this};function R(a,b,c,e){this.a=a;this.b=b;this.width=c;this.height=e}R.prototype.ceil=function(){this.a=Math.ceil(this.a);this.b=Math.ceil(this.b);this.width=Math.ceil(this.width);this.height=Math.ceil(this.height);return this};R.prototype.floor=function(){this.a=Math.floor(this.a);this.b=Math.floor(this.b);this.width=Math.floor(this.width);this.height=Math.floor(this.height);return this};\nR.prototype.round=function(){this.a=Math.round(this.a);this.b=Math.round(this.b);this.width=Math.round(this.width);this.height=Math.round(this.height);return this};var La=\"function\"===typeof ShadowRoot;function S(a){for(a=a.parentNode;a&&1!=a.nodeType&&9!=a.nodeType&&11!=a.nodeType;)a=a.parentNode;return P(a)?a:null}\nfunction T(a,b){b=ta(b);if(\"float\"==b||\"cssFloat\"==b||\"styleFloat\"==b)b=Ia?\"styleFloat\":\"cssFloat\";a:{var c=b;var e=N(a);if(e.defaultView&&e.defaultView.getComputedStyle&&(e=e.defaultView.getComputedStyle(a,null))){c=e[c]||e.getPropertyValue(c)||\"\";break a}c=\"\"}a=c||Ma(a,b);if(null===a)a=null;else if(0\u003C=da(ia,b)){b:{var d=a.match(la);if(d&&(b=Number(d[1]),c=Number(d[2]),e=Number(d[3]),d=Number(d[4]),0\u003C=b&&255>=b&&0\u003C=c&&255>=c&&0\u003C=e&&255>=e&&0\u003C=d&&1>=d)){b=[b,c,e,d];break b}b=null}if(!b)b:{if(e=a.match(ma))if(b=\nNumber(e[1]),c=Number(e[2]),e=Number(e[3]),0\u003C=b&&255>=b&&0\u003C=c&&255>=c&&0\u003C=e&&255>=e){b=[b,c,e,1];break b}b=null}if(!b)b:{b=a.toLowerCase();c=ha[b.toLowerCase()];if(!c&&(c=\"#\"==b.charAt(0)?b:\"#\"+b,4==c.length&&(c=c.replace(ja,\"#$1$1$2$2$3$3\")),!ka.test(c))){b=null;break b}b=[parseInt(c.substr(1,2),16),parseInt(c.substr(3,2),16),parseInt(c.substr(5,2),16),1]}a=b?\"rgba(\"+b.join(\", \")+\")\":a}return a}\nfunction Ma(a,b){var c=a.currentStyle||a.style,e=c[b];void 0===e&&\"function\"==aa(c.getPropertyValue)&&(e=c.getPropertyValue(b));return\"inherit\"!=e?void 0!==e?e:null:(a=S(a))?Ma(a,b):null}\nfunction U(a,b,c){function e(h){var n=V(h);return 0\u003Cn.height&&0\u003Cn.width?!0:P(h,\"PATH\")&&(0\u003Cn.height||0\u003Cn.width)?(h=T(h,\"stroke-width\"),!!h&&0\u003CparseInt(h,10)):\"hidden\"!=T(h,\"overflow\")&&ea(h.childNodes,function(D){return 3==D.nodeType||P(D)&&e(D)})}function d(h){return Na(h)==W&&fa(h.childNodes,function(n){return!P(n)||d(n)||!e(n)})}if(!P(a))throw Error(\"Argument to isShown must be of type Element\");if(P(a,\"BODY\"))return!0;if(P(a,\"OPTION\")||P(a,\"OPTGROUP\"))return a=Ja(a,function(h){return P(h,\"SELECT\")}),\n!!a&&U(a,!0,c);var f=Oa(a);if(f)return!!f.image&&0\u003Cf.rect.width&&0\u003Cf.rect.height&&U(f.image,b,c);if(P(a,\"INPUT\")&&\"hidden\"==a.type.toLowerCase()||P(a,\"NOSCRIPT\"))return!1;f=T(a,\"visibility\");return\"collapse\"!=f&&\"hidden\"!=f&&c(a)&&(b||0!=Pa(a))&&e(a)?!d(a):!1}var W=\"hidden\";\nfunction Na(a){function b(k){function l(ba){if(ba==h)return!0;var pa=T(ba,\"display\");return 0==pa.lastIndexOf(\"inline\",0)||\"contents\"==pa||\"absolute\"==qa&&\"static\"==T(ba,\"position\")?!1:!0}var qa=T(k,\"position\");if(\"fixed\"==qa)return ra=!0,k==h?null:h;for(k=S(k);k&&!l(k);)k=S(k);return k}function c(k){var l=k;if(\"visible\"==D)if(k==h&&n)l=n;else if(k==n)return{x:\"visible\",y:\"visible\"};l={x:T(l,\"overflow-x\"),y:T(l,\"overflow-y\")};k==h&&(l.x=\"visible\"==l.x?\"auto\":l.x,l.y=\"visible\"==l.y?\"auto\":l.y);return l}\nfunction e(k){if(k==h){var l=(new Ka(f)).a;k=l.scrollingElement?l.scrollingElement:za||\"CSS1Compat\"!=l.compatMode?l.body||l.documentElement:l.documentElement;l=l.parentWindow||l.defaultView;k=C&&Ba(\"10\")&&l.pageYOffset!=k.scrollTop?new L(k.scrollLeft,k.scrollTop):new L(l.pageXOffset||k.scrollLeft,l.pageYOffset||k.scrollTop)}else k=new L(k.scrollLeft,k.scrollTop);return k}var d=Qa(a),f=N(a),h=f.documentElement,n=f.body,D=T(h,\"overflow\"),ra;for(a=b(a);a;a=b(a)){var q=c(a);if(\"visible\"!=q.x||\"visible\"!=\nq.y){var t=V(a);if(0==t.width||0==t.height)return W;var z=d.a\u003Ct.a,O=d.b\u003Ct.b;if(z&&\"hidden\"==q.x||O&&\"hidden\"==q.y)return W;if(z&&\"visible\"!=q.x||O&&\"visible\"!=q.y){z=e(a);O=d.b\u003Ct.b-z.y;if(d.a\u003Ct.a-z.x&&\"visible\"!=q.x||O&&\"visible\"!=q.x)return W;d=Na(a);return d==W?W:\"scroll\"}z=d.c>=t.a+t.width;t=d.f>=t.b+t.height;if(z&&\"hidden\"==q.x||t&&\"hidden\"==q.y)return W;if(z&&\"visible\"!=q.x||t&&\"visible\"!=q.y){if(ra&&(q=e(a),d.c>=h.scrollWidth-q.x||d.a>=h.scrollHeight-q.y))return W;d=Na(a);return d==W?W:\"scroll\"}}}return\"none\"}\nfunction V(a){var b=Oa(a);if(b)return b.rect;if(P(a,\"HTML\"))return a=N(a),a=((a?a.parentWindow||a.defaultView:window)||window).document,a=\"CSS1Compat\"==a.compatMode?a.documentElement:a.body,a=new M(a.clientWidth,a.clientHeight),new R(0,0,a.width,a.height);try{var c=a.getBoundingClientRect()}catch(e){return new R(0,0,0,0)}b=new R(c.left,c.top,c.right-c.left,c.bottom-c.top);C&&a.ownerDocument.body&&(a=N(a),b.a-=a.documentElement.clientLeft+a.body.clientLeft,b.b-=a.documentElement.clientTop+a.body.clientTop);\nreturn b}\nfunction Oa(a){var b=P(a,\"MAP\");if(!b&&!P(a,\"AREA\"))return null;var c=b?a:P(a.parentNode,\"MAP\")?a.parentNode:null,e=null,d=null;if(c&&c.name){e='*[usemap=\"#'+c.name+'\"]';c=N(c);var f;if(f=\"function\"!=aa(c.querySelector)&&C&&(C?0\u003C=na(I,8):Ba(8))){f=c.querySelector;var h=typeof f;f=!(\"object\"==h&&null!=f||\"function\"==h)}if(f)throw Error(\"CSS selection is not supported\");if(!e)throw new m(32,\"No selector specified\");e=u(e);try{var n=c.querySelector(e)}catch(D){throw new m(32,\"An invalid or illegal selector was specified\");}if(e=\nn&&1==n.nodeType?n:null)d=V(e),b||\"default\"==a.shape.toLowerCase()||(a=Ra(a),b=Math.min(Math.max(a.a,0),d.width),n=Math.min(Math.max(a.b,0),d.height),d=new R(b+d.a,n+d.b,Math.min(a.width,d.width-b),Math.min(a.height,d.height-n)))}return{image:e,rect:d||new R(0,0,0,0)}}\nfunction Ra(a){var b=a.shape.toLowerCase();a=a.coords.split(\",\");if(\"rect\"==b&&4==a.length){b=a[0];var c=a[1];return new R(b,c,a[2]-b,a[3]-c)}if(\"circle\"==b&&3==a.length)return b=a[2],new R(a[0]-b,a[1]-b,2*b,2*b);if(\"poly\"==b&&2\u003Ca.length){b=a[0];c=a[1];for(var e=b,d=c,f=2;f+1\u003Ca.length;f+=2)b=Math.min(b,a[f]),e=Math.max(e,a[f]),c=Math.min(c,a[f+1]),d=Math.max(d,a[f+1]);return new R(b,c,e-b,d-c)}return new R(0,0,0,0)}function Qa(a){a=V(a);return new Q(a.b,a.a+a.width,a.b+a.height,a.a)}\nfunction Pa(a){if(Ia){if(\"relative\"==T(a,\"position\"))return 1;a=T(a,\"filter\");return(a=a.match(/^alpha\\(opacity=(\\d*)\\)/)||a.match(/^progid:DXImageTransform.Microsoft.Alpha\\(Opacity=(\\d*)\\)/))?Number(a[1])/100:1}return Sa(a)}function Sa(a){var b=1,c=T(a,\"opacity\");c&&(b=Number(c));(a=S(a))&&(b*=Sa(a));return b};function Ta(a,b){function c(e){if(P(e)&&\"none\"==T(e,\"display\"))return!1;var d;if((d=e.parentNode)&&d.shadowRoot&&void 0!==e.assignedSlot)d=e.assignedSlot?e.assignedSlot.parentNode:null;else if(e.getDestinationInsertionPoints){var f=e.getDestinationInsertionPoints();0\u003Cf.length&&(d=f[f.length-1])}if(La&&d instanceof ShadowRoot){if(d.host.shadowRoot&&d.host.shadowRoot!==d)return!1;d=d.host}return!d||9!=d.nodeType&&11!=d.nodeType?d&&P(d,\"DETAILS\")&&!d.open&&!P(e,\"SUMMARY\")?!1:!!d&&c(d):!0}return U(a,\n!!b,c)}var X=[\"_\"],Y=g;X[0]in Y||\"undefined\"==typeof Y.execScript||Y.execScript(\"var \"+X[0]);for(var Z;X.length&&(Z=X.shift());)X.length||void 0===Ta?Y[Z]&&Y[Z]!==Object.prototype[Z]?Y=Y[Z]:Y=Y[Z]={}:Y[Z]=Ta;; return this._.apply(null,arguments);}).apply({navigator:typeof window!='undefined'?window.navigator:null,document:typeof window!='undefined'?window.document:null}, arguments);}).apply(null, arguments)"
}
[1762356519.008][INFO]: Waiting for pending navigations...
[1762356519.008][DEBUG]: DevTools WebSocket Command: Runtime.evaluate (id=243) (session_id=4DCB025D4F4ED801B3571B81546B2590) 63163AC2DBA8772733A5A69B0BB490D8 {
   "expression": "1"
}
[1762356519.009][DEBUG]: DevTools WebSocket Response: Runtime.evaluate (id=243) (session_id=4DCB025D4F4ED801B3571B81546B2590) 63163AC2DBA8772733A5A69B0BB490D8 {
   "result": {
      "description": "1",
      "type": "number",
      "value": 1
   }
}
[1762356519.009][INFO]: Done waiting for pending navigations. Status: ok
[1762356519.009][DEBUG]: DevTools WebSocket Command: Page.getFrameTree (id=244) (session_id=4DCB025D4F4ED801B3571B81546B2590) 63163AC2DBA8772733A5A69B0BB490D8 {
}
[1762356519.009][DEBUG]: DevTools WebSocket Response: Page.getFrameTree (id=244) (session_id=4DCB025D4F4ED801B3571B81546B2590) 63163AC2DBA8772733A5A69B0BB490D8 {
   "frameTree": {
      "frame": {
         "adFrameStatus": {
            "adFrameType": "none"
         },
         "crossOriginIsolatedContextType": "NotIsolated",
         "domainAndRegistry": "github.com",
         "gatedAPIFeatures": [  ],
         "id": "63163AC2DBA8772733A5A69B0BB490D8",
         "loaderId": "BC52F7741AFE59B6A079A84D9A41AFB1",
         "mimeType": "text/html",
         "secureContextType": "Secure",
         "securityOrigin": "https://github.com",
         "securityOriginDetails": {
            "isLocalhost": false
         },
         "url": "https://github.com/search?q=nightwatch&type=repositories"
      }
   }
}
[1762356519.009][DEBUG]: DevTools WebSocket Command: DOM.resolveNode (id=245) (session_id=4DCB025D4F4ED801B3571B81546B2590) 63163AC2DBA8772733A5A69B0BB490D8 {
   "backendNodeId": 60,
   "objectGroup": "f0ab2c08-ad40-465b-8bb5-05e474e0bf30"
}
[1762356519.009][DEBUG]: DevTools WebSocket Response: DOM.resolveNode (id=245) (session_id=4DCB025D4F4ED801B3571B81546B2590) 63163AC2DBA8772733A5A69B0BB490D8 {
   "object": {
      "className": "HTMLButtonElement",
      "description": "button.header-search-button.input-button.form-control.d-flex.flex-1.flex-self-stretch.flex-items-center.no-wrap.width-full.py-0.pl-2.pr-0.text-left.border-0.box-shadow-none",
      "objectId": "8779287950773027740.2.57",
      "subtype": "node",
      "type": "object"
   }
}
[1762356519.009][DEBUG]: DevTools WebSocket Command: Page.getFrameTree (id=246) (session_id=4DCB025D4F4ED801B3571B81546B2590) 63163AC2DBA8772733A5A69B0BB490D8 {
}
[1762356519.010][DEBUG]: DevTools WebSocket Response: Page.getFrameTree (id=246) (session_id=4DCB025D4F4ED801B3571B81546B2590) 63163AC2DBA8772733A5A69B0BB490D8 {
   "frameTree": {
      "frame": {
         "adFrameStatus": {
            "adFrameType": "none"
         },
         "crossOriginIsolatedContextType": "NotIsolated",
         "domainAndRegistry": "github.com",
         "gatedAPIFeatures": [  ],
         "id": "63163AC2DBA8772733A5A69B0BB490D8",
         "loaderId": "BC52F7741AFE59B6A079A84D9A41AFB1",
         "mimeType": "text/html",
         "secureContextType": "Secure",
         "securityOrigin": "https://github.com",
         "securityOriginDetails": {
            "isLocalhost": false
         },
         "url": "https://github.com/search?q=nightwatch&type=repositories"
      }
   }
}
[1762356519.010][DEBUG]: DevTools WebSocket Command: Runtime.callFunctionOn (id=247) (session_id=4DCB025D4F4ED801B3571B81546B2590) 63163AC2DBA8772733A5A69B0BB490D8 {
   "arguments": [ {
      "objectId": "8779287950773027740.2.57"
   } ],
   "awaitPromise": true,
   "functionDeclaration": "function(){ return (function() { // Copyright 2012 The Chromium Authors\n// Use of this source code is governed by a BSD-style license that can be\n// found in the LICENSE file.\n\n/**\n * Enum for WebD...",
   "objectGroup": "f0ab2c08-ad40-465b-8bb5-05e474e0bf30",
   "serializationOptions": {
      "serialization": "deep"
   },
   "uniqueContextId": "-8908945788913384037.-1572819235194483600"
}
[1762356519.011][DEBUG]: DevTools WebSocket Response: Runtime.callFunctionOn (id=247) (session_id=4DCB025D4F4ED801B3571B81546B2590) 63163AC2DBA8772733A5A69B0BB490D8 {
   "result": {
      "className": "Array",
      "deepSerializedValue": {
         "type": "array",
         "value": [ {
            "type": "string",
            "value": "{\"status\":0,\"value\":false}"
         } ]
      },
      "description": "Array(1)",
      "objectId": "8779287950773027740.2.58",
      "subtype": "array",
      "type": "object"
   }
}
[1762356519.011][DEBUG]: DevTools WebSocket Command: Runtime.releaseObjectGroup (id=248) (session_id=4DCB025D4F4ED801B3571B81546B2590) 63163AC2DBA8772733A5A69B0BB490D8 {
   "objectGroup": "f0ab2c08-ad40-465b-8bb5-05e474e0bf30"
}
[1762356519.011][INFO]: Waiting for pending navigations...
[1762356519.012][DEBUG]: DevTools WebSocket Command: Runtime.evaluate (id=249) (session_id=4DCB025D4F4ED801B3571B81546B2590) 63163AC2DBA8772733A5A69B0BB490D8 {
   "expression": "1"
}
[1762356519.012][DEBUG]: DevTools WebSocket Response: Runtime.releaseObjectGroup (id=248) (session_id=4DCB025D4F4ED801B3571B81546B2590) 63163AC2DBA8772733A5A69B0BB490D8 {
}
[1762356519.012][DEBUG]: DevTools WebSocket Response: Runtime.evaluate (id=249) (session_id=4DCB025D4F4ED801B3571B81546B2590) 63163AC2DBA8772733A5A69B0BB490D8 {
   "result": {
      "description": "1",
      "type": "number",
      "value": 1
   }
}
[1762356519.012][INFO]: Done waiting for pending navigations. Status: ok
[1762356519.012][INFO]: [5dd5ad9cb758ee0a51bcfe57cd02220c] RESPONSE ExecuteScript false
[1762356519.071][INFO]: [5dd5ad9cb758ee0a51bcfe57cd02220c] COMMAND Quit {
}
[1762356519.121][INFO]: [5dd5ad9cb758ee0a51bcfe57cd02220c] RESPONSE Quit
[1762356519.121][DEBUG]: Log type 'driver' lost 0 entries on destruction
[1762356519.121][DEBUG]: Log type 'browser' lost 0 entries on destruction
